year,month,city,hotel_name,total_rooms,rooms_used,occupancy_rate,avg_price,room_revenue,food_revenue,total_revenue,employees,individual_guests,group_guests,total_guests,domestic_guests,japan_guests,korea_guests,hk_mo_guests,usa_guests,domestic_ratio,international_ratio,individual_ratio,revpar,star_rank,star_rating,has_star
2023,1,南投縣,涵碧樓大飯店,96.0,2493,83.77016129032258,18112.71720818291,45155004,14757107,69352745,294,4842,496,5338,5051,27,2,14,104,0.9462345447733234,0.05376545522667664,0.9070813038591232,15173.052419354834,5.0,五星級,1
2023,1,南投縣,雲品溫泉酒店日月潭,211.0,4060,62.070019874636905,18686.97980295567,75869138,24727490,107064467,299,9505,1718,11223,10656,24,0,5,195,0.9494787489975942,0.05052125100240579,0.8469215004900651,11599.012077663969,5.0,五星級,1
2023,1,台中市,全國大飯店,178.0,2610,47.29974628488583,2948.912643678161,7696662,9407908,18612079,59,5134,498,5632,5064,221,58,7,154,0.8991477272727273,0.10085227272727271,0.9115767045454546,1394.8281986226896,5.0,五星級,1
2023,1,台中市,台中港酒店,200.0,3987,64.30645161290323,3886.668171557562,15496146,3736910,20698559,104,7499,423,7922,5745,330,110,15,117,0.7251956576622065,0.2748043423377935,0.9466043928300935,2499.378387096774,3.0,三星級,1
2023,1,台中市,台中福華大飯店,155.0,3900,81.16545265348594,4164.163076923077,16240236,26161260,45392327,170,8160,319,8479,7075,105,172,14,229,0.8344144356645831,0.16558556433541693,0.9623776388725086,3379.8618106139434,5.0,五星級,1
2023,1,台中市,台中金典酒店,222.0,4848,70.44463818657367,4085.59694719472,19806974,34063490,68670659,271,8675,2540,11215,10245,317,57,24,161,0.9135086937137762,0.08649130628622381,0.7735176103432903,2878.08398721302,5.0,五星級,1
2023,1,台中市,海灣藝術酒店,226.0,0,0.0,,0,0,0,33,0,0,0,0,0,0,0,0,,,,,,無星等/未評鑑,0
2023,1,台中市,裕元花園酒店,149.0,3801,82.29053907772244,4430.833991054986,16841600,41127153,64359047,260,6434,460,6894,6146,72,89,25,190,0.8914998549463301,0.1085001450536699,0.9332753118653901,3646.157176878112,5.0,五星級,1
2023,1,台中市,長榮桂冠酒店(台中),354.0,7033,64.08784399489703,3684.754443338547,25914878,51695197,84914782,253,6565,468,7033,6101,208,46,9,200,0.8674818711787289,0.13251812882127112,0.933456561922366,2361.479679241844,5.0,五星級,1
2023,1,台中市,龍谷大飯店,189.0,2092,35.70575183478409,2694.418260038241,5636723,1486310,7510426,41,4432,1066,5498,5492,0,0,4,0,0.9989086940705711,0.001091305929428854,0.8061113132048018,962.0622973203617,,無星等/未評鑑,0
2023,1,台北市,JR東日本大飯店台北,288.0,5914,66.2410394265233,5319.52806898884,31459689,27526349,63259394,243,10865,743,11608,7779,1131,543,223,826,0.6701412818745692,0.32985871812543077,0.9359924190213645,3523.7106854838707,4.0,四星級,1
2023,1,台北市,三德大飯店,287.0,1758,19.75946948409576,2201.828213879408,3870814,76881,4934660,54,2490,0,2490,958,368,163,70,98,0.38473895582329315,0.6152610441767068,1.0,435.0695740137123,3.0,三星級,1
2023,1,台北市,亞都麗緻大飯店,219.0,1513,22.28605096479599,5486.220753469927,8300652,24481908,72568188,174,1800,0,1800,1074,161,51,21,139,0.5966666666666667,0.4033333333333333,1.0,1222.6619531595225,4.0,四星級,1
2023,1,台北市,兄弟大飯店,250.0,3154,40.69677419354839,3431.752060875079,10823746,73003819,91633936,450,3634,1532,5166,3827,420,70,19,242,0.740805265195509,0.25919473480449096,0.7034456058846302,1396.6123870967745,4.0,四星級,1
2023,1,台北市,北投老爺酒店,50.0,1210,78.06451612903226,8731.985950413224,10565703,4303713,17382699,55,2742,35,2777,2540,38,44,18,47,0.9146561037090385,0.08534389629096151,0.9873964710118833,6816.582580645161,4.0,四星級,1
2023,1,台北市,北投麗禧溫泉酒店,66.0,1837,89.78494623655914,17476.05606967882,32103515,16293121,58994755,158,2583,113,2696,2363,28,36,18,121,0.8764836795252225,0.12351632047477745,0.9580860534124629,15690.867546432059,4.0,四星級,1
2023,1,台北市,台北W飯店,392.0,7690,63.28176431863067,8566.737061118336,65878208,51285825,131554265,365,14057,336,14393,5984,465,382,646,3567,0.41575765997359826,0.5842423400264017,0.9766553185576322,5421.182356813693,5.0,五星級,1
2023,1,台北市,台北中山雅樂軒酒店,88.0,1633,59.860703812316714,4018.289650949173,6561867,185155,7526867,34,2729,0,2729,951,146,38,247,787,0.34847929644558445,0.6515207035544155,1.0,2405.37646627566,,無星等/未評鑑,0
2023,1,台北市,台北凱撒大飯店,478.0,9165,61.85045215278715,2662.404037097654,24400933,20110186,47076792,132,17641,603,18244,10229,2124,2098,212,645,0.5606774830081123,0.43932251699188773,0.9669480377110283,1646.708935078958,4.0,四星級,1
2023,1,台北市,台北君品大酒店,286.0,4458,50.281976088427704,4815.988559892328,21469677,54359866,80543227,315,7923,505,8428,5594,535,445,220,400,0.6637399145704793,0.3362600854295207,0.9400806834361651,2421.5742161064745,5.0,五星級,1
2023,1,台北市,台北君悅酒店,850.0,15639,59.35104364326376,5505.215295095594,86096062,124956004,244241939,524,24784,4506,29290,12354,483,1597,425,8672,0.42178217821782177,0.5782178217821783,0.8461590986684875,3267.4027324478175,5.0,五星級,1
2023,1,台北市,台北寒舍喜來登大飯店,688.0,10070,47.21492873218305,4277.434458788481,43073765,151606872,216300444,750,16293,2043,18336,9623,913,652,467,3509,0.524814572425829,0.47518542757417104,0.8885798429319371,2019.5876312828207,5.0,五星級,1
2023,1,台北市,台北寒舍艾美酒店,160.0,3120,62.903225806451616,9137.743269230768,28509759,92180229,132325515,337,4824,179,5003,2763,101,56,287,872,0.55226863881671,0.44773136118329004,0.9642214671197281,5747.935282258064,5.0,五星級,1
2023,1,台北市,台北美福大飯店,146.0,2379,52.56296950950067,6866.448087431694,16335280,116959099,144293733,368,5452,25,5477,4400,81,372,55,223,0.8033595033777615,0.19664049662223848,0.9954354573671718,3609.209014582413,6.0,卓越五星,1
2023,1,台北市,台北花園大酒店,241.0,4576,61.250167313612636,3079.733173076923,14092859,29138713,46615732,145,9129,329,9458,5430,153,1333,122,170,0.5741171495030661,0.42588285049693386,0.9652146331148235,1886.3417213224466,4.0,四星級,1
2023,1,台北市,台北萬豪酒店,318.0,7677,77.87583688374924,5510.997525074899,42307928,111019493,178102635,480,9653,3297,12950,7090,144,1174,226,2671,0.5474903474903475,0.45250965250965247,0.7454054054054055,4291.735443294787,5.0,五星級,1
2023,1,台北市,台北遠東香格里拉,420.0,8393,64.46236559139786,5864.034671750268,49216843,89090628,155513078,473,12716,2422,15138,6612,225,398,544,3826,0.4367816091954023,0.5632183908045977,0.8400052847139649,3780.0954685099846,5.0,五星級,1
2023,1,台北市,合尊酒店 S Hotel,101.0,1383,44.171191312679646,2775.013015184382,3837843,1197785,5594801,39,2070,404,2474,1605,22,20,98,155,0.64874696847211,0.35125303152789,0.8367016976556184,1225.7563078888531,,無星等/未評鑑,0
2023,1,台北市,國王大飯店,97.0,990,32.92317924842035,2170.214141414142,2148512,200219,2368744,47,693,297,990,741,202,16,1,11,0.7484848484848485,0.25151515151515147,0.7,714.5034918523446,3.0,三星級,1
2023,1,台北市,國聯大飯店,243.0,1506,19.992035045798488,2588.348605577689,3898053,40415,4352241,37,1279,1027,2306,1829,28,79,7,69,0.7931483087597572,0.20685169124024283,0.5546400693842151,517.463560334528,4.0,四星級,1
2023,1,台北市,圓山大飯店,473.0,7409,50.52854122621564,4461.636928060467,33056268,90076991,141529649,558,12363,4328,16691,14421,588,481,43,484,0.863998562099335,0.136001437900665,0.7406985800730933,2254.400054559094,5.0,五星級,1
2023,1,台北市,天成大飯店,225.0,4375,62.72401433691756,3132.933028571429,13706582,50077655,68882779,253,8670,207,8877,3989,876,1553,85,417,0.4493635237129661,0.5506364762870339,0.976681311253802,1965.1013620071687,4.0,四星級,1
2023,1,台北市,寒舍艾麗酒店,235.0,4392,60.28826355525051,5637.134107468124,24758293,22278327,52321343,177,4232,206,4438,2768,43,94,260,274,0.6237043713384407,0.3762956286615593,0.953582694907616,3398.5302676733013,5.0,五星級,1
2023,1,台北市,日勝生加賀屋國際溫泉飯店,89.0,1179,42.7328742297934,23603.55470737913,27828591,15693409,57733818,135,3711,380,4091,3865,43,21,14,64,0.9447567831825959,0.05524321681740407,0.9071131752627719,10086.477346864805,,無星等/未評鑑,0
2023,1,台北市,晶華酒店,538.0,11858,71.09965223647919,5289.507336819025,62722978,196448284,286214231,972,19968,3674,23642,17371,1641,937,265,1377,0.7347517130530412,0.2652482869469588,0.8445985957194823,3760.8213215013784,5.0,五星級,1
2023,1,台北市,歐華酒店,112.0,1010,29.089861751152068,3289.932673267327,3322832,7900406,12333092,98,1833,180,2013,1310,268,111,10,106,0.6507699950322902,0.34923000496770984,0.910581222056632,957.0368663594469,4.0,四星級,1
2023,1,台北市,漢普頓酒店,129.0,2207,55.18879719929982,2382.048482102402,5257181,534860,7253228,37,3865,272,4137,3175,377,67,16,119,0.7674643461445492,0.23253565385545083,0.9342518733381677,1314.6239059764944,,無星等/未評鑑,0
2023,1,台北市,福容大飯店  台北一館,120.0,2001,53.79032258064517,2922.458770614693,5847840,15861926,22425547,74,2701,477,3178,1837,53,69,11,153,0.57803650094399,0.42196349905601005,0.8499056010069226,1572.0000000000002,4.0,四星級,1
2023,1,台北市,福華大飯店,606.0,7052,37.53859256893431,4603.09132161089,32461000,75413000,123267000,532,13422,197,13619,8850,419,642,30,1294,0.6498274469491152,0.3501725530508848,0.9855349144577429,1727.935696795486,5.0,五星級,1
2023,1,台北市,第一大飯店,176.0,1504,27.56598240469208,1773.367021276596,2667144,6850690,30338871,34,478,3652,4130,1204,2061,67,7,54,0.29152542372881357,0.7084745762711864,0.11573849878934625,488.8460410557185,4.0,四星級,1
2023,1,台北市,美麗信花園酒店,203.0,856,13.60241538217067,2181.829439252337,1867646,828034,3978741,123,1604,304,1908,1598,13,66,0,46,0.8375262054507338,0.16247379454926625,0.8406708595387841,296.781503257588,,無星等/未評鑑,0
2023,1,台北市,義華酒店,149.0,1590,34.4230352890236,4059.278616352201,6454253,211441,7465096,13,2763,196,2959,2105,80,124,14,292,0.7113889827644474,0.2886110172355526,0.9337614058803649,1397.3269105867073,,無星等/未評鑑,0
2023,1,台北市,老爺大酒店,202.0,4849,77.43532417757905,4310.723035677459,20902696,38670382,65873437,224,7578,654,8232,4471,2208,81,57,411,0.5431243926141885,0.45687560738581146,0.9205539358600583,3338.022357074417,5.0,五星級,1
2023,1,台北市,豪景大酒店,217.0,0,0.0,,0,0,245000,16,0,0,0,0,0,0,0,0,,,,,3.0,三星級,1
2023,1,台北市,雀客旅館台北南京,56.0,1107,63.76728110599078,2619.887082204155,2900215,0,2900215,24,687,0,687,673,2,2,0,0,0.9796215429403202,0.020378457059679778,1.0,1670.6307603686632,,無星等/未評鑑,0
2023,1,台北市,雀客藏居台北陽明山,50.0,920,59.354838709677416,6332.530434782609,5825928,3433327,10091329,8,1840,0,1840,1780,10,10,0,30,0.967391304347826,0.03260869565217395,1.0,3758.6632258064515,3.0,三星級,1
2023,1,台南市,台南大員皇冠假日酒店,231.0,5266,73.53721547269934,6129.306684390429,32276929,27354670,65682969,214,8735,1251,9986,8321,27,43,13,267,0.8332665732024834,0.16673342679751657,0.8747246144602443,4507.321463482754,5.0,五星級,1
2023,1,台南市,台南大飯店,152.0,2631,55.83616298811545,3195.669707335614,8407807,20489837,30046355,128,5013,50,5063,4396,190,97,26,42,0.8682599249456844,0.13174007505431562,0.9901244321548489,1784.3393463497455,3.0,三星級,1
2023,1,台南市,台南遠東香格里拉,330.0,8475,82.84457478005865,6109.585840707965,51778740,38187943,102563599,504,13329,706,14035,9102,243,400,20,1663,0.6485215532597078,0.35147844674029216,0.94969718560741,5061.460410557185,5.0,五星級,1
2023,1,台南市,台糖長榮酒店(台南),197.0,4340,71.06598984771574,4601.133870967742,19968921,29290994,50761717,158,8285,1290,9575,8895,195,20,23,59,0.9289817232375979,0.07101827676240213,0.8652741514360314,3269.841329621746,5.0,五星級,1
2023,1,台南市,趣淘漫旅,198.0,3393,55.278592375366564,5306.24196875921,18004079,3415029,23491032,98,8115,1937,10052,10036,0,0,0,0,0.9984082769598089,0.001591723040191062,0.8073020294468762,2933.2158683610296,3.0,三星級,1
2023,1,台南市,遠百企業觀光旅館,40.0,80,6.451612903225806,500.0,40000,0,40000,23,80,0,80,80,0,0,0,0,1.0,0.0,1.0,32.25806451612903,,無星等/未評鑑,0
2023,1,台東縣,台東桂田喜來登酒店,290.0,3940,43.82647385984427,6397.13578680203,25204715,18733860,45481870,167,8142,1758,9900,9719,2,2,8,75,0.9817171717171718,0.018282828282828234,0.8224242424242424,2803.639043381535,5.0,五星級,1
2023,1,台東縣,娜路彎大酒店,292.0,4870,53.80026513477685,8730.956878850102,42519760,16118877,69013160,176,14766,246,15012,14996,0,0,2,0,0.9989341859845456,0.0010658140154543583,0.9836131095123901,4697.277949624393,5.0,五星級,1
2023,1,台東縣,樂樂日暉溫泉酒店,48.0,741,49.798387096774185,2500.252361673414,1852687,0,1852687,9,1485,0,1485,1485,0,0,0,0,1.0,0.0,1.0,1245.0853494623652,,無星等/未評鑑,0
2023,1,台東縣,知本老爺大酒店,182.0,4671,82.78979085430699,7720.472275743952,36062326,14655747,58103869,206,10629,948,11577,11524,4,2,10,0,0.9954219573291871,0.004578042670812854,0.9181135009069707,6391.762850053173,5.0,五星級,1
2023,1,嘉義市,耐斯王子大飯店,245.0,4018,52.903225806451616,4016.617471378795,16138769,16843513,35693829,140,8249,4176,12425,12102,35,189,0,5,0.9740040241448692,0.025995975855130804,0.6639034205231389,2124.9202106649113,5.0,五星級,1
2023,1,嘉義市,鈺通大飯店,120.0,2030,54.56989247311827,2518.630541871921,5112820,8026206,13182878,54,2613,1320,3933,3928,0,0,0,3,0.9987287058225274,0.001271294177472626,0.6643783371472158,1374.4139784946235,3.0,三星級,1
2023,1,嘉義縣,名都觀光渡假大飯店,97.0,843,28.03458596607915,3905.493475682088,3292331,2493804,5905242,55,2236,692,2928,2928,0,0,0,0,1.0,0.0,0.7636612021857924,1094.8889258397073,3.0,三星級,1
2023,1,嘉義縣,阿里山賓館(歷史館),35.0,411,37.88018433179723,11382.88321167883,4678365,0,4678365,11,824,353,1177,1148,1,0,0,13,0.9753610875106202,0.024638912489379772,0.7000849617672048,4311.857142857142,4.0,四星級,1
2023,1,嘉義縣,阿里山賓館(現代館),104.0,1994,61.848635235732004,11455.07923771314,22841428,9190816,33289985,116,4021,1723,5744,5606,3,2,0,63,0.975974930362117,0.02402506963788298,0.7000348189415042,7084.81017369727,4.0,四星級,1
2023,1,基隆市,長榮桂冠酒店(基隆),140.0,2649,61.036866359447004,4570.243865609664,12106576,7954354,23789878,89,6036,335,6371,6105,25,14,27,25,0.9582483126667714,0.04175168733322865,0.947417987757024,2789.5336405529947,5.0,五星級,1
2023,1,宜蘭縣,凱渡廣場酒店,285.0,118,1.335597057159027,9890.449152542373,1167073,199320,1436793,77,318,0,318,318,0,0,0,0,1.0,0.0,1.0,132.09654782116587,,無星等/未評鑑,0
2023,1,宜蘭縣,山泉大飯店,146.0,2266,50.06628369421122,2688.80052956752,6092822,827281,7284319,37,3026,2095,5121,4455,0,0,552,0,0.8699472759226714,0.1300527240773286,0.5909002148017966,1346.182501104728,3.0,三星級,1
2023,1,宜蘭縣,幼獅大飯店,53.0,312,18.98965307364577,1973.717948717949,615800,0,647800,9,102,82,184,184,0,0,0,0,1.0,0.0,0.5543478260869565,374.8021911138162,3.0,三星級,1
2023,1,宜蘭縣,悅川酒店,103.0,2131,66.73974318822424,5279.515720319099,11250648,8310334,19560982,92,1492,639,2131,2131,0,0,0,0,1.0,0.0,0.7001407789770061,3523.5352333228934,4.0,四星級,1
2023,1,宜蘭縣,礁溪老爺大酒店,197.0,5374,87.99738005567382,10963.99683662077,58920519,30615796,104152530,327,12637,1736,14373,14170,20,7,44,40,0.9858762958324636,0.014123704167536388,0.8792179781534822,9648.029965613234,5.0,五星級,1
2023,1,宜蘭縣,綠舞國際觀光飯店,113.0,1662,47.44504710248358,9600.148014440434,15955446,7413209,28947378,306,3041,2028,5069,5069,0,0,0,0,1.0,0.0,0.5999210889721839,4554.794747359406,4.0,四星級,1
2023,1,宜蘭縣,蘭城晶英酒店,193.0,5203,86.96306200902558,11969.30886027292,62276314,70631635,147533377,361,18797,965,19762,19493,37,4,21,64,0.986388017407145,0.01361198259285501,0.9511689100293492,10408.877486210933,5.0,五星級,1
2023,1,宜蘭縣,長榮鳳凰酒店(礁溪),231.0,4640,64.79541963412932,9335.839439655172,43318295,23405289,75017461,253,9409,3583,12992,12772,28,134,0,50,0.9830665024630542,0.01693349753694584,0.7242149014778325,6049.196341293115,5.0,五星級,1
2023,1,屏東縣,凱撒大飯店,281.0,5578,64.03398002525542,9396.031193976336,52411062,8359585,63389122,219,14116,1238,15354,15192,10,36,6,55,0.9894490035169988,0.010550996483001174,0.9193695453953368,6016.652737917575,5.0,五星級,1
2023,1,屏東縣,墾丁怡灣渡假酒店,234.0,2992,41.246208988144474,5141.120320855615,15382232,359025,16564698,61,5953,2005,7958,4568,0,0,0,0,0.5740135712490575,0.4259864287509425,0.7480522744408142,2120.5172318720706,3.0,三星級,1
2023,1,屏東縣,墾丁福華渡假飯店,458.0,7110,50.07747570080293,6137.493952180028,43637582,10968958,56132087,252,15389,3935,19324,19090,32,50,5,29,0.9878907058580004,0.012109294141999571,0.7963672117574001,3073.502042541203,5.0,五星級,1
2023,1,新北市,大板根渡假酒店,95.0,2653,90.0848896434635,8327.863550697324,22093822,24972564,70442333,214,5659,2300,7959,7959,0,0,0,0,1.0,0.0,0.7110189722326925,7502.146689303905,4.0,四星級,1
2023,1,新北市,板橋凱撒大飯店,400.0,9603,77.44354838709677,3711.001353743622,35636746,15848138,51570581,161,18530,1582,20112,15252,392,1613,119,425,0.7583532219570406,0.24164677804295942,0.9213404932378679,2873.931129032258,5.0,五星級,1
2023,1,新北市,瓏山林台北中和飯店,126.0,1247,31.9252432155658,2463.285485164395,3071717,4228562,8332025,77,2581,40,2621,2175,17,44,11,0,0.8298359404807325,0.1701640595192675,0.9847386493704693,786.4098822324631,3.0,三星級,1
2023,1,新北市,碧特弗大飯店,55.0,337,19.76539589442815,2703.415430267062,911051,497258,1408309,17,328,213,541,514,2,0,0,9,0.9500924214417745,0.049907578558225474,0.6062846580406654,534.340762463343,,無星等/未評鑑,0
2023,1,新北市,福容大飯店    淡水漁人碼頭,198.0,3644,59.36787227109808,5580.493962678375,20335320,33084904,58321123,150,5228,4412,9640,9360,5,8,22,92,0.970954356846473,0.02904564315352698,0.5423236514522821,3313.0205278592375,4.0,四星級,1
2023,1,新北市,福容大飯店 福隆,174.0,1570,29.10641453466815,6599.5025477707,10361219,6051417,18144774,131,3235,776,4011,3999,0,0,0,3,0.9970082273747195,0.0029917726252804977,0.806532036898529,1920.878568780126,3.0,三星級,1
2023,1,新北市,美麗春天大飯店,34.0,0,0.0,,0,0,0,3,0,0,0,0,0,0,0,0,,,,,,無星等/未評鑑,0
2023,1,新竹市,新竹國賓大飯店,257.0,4393,55.13995230325091,4260.55998178921,18716640,49865571,76866619,285,7269,1243,8512,6998,104,377,46,340,0.8221334586466166,0.17786654135338342,0.8539708646616542,2349.270741809966,4.0,四星級,1
2023,1,新竹市,新竹老爺大酒店,208.0,4070,63.12034739454094,3534.370515970516,14384888,23813666,39644827,172,1354,6446,7800,6460,432,131,0,387,0.8282051282051283,0.17179487179487174,0.17358974358974358,2230.9069478908186,4.0,四星級,1
2023,1,新竹縣,新竹喜來登大飯店,386.0,9320,77.88734748453953,3995.762768240343,37240509,54525788,101801374,270,13026,2700,15726,11275,182,528,34,2102,0.7169655347831616,0.2830344652168384,0.8283098054177794,3112.1936319572123,4.0,四星級,1
2023,1,新竹縣,豐邑喜來登大飯店,384.0,2330,19.57325268817204,3995.762660944206,9310127,4285294,15650868,95,3257,675,3932,2819,46,132,9,525,0.7169379450661241,0.28306205493387593,0.8283316378433367,782.1007224462364,4.0,四星級,1
2023,1,桃園市,南方莊園渡假飯店,111.0,2065,60.01162452775356,7663.437772397095,15824999,21917385,41831564,103,3892,1379,5271,5250,6,4,4,0,0.9960159362549801,0.003984063745019917,0.7383798140770252,4598.9535018889865,4.0,四星級,1
2023,1,桃園市,古華花園飯店,255.0,6223,78.72232764073371,2899.114574963844,18041190,10354296,32781740,150,11515,56,11571,9618,334,123,127,236,0.8312159709618875,0.16878402903811252,0.9951603145795523,2282.250474383302,3.0,三星級,1
2023,1,桃園市,台北諾富特華航桃園機場飯店,476.0,7148,48.441312008674444,4149.745803021824,29662383,18904528,49959459,226,11120,233,11353,6278,421,254,52,881,0.5529815907689597,0.4470184092310403,0.979476790275698,2010.1913120086747,4.0,四星級,1
2023,1,桃園市,名人堂花園大飯店,128.0,2714,68.39717741935483,7150.490420044215,19406431,33192308,64987853,409,7929,450,8379,8296,20,0,0,42,0.990094283327366,0.009905716672633957,0.9462943071965628,4890.733618951613,,無星等/未評鑑,0
2023,1,桃園市,和逸飯店桃園青埔館,218.0,6758,100.0,4375.77286179343,29571473,0,30289995,176,11283,0,11283,10797,29,44,30,0,0.9569263493751662,0.043073650624833815,1.0,4375.77286179343,4.0,四星級,1
2023,1,桃園市,尊爵大飯店,218.0,2222,32.87955016277005,2883.393339333933,6406900,15293466,22572444,80,1549,1401,2950,1092,86,453,6,92,0.3701694915254237,0.6298305084745763,0.5250847457627119,948.0467593962709,3.0,三星級,1
2023,1,桃園市,尊爵天際大飯店,250.0,2451,31.6258064516129,2686.226030191759,6583940,4750297,11700690,64,1729,2161,3890,1012,111,616,0,124,0.2601542416452442,0.7398457583547557,0.44447300771208226,849.5406451612904,3.0,三星級,1
2023,1,桃園市,桃園喜來登酒店,189.0,1672,28.53729305342209,3916.955741626794,6549150,13447083,21330611,127,3208,68,3276,1903,68,41,32,664,0.5808913308913309,0.41910866910866906,0.9792429792429792,1117.7931387608808,4.0,四星級,1
2023,1,桃園市,福容大飯店   桃園,182.0,3914,69.37256292095002,2753.981604496679,10779084,83504270,94499593,64,4600,785,5385,2558,317,193,5,115,0.47502321262766944,0.5249767873723306,0.8542246982358404,1910.5076214108476,3.0,三星級,1
2023,1,澎湖縣,寶華大飯店,74.0,58,2.528334786399302,1528.844827586207,88673,0,90673,14,95,10,105,103,0,0,0,2,0.9809523809523809,0.01904761904761909,0.9047619047619048,38.6543156059285,,無星等/未評鑑,0
2023,1,澎湖縣,澎湖福朋喜來登酒店,331.0,2491,24.276386317123087,2763.216378964271,6883172,13816418,22701889,189,6266,434,6700,6546,8,4,0,16,0.9770149253731343,0.02298507462686572,0.9352238805970149,670.8090829353863,5.0,五星級,1
2023,1,花蓮縣,太魯閣晶英酒店,160.0,3691,74.41532258064515,13533.42833920347,49951884,12949898,70844929,190,8027,2675,10702,10533,5,7,0,44,0.9842085591478228,0.015791440852177208,0.7500467202392076,10070.94435483871,5.0,五星級,1
2023,1,花蓮縣,東旭觀海酒店,168.0,862,16.551459293394778,4531.455916473318,3906115,450889,4357004,27,1424,889,2313,2313,0,0,0,0,1.0,0.0,0.6156506701253783,750.0220814132106,,無星等/未評鑑,0
2023,1,花蓮縣,瑞穗天合國際觀光酒店,198.0,3305,53.84490061909417,19347.94795763994,63944968,6452255,72270355,220,8196,2075,10271,10204,17,1,7,5,0.9934767792814722,0.006523220718527845,0.7979748807321585,10417.883349625285,5.0,五星級,1
2023,1,花蓮縣,美侖大飯店,299.0,3342,36.05566943575358,6457.350987432675,21580467,6055013,29954376,207,8742,538,9280,8997,24,22,0,160,0.9695043103448275,0.030495689655172464,0.9420258620689655,2328.2411263350946,5.0,五星級,1
2023,1,花蓮縣,花蓮翰品酒店,156.0,1368,28.287841191067,5333.964912280701,7296864,8409544,16227170,92,3764,426,4190,4123,28,0,6,5,0.9840095465393794,0.015990453460620557,0.8983293556085918,1508.863523573201,,無星等/未評鑑,0
2023,1,花蓮縣,遠雄悅來大飯店,381.0,5970,50.54610109220219,7295.053768844221,43551471,22829424,74448498,341,11048,4944,15992,15935,10,0,4,8,0.9964357178589295,0.0035642821410705183,0.6908454227113556,3687.3652527305057,5.0,五星級,1
2023,1,苗栗縣,馥藝金鬱金香酒店,191.0,3442,58.13207228508698,3531.787042417199,12156411,5881671,18388101,82,7906,758,8664,8567,5,1,32,2,0.9888042474607571,0.011195752539242876,0.9125115420129271,2053.1009964533014,3.0,三星級,1
2023,1,金門縣,陸島酒店,47.0,157,10.77556623198353,1665.222929936306,261440,28560,290000,11,20,337,357,357,0,0,0,0,1.0,0.0,0.056022408963585436,179.43719972546336,,無星等/未評鑑,0
2023,1,高雄市,寒軒國際大飯店,375.0,6247,53.737634408602155,3104.112213862654,19391389,24511811,44937263,194,9354,2852,12206,10899,571,158,35,106,0.8929215140095035,0.10707848599049652,0.7663444207766672,1668.0764731182796,5.0,五星級,1
2023,1,高雄市,承攜行旅 高雄六合館,269.0,2528,30.31538553783427,2466.087816455696,6234270,0,6234270,33,6942,562,7504,7469,0,0,35,0,0.9953358208955224,0.004664179104477584,0.9251066098081023,747.6040292601032,,無星等/未評鑑,0
2023,1,高雄市,晶英國際行館,147.0,1459,32.016677638797454,11415.66072652502,16655449,17964434,37644013,208,3026,41,3067,2892,17,7,6,77,0.9429409846755787,0.05705901532442126,0.9866318878382785,3654.915295150319,4.0,四星級,1
2023,1,高雄市,漢來大飯店,535.0,7834,47.2354537232439,5388.012764871075,42209692,106017978,193462588,767,14712,1397,16109,13598,367,234,75,387,0.8441244025079149,0.15587559749208513,0.9132782916382146,2545.052276153151,5.0,五星級,1
2023,1,高雄市,福容大飯店 高雄,250.0,3583,46.23225806451613,4345.117220206531,15568555,1817334,17393377,71,6065,1997,8062,7113,111,9,10,37,0.8822872736293723,0.11771272637062768,0.7522947159513769,2008.845806451613,3.0,三星級,1
2023,1,高雄市,義大皇家酒店,656.0,10392,51.1014948859166,4703.085450346421,48874464,33764314,86538268,392,16966,9963,26929,26767,6,70,9,0,0.9939841806231201,0.006015819376879894,0.6300271083218835,2403.346970889064,4.0,四星級,1
2023,1,高雄市,高雄國賓大飯店,453.0,6433,45.80930000712098,3370.426239701539,21681952,33473148,56787432,218,12302,2064,14366,12846,448,233,37,164,0.8941946262007517,0.10580537379924826,0.8563274397883892,1543.9686676636047,5.0,五星級,1
2023,1,高雄市,高雄圓山大飯店,105.0,1898,58.31029185867895,3986.013698630137,7565454,18516378,28523369,132,4433,704,5137,5080,4,10,0,3,0.9889040295892544,0.011095970410745615,0.8629550321199143,2324.2562211981563,5.0,五星級,1
2023,1,高雄市,高雄福華大飯店,271.0,5170,61.540292822283064,3886.829013539652,20094906,34538450,58190478,280,10337,1776,12113,9642,790,353,38,108,0.7960042929084454,0.20399570709155457,0.853380665400809,2391.965956433758,5.0,五星級,1
2023,1,高雄市,高雄萬豪酒店,700.0,12271,56.54838709677419,6123.916469725369,75146579,109681118,201949314,647,24710,2006,26716,21901,151,330,189,2229,0.8197709237909867,0.1802290762090133,0.9249139092678544,3462.9759907834105,5.0,五星級,1
2023,1,高雄市,麗尊大酒店,188.0,3059,52.48798901853123,3525.0,10782975,20287013,32091517,166,5527,474,6001,5627,208,20,6,46,0.9376770538243626,0.062322946175637384,0.9210131644725879,1850.2016129032259,3.0,三星級,1
2023,2,南投縣,涵碧樓大飯店,96.0,2172,80.80357142857143,17784.23342541436,38627355,10369561,54792984,293,3765,749,4514,4195,38,13,22,131,0.9293309703145769,0.0706690296854231,0.8340717766947275,14370.295758928569,5.0,五星級,1
2023,2,南投縣,雲品溫泉酒店日月潭,211.0,4238,71.73324306025728,14201.80816422841,60187263,22802322,88242253,289,8262,2872,11134,10593,10,0,6,208,0.95141009520388,0.04858990479612002,0.7420513741692114,10187.417569397428,5.0,五星級,1
2023,2,台中市,全國大飯店,178.0,3045,61.09550561797753,2154.372085385879,6560063,3951750,12126863,62,4595,1117,5712,4767,399,56,13,102,0.8345588235294118,0.1654411764705882,0.8044467787114846,1316.2245184590693,5.0,五星級,1
2023,2,台中市,台中港酒店,200.0,4225,75.44642857142857,3131.421301775148,13230255,2683718,17290801,99,6959,410,7369,4327,817,93,12,94,0.5871895779617315,0.41281042203826845,0.9443615144524359,2362.545535714286,3.0,三星級,1
2023,2,台中市,台中福華大飯店,155.0,3770,86.8663594470046,3143.44774535809,11850798,12870521,27131840,174,7039,439,7478,5862,158,105,16,225,0.7838994383525006,0.21610056164749936,0.9412944637603637,2730.5986175115204,5.0,五星級,1
2023,2,台中市,台中金典酒店,222.0,4850,78.02445302445302,3038.920206185567,14738763,21662093,46227179,269,5649,3410,9059,7595,680,180,29,176,0.838392758582625,0.16160724141737504,0.623578761452699,2371.100868725869,5.0,五星級,1
2023,2,台中市,海灣藝術酒店,226.0,0,0.0,,0,0,0,33,0,0,0,0,0,0,0,0,,,,,,無星等/未評鑑,0
2023,2,台中市,裕元花園酒店,149.0,3608,86.48130393096835,3641.232815964523,13137568,21498751,39109750,273,5371,363,5734,4710,180,78,39,129,0.8214161144053017,0.1785838855946983,0.9366934077432857,3148.9856184084365,5.0,五星級,1
2023,2,台中市,長榮桂冠酒店(台中),354.0,7053,71.15617433414043,2638.168580745782,18607003,22167658,45940429,251,5814,1239,7053,5302,345,92,11,361,0.7517368495675599,0.24826315043244007,0.8243300723096555,1877.219834543987,5.0,五星級,1
2023,2,台中市,龍谷大飯店,189.0,1972,37.26379440665155,2029.642494929006,4002455,1038321,5352427,39,1340,3460,4800,4782,4,0,6,2,0.99625,0.003750000000000031,0.2791666666666667,756.3218065003779,,無星等/未評鑑,0
2023,2,台北市,JR東日本大飯店台北,288.0,5940,73.66071428571429,4767.997474747474,28321905,17010945,49318575,239,11245,212,11457,5479,2095,1091,307,793,0.47822292048529286,0.5217770795147072,0.9814960286287859,3512.1409970238096,4.0,四星級,1
2023,2,台北市,三德大飯店,287.0,2270,28.247884519661532,2042.281497797357,4635979,113261,7623670,54,3043,42,3085,1165,642,224,66,178,0.37763371150729336,0.6223662884927066,0.9863857374392221,576.9013190642113,3.0,三星級,1
2023,2,台北市,亞都麗緻大飯店,219.0,2209,36.024135681669925,4480.630149388864,9897712,15453270,28913515,185,2452,0,2452,1243,354,64,45,200,0.5069331158238173,0.4930668841761827,1.0,1614.108284409654,4.0,四星級,1
2023,2,台北市,兄弟大飯店,250.0,3401,48.58571428571429,3453.636283446045,11745817,46295507,63218409,450,3558,1467,5025,3063,788,140,57,253,0.6095522388059702,0.3904477611940298,0.7080597014925373,1677.9738571428572,4.0,四星級,1
2023,2,台北市,北投老爺酒店,50.0,1122,80.14285714285714,6965.347593582887,7815120,3516235,13481270,55,2320,186,2506,2289,18,71,34,28,0.9134078212290503,0.08659217877094971,0.9257781324820431,5582.228571428571,4.0,四星級,1
2023,2,台北市,北投麗禧溫泉酒店,66.0,1436,77.7056277056277,16595.94359331476,23831775,7903004,44223386,154,2187,339,2526,2061,40,122,33,92,0.815914489311164,0.18408551068883605,0.8657957244655582,12895.982142857141,4.0,四星級,1
2023,2,台北市,台北W飯店,402.0,8856,78.67803837953092,8461.270551038844,74933012,41935008,130709739,358,12920,859,13779,4327,526,349,945,3698,0.3140285942376079,0.685971405762392,0.9376587560780898,6657.161691542289,5.0,五星級,1
2023,2,台北市,台北中山雅樂軒酒店,88.0,2013,81.69642857142857,3951.765027322404,7954903,262375,9221523,38,2013,0,2013,524,207,83,97,535,0.26030799801291604,0.739692001987084,1.0,3228.4508928571427,,無星等/未評鑑,0
2023,2,台北市,台北凱撒大飯店,478.0,10308,77.01733413030483,2706.253686457121,27896063,13324228,43788989,123,17993,1920,19913,9308,3523,3087,218,654,0.4674333350072817,0.5325666649927183,0.90358057550344,2084.284444112373,4.0,四星級,1
2023,2,台北市,台北君品大酒店,286.0,5429,67.7947052947053,4279.078835881378,23231119,44448493,71354362,319,8186,1102,9288,4552,1056,779,164,968,0.4900947459086994,0.5099052540913006,0.8813522825150732,2900.988886113886,5.0,五星級,1
2023,2,台北市,台北君悅酒店,850.0,17000,71.42857142857143,5214.820235294118,88651944,94302934,207989605,532,22886,5961,28847,12035,770,2645,546,7660,0.41720109543453393,0.582798904565466,0.7933580614968627,3724.871596638656,5.0,五星級,1
2023,2,台北市,台北寒舍喜來登大飯店,688.0,12036,62.479235880398676,4390.782153539382,52847454,112577984,185051591,755,15719,4038,19757,9451,1543,1138,277,3631,0.4783620995090348,0.5216379004909653,0.7956167434327074,2743.327138704319,5.0,五星級,1
2023,2,台北市,台北寒舍艾美酒店,160.0,3451,77.03125,8463.196464792814,29206491,62911903,101279029,330,4001,617,4618,2037,117,110,283,1005,0.4411000433087917,0.5588999566912083,0.8663923776526635,6519.3060267857145,5.0,五星級,1
2023,2,台北市,台北美福大飯店,146.0,2390,58.46379647749511,5833.294560669456,13941574,71825967,93582101,352,4271,453,4724,3460,142,615,25,296,0.7324301439458086,0.26756985605419137,0.9041066892464014,3410.3654598825833,6.0,卓越五星,1
2023,2,台北市,台北花園大酒店,241.0,5236,77.59336099585063,2622.904125286478,13733526,20948348,38115474,133,8837,580,9417,2939,275,3135,65,187,0.31209514707443986,0.6879048529255601,0.9384092598492089,2035.1994665085952,4.0,四星級,1
2023,2,台北市,台北萬豪酒店,318.0,7671,86.1522911051213,5727.398513883457,43934874,80330271,159287783,479,8437,2439,10876,4525,137,1459,189,3437,0.41605369621184257,0.5839463037881574,0.7757447591026112,4934.285040431267,5.0,五星級,1
2023,2,台北市,台北遠東香格里拉,420.0,7028,59.76190476190476,5651.17515651679,39716459,54894735,107857435,474,9943,1618,11561,4455,433,651,582,2717,0.38534728829686016,0.6146527117031398,0.8600467087622178,3377.2499149659857,5.0,五星級,1
2023,2,台北市,合尊酒店 S Hotel,101.0,1186,41.93776520509194,2731.350758853288,3239382,489956,4131177,39,2008,58,2066,1193,56,24,52,114,0.5774443368828654,0.42255566311713455,0.9719264278799613,1145.4674681753888,,無星等/未評鑑,0
2023,2,台北市,國王大飯店,97.0,1351,49.74226804123711,1518.742413027387,2051821,471510,2540633,47,406,945,1351,234,1032,9,0,54,0.17320503330866024,0.8267949666913398,0.3005181347150259,755.4569219440352,3.0,三星級,1
2023,2,台北市,國聯大飯店,243.0,2289,33.64197530864197,2511.046745303626,5747786,0,6343515,29,941,1747,2688,1864,155,142,78,155,0.6934523809523809,0.30654761904761907,0.35007440476190477,844.7657260435035,4.0,四星級,1
2023,2,台北市,圓山大飯店,473.0,9471,71.51162790697676,3655.53120050681,34621536,63740069,112502701,549,12311,8081,20392,16497,1524,794,65,517,0.8089937230286387,0.1910062769713613,0.6037171439780306,2614.12987012987,5.0,五星級,1
2023,2,台北市,天成大飯店,225.0,4893,77.66666666666666,3178.474555487431,15552276,30329203,49482899,253,9298,337,9635,2697,1484,2749,97,619,0.2799169693824598,0.7200830306175402,0.9650233523611832,2468.615238095238,4.0,四星級,1
2023,2,台北市,寒舍艾麗酒店,235.0,4712,71.61094224924011,5836.646434634975,27502278,17688615,50254623,183,6456,681,7137,3482,104,221,607,455,0.4878800616505535,0.5121199383494466,0.9045817570407735,4179.677507598783,5.0,五星級,1
2023,2,台北市,日勝生加賀屋國際溫泉飯店,89.0,1220,48.95666131621188,14372.89180327869,17534928,9273838,36534823,138,2658,275,2933,2676,43,39,31,70,0.9123764064098193,0.08762359359018068,0.9062393453801568,7036.487961476726,,無星等/未評鑑,0
2023,2,台北市,晶華酒店,538.0,10795,71.66091343600637,5041.647429365447,54424584,132138581,208680504,941,16720,2967,19687,11870,2511,1201,350,1283,0.6029359475796211,0.3970640524203789,0.8492914105755067,3612.8906001062132,5.0,五星級,1
2023,2,台北市,歐華酒店,112.0,1112,35.45918367346939,3350.65917266187,3725933,5334797,10013979,96,1595,346,1941,776,547,90,35,73,0.3997939206594539,0.6002060793405462,0.8217413704276146,1188.1163903061224,4.0,四星級,1
2023,2,台北市,漢普頓酒店,129.0,2314,64.06423034330011,2444.850907519447,5657385,681460,7694782,37,3553,799,4352,2791,779,232,12,167,0.6413143382352942,0.35868566176470584,0.81640625,1566.274916943522,,無星等/未評鑑,0
2023,2,台北市,福容大飯店  台北一館,120.0,1915,56.99404761904761,2788.525848563969,5340027,7637623,13759761,73,2366,799,3165,1495,42,48,0,84,0.47235387045813587,0.5276461295418642,0.7475513428120063,1589.29375,4.0,四星級,1
2023,2,台北市,福華大飯店,606.0,8837,52.080386610089576,3994.228810682358,35297000,38399000,88176000,510,15440,961,16401,9696,945,941,264,1290,0.591183464422901,0.40881653557709896,0.941406011828547,2080.209806694955,5.0,五星級,1
2023,2,台北市,第一大飯店,176.0,2194,44.521103896103895,1662.724247948952,3648017,8436229,32878205,34,429,3239,3668,1192,1214,68,17,128,0.3249727371864776,0.6750272628135223,0.11695747001090513,740.2631899350652,4.0,四星級,1
2023,2,台北市,美麗信花園酒店,203.0,2580,45.39057002111189,2230.207751937985,5753936,1575534,10250101,123,3807,1344,5151,2771,828,384,99,216,0.5379537953795379,0.4620462046204621,0.7390797903319744,1012.3040112596765,,無星等/未評鑑,0
2023,2,台北市,義華酒店,149.0,2119,50.79098753595398,3591.972628598396,7611390,173558,8731307,13,2747,335,3082,1493,42,201,43,747,0.4844256975989617,0.5155743024010383,0.8913043478260869,1824.39837008629,,無星等/未評鑑,0
2023,2,台北市,老爺大酒店,202.0,4845,85.66124469589816,4307.336016511867,20869043,29484577,57022849,228,1,0,1,1,0,0,0,0,1.0,0.0,1.0,3689.7176449787826,5.0,五星級,1
2023,2,台北市,豪景大酒店,217.0,0,0.0,,0,0,245000,16,0,0,0,0,0,0,0,0,,,,,3.0,三星級,1
2023,2,台北市,雀客旅館台北南京,56.0,1465,93.4311224489796,2345.038907849829,3435482,0,3435482,19,596,0,596,517,34,2,7,10,0.8674496644295302,0.1325503355704698,1.0,2190.9961734693875,,無星等/未評鑑,0
2023,2,台北市,雀客藏居台北陽明山,50.0,859,61.357142857142854,4700.209545983702,4037480,2317645,6991651,6,1738,0,1738,1671,13,10,0,36,0.9614499424626007,0.03855005753739926,1.0,2883.9142857142856,3.0,三星級,1
2023,2,台南市,台南大員皇冠假日酒店,231.0,4824,74.58256029684601,4400.664800995025,21228807,15261678,40387996,212,7052,1378,8430,6612,34,61,8,421,0.7843416370106762,0.21565836298932384,0.8365361803084223,3282.128478664193,5.0,五星級,1
2023,2,台南市,台南大飯店,152.0,2816,66.16541353383458,2408.035511363636,6781028,8422651,15748711,123,4891,268,5159,3800,404,172,24,126,0.736576855979841,0.263423144020159,0.948051948051948,1593.286654135338,3.0,三星級,1
2023,2,台南市,台南遠東香格里拉,330.0,8387,90.76839826839827,4716.12912841302,39554175,20545069,68778645,459,10735,682,11417,5371,285,608,21,2193,0.47043881930454584,0.5295611806954541,0.9402645178242971,4280.75487012987,5.0,五星級,1
2023,2,台南市,台糖長榮酒店(台南),197.0,4251,77.06671501087745,3116.407198306281,13247847,19293807,33692646,161,7520,1327,8847,8201,232,42,7,57,0.9269808974793715,0.07301910252062849,0.850005651633322,2401.7126540971717,5.0,五星級,1
2023,2,台南市,趣淘漫旅,198.0,2297,41.43217893217893,4110.062690465825,9440814,1473047,12173430,91,5388,1633,7021,7003,2,0,0,0,0.9974362626406494,0.0025637373593505597,0.767412049565589,1702.8885281385278,3.0,三星級,1
2023,2,台南市,遠百企業觀光旅館,40.0,84,7.5,500.0,42000,0,42000,23,84,0,84,84,0,0,0,0,1.0,0.0,1.0,37.5,,無星等/未評鑑,0
2023,2,台東縣,台東桂田喜來登酒店,290.0,3516,43.30049261083744,4201.473549488054,14772381,14024420,29736269,169,6081,2558,8639,8451,14,4,8,83,0.9782382220164371,0.021761777983562935,0.7039009144576919,1819.2587438423643,5.0,五星級,1
2023,2,台東縣,娜路彎大酒店,292.0,3875,47.39481409001957,5872.531612903226,22756060,10388231,37008029,174,9224,460,9684,9649,0,12,0,0,0.9963857909954564,0.003614209004543567,0.9524989673688559,2783.2754403131116,5.0,五星級,1
2023,2,台東縣,樂樂日暉溫泉酒店,48.0,694,51.636904761904766,2506.527377521614,1739530,0,1739530,9,1391,0,1391,1391,0,0,0,0,1.0,0.0,1.0,1294.293154761905,,無星等/未評鑑,0
2023,2,台東縣,知本老爺大酒店,182.0,4493,88.16718995290424,5903.859781882929,26526042,13139858,44454400,197,8943,1712,10655,10532,3,0,0,95,0.9884561238854997,0.011543876114500251,0.8393242609103707,5205.26726844584,5.0,五星級,1
2023,2,嘉義市,耐斯王子大飯店,245.0,3424,49.91253644314869,2705.294684579439,9262929,9967220,21032809,133,5486,3959,9445,9182,78,17,0,53,0.9721545791424034,0.02784542085759656,0.5808364213869772,1350.281195335277,5.0,五星級,1
2023,2,嘉義市,鈺通大飯店,120.0,2314,68.86904761904762,1895.047104580812,4385139,4448391,8849417,57,1563,2810,4373,4335,5,0,2,23,0.9913103132860737,0.008689686713926337,0.3574205351017608,1305.1008928571425,3.0,三星級,1
2023,2,嘉義縣,名都觀光渡假大飯店,97.0,889,32.7319587628866,2033.712035995501,1807970,1416743,3263749,55,1554,673,2227,2227,0,0,0,0,1.0,0.0,0.6977997305792546,665.6737849779089,3.0,三星級,1
2023,2,嘉義縣,阿里山賓館(歷史館),35.0,350,35.71428571428572,8616.874285714286,3015906,0,3015906,11,676,290,966,938,2,3,0,9,0.9710144927536232,0.02898550724637683,0.6997929606625258,3077.455102040817,4.0,四星級,1
2023,2,嘉義縣,阿里山賓館(現代館),104.0,1705,58.550824175824175,8636.19706744868,14724716,7169454,22380057,121,3308,1417,4725,4580,12,13,2,46,0.9693121693121693,0.030687830687830653,0.7001058201058201,5056.56456043956,4.0,四星級,1
2023,2,基隆市,長榮桂冠酒店(基隆),140.0,2756,70.3061224489796,3142.319303338171,8660232,5184412,16840678,89,5289,1205,6494,6284,21,41,8,34,0.9676624576532183,0.032337542346781656,0.8144441022482292,2209.242857142857,5.0,五星級,1
2023,2,宜蘭縣,凱渡廣場酒店,285.0,137,1.7167919799498748,4210.43795620438,576830,393235,1061665,72,296,0,296,296,0,0,0,0,1.0,0.0,1.0,72.28446115288222,,無星等/未評鑑,0
2023,2,宜蘭縣,山泉大飯店,146.0,2595,63.478473581213315,1917.788824662813,4976662,794998,6075431,36,2637,3240,5877,5391,0,208,234,0,0.9173047473200613,0.08269525267993871,0.44869831546707506,1217.3830724070451,3.0,三星級,1
2023,2,宜蘭縣,幼獅大飯店,53.0,179,12.06199460916442,1667.597765363128,298500,0,315030,10,78,130,208,208,0,0,0,0,1.0,0.0,0.375,201.14555256064682,3.0,三星級,1
2023,2,宜蘭縣,悅川酒店,103.0,2309,80.0624133148405,4071.442182763101,9400960,5576947,14977907,96,4373,2681,7054,7054,0,0,0,0,1.0,0.0,0.6199319535015594,3259.6948682385573,4.0,四星級,1
2023,2,宜蘭縣,礁溪老爺大酒店,197.0,4820,87.3821609862219,8584.535062240664,41377459,24101817,76481879,317,11667,1266,12933,12748,16,27,29,72,0.9856955076161756,0.014304492383824363,0.9021108791463698,7501.352248005802,5.0,五星級,1
2023,2,宜蘭縣,綠舞國際觀光飯店,113.0,1520,48.040455120101136,6132.180263157895,9320914,5633969,19561755,300,2813,1876,4689,4689,0,0,0,0,1.0,0.0,0.599914693964598,2945.9273072060682,4.0,四星級,1
2023,2,宜蘭縣,蘭城晶英酒店,193.0,4721,87.36121391561807,10031.501800466,47358720,45043592,102663285,366,18031,574,18605,18451,5,0,0,4,0.991722655200215,0.008277344799785036,0.9691480784735286,8763.64174685418,5.0,五星級,1
2023,2,宜蘭縣,長榮鳳凰酒店(礁溪),231.0,3579,55.33395176252319,7203.688460463817,25782001,15365044,47443677,243,8504,1518,10022,9932,19,10,6,9,0.9910197565356217,0.008980243464378312,0.8485332269008182,3986.085497835498,5.0,五星級,1
2023,2,屏東縣,凱撒大飯店,281.0,5379,68.36553126588714,6359.609406952965,34208339,6117703,42461695,217,13623,746,14369,14092,26,66,6,68,0.9807223884751897,0.019277611524810334,0.9480826779873338,4347.780757498729,5.0,五星級,1
2023,2,屏東縣,墾丁怡灣渡假酒店,234.0,2881,43.97130647130647,3395.347448802499,9781996,235488,10607582,74,4517,2368,6885,3012,6,0,0,0,0.43747276688453157,0.5625272331154685,0.6560639070442992,1492.9786324786326,3.0,三星級,1
2023,2,屏東縣,墾丁福華渡假飯店,458.0,7727,60.25421085464754,3458.47651093568,26723648,8146248,35886337,244,11372,7908,19280,19039,16,36,0,68,0.9875,0.012499999999999956,0.5898340248962656,2083.877729257642,5.0,五星級,1
2023,2,新北市,大板根渡假酒店,95.0,2223,83.57142857142857,7323.394961763383,16279907,14335791,48337794,214,3328,3341,6669,6669,0,0,0,0,1.0,0.0,0.49902534113060426,6120.265789473684,4.0,四星級,1
2023,2,新北市,板橋凱撒大飯店,400.0,9170,81.875,3439.660741548528,31541689,8434162,40097354,139,17245,1137,18382,11536,530,2952,127,375,0.6275704493526276,0.3724295506473724,0.9381460124034382,2816.2222321428576,5.0,五星級,1
2023,2,新北市,瓏山林台北中和飯店,126.0,1431,40.56122448979592,2259.292103424179,3233047,2112666,5861501,75,2484,123,2607,1575,54,86,132,135,0.6041426927502876,0.39585730724971235,0.952819332566168,916.3965419501135,3.0,三星級,1
2023,2,新北市,碧特弗大飯店,55.0,310,20.12987012987013,2479.345161290323,768597,105661,874258,17,327,170,497,350,0,6,2,0,0.704225352112676,0.295774647887324,0.6579476861167002,499.0889610389612,,無星等/未評鑑,0
2023,2,新北市,福容大飯店    淡水漁人碼頭,198.0,3028,54.61760461760462,5104.307463672391,15455843,18377948,36348601,150,4303,3310,7613,7417,3,4,20,112,0.97425456456062,0.025745435439380016,0.5652173913043478,2787.850468975469,4.0,四星級,1
2023,2,新北市,福容大飯店 福隆,174.0,1664,34.15435139573071,4482.455528846154,7458806,5444098,12903742,114,2046,1873,3919,3906,6,0,0,3,0.99668282725185,0.0033171727481500213,0.5220719571319214,1530.9536124794747,3.0,三星級,1
2023,2,新北市,美麗春天大飯店,34.0,0,0.0,,0,0,0,3,0,0,0,0,0,0,0,0,,,,,,無星等/未評鑑,0
2023,2,新竹市,新竹國賓大飯店,257.0,4632,64.36909394107838,3324.965025906736,15401238,29590560,50958503,272,6210,1503,7713,5474,305,144,42,536,0.7097108777388824,0.2902891222611176,0.8051341890315052,2140.249861033908,4.0,四星級,1
2023,2,新竹市,新竹老爺大酒店,208.0,4152,71.29120879120879,3145.49253371869,13060085,11623254,25913769,172,5793,1366,7159,5338,530,206,18,402,0.7456348652046375,0.2543651347953625,0.8091912278251152,2242.459649725275,4.0,四星級,1
2023,2,新竹縣,新竹喜來登大飯店,385.0,7907,73.34879406307978,3721.84494751486,29428628,30982246,69855532,274,8752,2448,11200,6587,148,513,10,2259,0.588125,0.411875,0.7814285714285715,2729.928385899814,4.0,四星級,1
2023,2,新竹縣,豐邑喜來登大飯店,385.0,5271,48.896103896103895,3722.080250426864,19619085,3576472,25323669,95,5834,1632,7466,4389,99,342,7,1506,0.5878649879453522,0.41213501205464775,0.7814090543798553,1819.9522263450835,4.0,四星級,1
2023,2,桃園市,南方莊園渡假飯店,111.0,1795,57.75418275418276,5723.881337047354,10274367,13478016,26887391,106,2635,1487,4122,4094,16,2,2,0,0.9932071809801067,0.006792819019893259,0.6392527899078118,3305.780888030888,4.0,四星級,1
2023,2,桃園市,古華花園飯店,255.0,5782,80.98039215686275,2799.688861985472,16187801,6245934,23595609,154,9812,214,10026,7235,362,217,67,517,0.7216237781767405,0.2783762218232595,0.978655495711151,2267.199019607843,3.0,三星級,1
2023,2,桃園市,台北諾富特華航桃園機場飯店,476.0,7006,52.56602641056423,3568.324436197545,24999681,15524190,41638559,253,9059,469,9528,5046,446,193,82,898,0.5295969773299748,0.4704030226700252,0.9507766582703611,1875.7263655462186,4.0,四星級,1
2023,2,桃園市,名人堂花園大飯店,128.0,2202,61.43973214285714,5517.407356948229,12149331,18919867,40221664,410,6518,251,6769,6530,3,6,6,188,0.9646919781356182,0.035308021864381756,0.9629191904269464,3389.8803013392853,,無星等/未評鑑,0
2023,2,桃園市,和逸飯店桃園青埔館,218.0,6104,100.0,3597.472640891219,21958973,0,28186222,195,10064,0,10064,9262,35,74,29,132,0.9203100158982512,0.07968998410174877,1.0,3597.472640891219,4.0,四星級,1
2023,2,桃園市,尊爵大飯店,218.0,2558,41.906946264744434,2747.765050820954,7028783,4040281,11523117,77,1610,1025,2635,1026,130,672,19,162,0.38937381404174576,0.6106261859582542,0.6110056925996205,1151.5044233289648,3.0,三星級,1
2023,2,桃園市,尊爵天際大飯店,250.0,2525,36.07142857142857,2564.203168316832,6474613,2809745,9560517,67,2114,1386,3500,815,302,765,0,90,0.23285714285714285,0.7671428571428571,0.604,924.9447142857143,3.0,三星級,1
2023,2,桃園市,桃園喜來登酒店,189.0,1808,34.16477702191988,3704.954092920354,6698557,5504314,13228115,126,3090,263,3353,2064,72,66,28,617,0.6155681479272294,0.38443185207277064,0.9215627796003579,1265.7893046107333,4.0,四星級,1
2023,2,桃園市,福容大飯店   桃園,182.0,4149,81.41679748822605,3103.887683779224,12878030,4696486,17662644,64,4583,813,5396,1675,261,218,14,95,0.3104151223128243,0.6895848776871757,0.8493328391401038,2527.085949764521,3.0,三星級,1
2023,2,澎湖縣,寶華大飯店,74.0,195,9.411196911196912,1115.969230769231,217614,120,219734,14,197,165,362,359,0,3,0,0,0.9917127071823204,0.008287292817679592,0.5441988950276243,105.02606177606181,,無星等/未評鑑,0
2023,2,澎湖縣,澎湖福朋喜來登酒店,331.0,2212,23.86706948640483,2476.511754068716,5478044,8285489,15487438,193,4383,1081,5464,5318,2,3,0,23,0.9732796486090776,0.026720351390922437,0.8021595900439239,591.0707811825636,5.0,五星級,1
2023,2,花蓮縣,太魯閣晶英酒店,160.0,2704,60.357142857142854,11758.71190828402,31795557,8495217,44736843,191,5332,2307,7639,7245,5,13,12,89,0.9484225683990051,0.05157743160099493,0.6979971200418903,7097.222544642855,5.0,五星級,1
2023,2,花蓮縣,東旭觀海酒店,168.0,659,14.0093537414966,2788.022761760243,1837307,222196,2059503,24,951,667,1618,1616,0,2,0,0,0.9987639060568603,0.0012360939431397266,0.5877626699629172,390.5839710884355,,無星等/未評鑑,0
2023,2,花蓮縣,瑞穗天合國際觀光酒店,198.0,2585,46.62698412698413,13553.42011605416,35035591,4577217,41081047,223,4509,2566,7075,7013,5,0,0,19,0.9912367491166078,0.008763250883392248,0.6373144876325089,6319.551046176046,5.0,五星級,1
2023,2,花蓮縣,美侖大飯店,299.0,3369,40.24128045867176,4384.514989611161,14771431,4601034,20251671,197,6932,2137,9069,8932,28,21,4,32,0.9848935935604808,0.015106406439519215,0.7643621126915867,1764.38497372193,5.0,五星級,1
2023,2,花蓮縣,花蓮翰品酒店,156.0,1593,36.46978021978022,3211.843691148776,5116467,4046222,9485695,93,4237,254,4491,4288,37,6,20,14,0.9547984858606101,0.04520151413938989,0.9434424404364284,1171.3523351648353,,無星等/未評鑑,0
2023,2,花蓮縣,遠雄悅來大飯店,381.0,4188,39.257592800899886,5919.295128939828,24790008,14049419,45007346,318,9804,2100,11904,11861,4,1,4,12,0.9963877688172043,0.0036122311827957443,0.8235887096774194,2323.7727784026997,5.0,五星級,1
2023,2,苗栗縣,馥藝金鬱金香酒店,191.0,3669,68.60508601346298,2351.205505587353,8626573,3617505,12447205,88,6763,1820,8583,8382,10,33,36,20,0.9765816148199931,0.02341838518000694,0.787952930210882,1613.0465594614807,3.0,三星級,1
2023,2,金門縣,陸島酒店,47.0,411,31.231003039513677,1543.23600973236,634270,64960,703386,13,63,749,812,812,0,0,0,0,1.0,0.0,0.07758620689655173,481.96808510638294,,無星等/未評鑑,0
2023,2,高雄市,寒軒國際大飯店,375.0,6376,60.72380952380952,2195.192597239649,13996548,12053093,26592157,184,7634,2500,10134,8378,964,232,57,49,0.8267219261890665,0.17327807381093352,0.7533057035721334,1333.0045714285714,5.0,五星級,1
2023,2,高雄市,承攜行旅 高雄六合館,269.0,2139,28.398831651619748,1714.237494156148,3666754,0,3666754,39,4205,600,4805,4786,2,4,0,1,0.9960457856399584,0.003954214360041619,0.8751300728407908,486.8234200743493,,無星等/未評鑑,0
2023,2,高雄市,晶英國際行館,147.0,1492,36.248785228377066,8168.654155495979,12187632,12957703,32158597,205,2655,230,2885,2704,4,2,39,57,0.937261698440208,0.06273830155979199,0.9202772963604853,2961.037900874636,4.0,四星級,1
2023,2,高雄市,漢來大飯店,535.0,8638,57.663551401869164,3550.645288261172,30670474,71606353,115868706,774,11658,3142,14800,9159,667,2347,41,850,0.6188513513513514,0.3811486486486486,0.7877027027027027,2047.4281708945264,5.0,五星級,1
2023,2,高雄市,福容大飯店 高雄,250.0,4051,57.871428571428574,2433.653172056283,9858729,4885604,14781070,74,4938,3512,8450,7360,128,120,5,15,0.8710059171597633,0.12899408284023672,0.5843786982248521,1408.3898571428574,3.0,三星級,1
2023,2,高雄市,義大皇家酒店,656.0,10923,59.46755226480837,2893.975464615948,31610894,20092186,55036029,426,13379,14277,27656,25399,0,1774,28,22,0.9183902227364767,0.08160977726352325,0.4837648249927683,1720.9763719512196,4.0,四星級,1
2023,2,高雄市,高雄圓山大飯店,105.0,2002,68.0952380952381,3043.551948051948,6093191,11338472,18476259,130,4375,948,5323,5175,18,4,30,12,0.9721961300018787,0.027803869998121344,0.8219049408228443,2072.5139455782314,5.0,五星級,1
2023,2,高雄市,高雄福華大飯店,271.0,5672,74.74960463890353,2535.962270803949,14383978,19785381,37105455,280,8934,2116,11050,8350,1290,343,28,43,0.755656108597285,0.24434389140271495,0.8085067873303168,1895.6217712177122,5.0,五星級,1
2023,2,高雄市,高雄萬豪酒店,700.0,11450,58.41836734693877,4916.53729257642,56294352,76915338,151867728,663,20171,2580,22751,18018,211,253,146,2064,0.7919651883433695,0.20803481165663051,0.8865983912795042,2872.1608163265314,5.0,五星級,1
2023,2,高雄市,麗尊大酒店,188.0,2453,46.599544072948326,2726.0,6686878,12506025,19859797,168,4145,197,4342,3631,429,36,17,40,0.8362505757715338,0.16374942422846617,0.9546292031321971,1270.3035714285713,3.0,三星級,1
2023,3,南投縣,涵碧樓大飯店,96.0,2362,79.36827956989248,17082.80948348857,40349596,10527845,57372724,293,3498,1190,4688,3975,79,30,16,326,0.8479095563139932,0.15209044368600677,0.746160409556314,13558.331989247316,5.0,五星級,1
2023,3,南投縣,雲品溫泉酒店日月潭,211.0,1890,28.89466442439994,12035.81851851852,22747697,9178831,33997783,289,3850,946,4796,4283,2,0,33,376,0.8930358632193495,0.10696413678065053,0.8027522935779816,3477.709371655711,5.0,五星級,1
2023,3,台中市,全國大飯店,178.0,2971,53.84197172888728,2201.778525748906,6541484,3923204,12223243,61,4917,351,5268,3869,405,63,105,318,0.7344343204252088,0.26556567957479116,0.933371298405467,1185.480971366437,5.0,五星級,1
2023,3,台中市,台中港酒店,200.0,4170,67.25806451612904,3018.485611510791,12587085,2238870,16360874,104,5612,675,6287,3184,973,271,38,70,0.5064418641641483,0.49355813583585173,0.892635597264196,2030.175,3.0,三星級,1
2023,3,台中市,台中福華大飯店,155.0,4241,88.26222684703434,2799.395661400613,11872237,12632741,28049339,168,6214,533,6747,3828,293,189,56,299,0.5673632725655847,0.4326367274344153,0.9210019267822736,2470.808949011446,5.0,五星級,1
2023,3,台中市,台中金典酒店,222.0,5473,79.52630049404243,2829.625799378769,15486542,20278906,47686919,269,5388,4928,10316,7850,623,110,76,276,0.7609538580845289,0.23904614191547113,0.5222954633578907,2250.29671607091,5.0,五星級,1
2023,3,台中市,海灣藝術酒店,226.0,0,0.0,,0,0,0,33,0,0,0,0,0,0,0,0,,,,,,無星等/未評鑑,0
2023,3,台中市,裕元花園酒店,149.0,4137,89.56484087464818,3447.190234469422,14261026,21635630,40473605,275,4103,1800,5903,4143,174,56,64,569,0.7018465187192953,0.29815348128070474,0.6950703032356429,3087.47044814895,5.0,五星級,1
2023,3,台中市,長榮桂冠酒店(台中),354.0,7985,72.76289411335884,2501.231433938635,19972333,19421145,45444242,257,5825,2160,7985,5113,549,0,69,447,0.6403256105197245,0.3596743894802755,0.7294927989981215,1819.9683798068158,5.0,五星級,1
2023,3,台中市,龍谷大飯店,189.0,1365,23.29749103942652,1820.713553113553,2485274,928610,3674191,33,1548,1530,3078,3038,1,2,10,7,0.9870045484080572,0.01299545159194282,0.5029239766081871,424.18057689025426,,無星等/未評鑑,0
2023,3,台北市,JR東日本大飯店台北,288.0,6991,78.30421146953405,4881.494922042626,34126531,19112057,58836655,236,12201,819,13020,4079,2679,674,1198,1280,0.31328725038402455,0.6867127496159755,0.9370967741935484,3822.4161066308243,4.0,四星級,1
2023,3,台北市,三德大飯店,287.0,2339,26.28976059345847,2026.590850790936,4740196,412708,8027610,70,3271,101,3372,967,660,244,282,157,0.28677342823250296,0.713226571767497,0.9700474495848161,532.7858828818703,3.0,三星級,1
2023,3,台北市,亞都麗緻大飯店,219.0,3118,45.9272352334659,4457.190506735086,13897520,13462740,31008829,171,3347,0,3347,1069,568,87,178,347,0.3193904989542874,0.6806095010457126,1.0,2047.0643688319337,4.0,四星級,1
2023,3,台北市,兄弟大飯店,250.0,4734,61.08387096774194,3490.604773975496,16524523,44952336,66582926,450,5570,1537,7107,3397,950,205,144,374,0.477979456873505,0.522020543126495,0.7837343464190235,2132.196516129032,4.0,四星級,1
2023,3,台北市,北投老爺酒店,50.0,1286,82.96774193548387,5436.001555209953,6990698,3369145,11889238,58,2696,72,2768,2132,18,101,256,39,0.7702312138728323,0.22976878612716767,0.9739884393063584,4510.127741935484,4.0,四星級,1
2023,3,台北市,北投麗禧溫泉酒店,66.0,1392,68.03519061583577,16076.65948275862,22378710,9952197,39111662,153,2250,182,2432,1343,40,107,398,110,0.5522203947368421,0.44777960526315785,0.9251644736842105,10937.785923753665,4.0,四星級,1
2023,3,台北市,台北W飯店,402.0,9453,75.85459797785266,8814.427906484714,83322787,42283326,141343759,362,13956,419,14375,3058,689,284,1464,4690,0.2127304347826087,0.7872695652173913,0.9708521739130435,6686.148852511635,5.0,五星級,1
2023,3,台北市,台北中山雅樂軒酒店,88.0,2449,89.77272727272727,4276.145365455288,10472280,385980,12109164,38,3605,0,3605,805,375,109,306,929,0.22330097087378642,0.7766990291262136,1.0,3838.8123167155422,,無星等/未評鑑,0
2023,3,台北市,台北凱撒大飯店,478.0,13030,87.9335942772304,3025.223484267076,39418662,16625224,58560870,122,21674,2107,23781,7708,5881,2286,2135,992,0.32412430091249317,0.6758756990875068,0.9113998570287204,2660.1877446349035,4.0,四星級,1
2023,3,台北市,台北君品大酒店,286.0,5010,56.50800812091135,4908.315169660678,24590659,47186936,75735446,315,6679,1815,8494,3349,1209,276,618,1041,0.3942783141040735,0.6057216858959265,0.7863197551212621,2773.5911346717794,5.0,五星級,1
2023,3,台北市,台北君悅酒店,850.0,14841,56.32258064516129,7652.998652381915,113578153,108614640,245778659,531,15434,2163,17597,3911,781,965,782,6506,0.2222537932602148,0.7777462067397852,0.8770813206796613,4310.366337760911,5.0,五星級,1
2023,3,台北市,台北寒舍喜來登大飯店,688.0,14248,66.80420105026256,4442.745578326782,63300239,117188811,201177855,746,17496,5265,22761,9257,2206,759,900,4419,0.40670445059531657,0.5932955494046834,0.7686832740213523,2967.940688297074,5.0,五星級,1
2023,3,台北市,台北寒舍艾美酒店,160.0,4048,81.61290322580645,9212.053606719368,37290393,63105285,110622716,334,5291,182,5473,2313,159,75,487,1207,0.4226201352092088,0.5773798647907912,0.9667458432304038,7518.224395161291,5.0,五星級,1
2023,3,台北市,台北美福大飯店,146.0,2479,54.77242598320813,5763.376361436063,14287410,67515350,88942016,392,4010,587,4597,2437,137,708,135,624,0.5301283445725473,0.4698716554274527,0.8723080269741136,3156.741051701282,6.0,卓越五星,1
2023,3,台北市,台北花園大酒店,241.0,6029,80.69870164636595,2683.134516503566,16176618,20952925,40681257,144,9040,695,9735,1307,696,2383,341,369,0.13425783256291732,0.8657421674370827,0.928608115048793,2165.254718243876,4.0,四星級,1
2023,3,台北市,台北萬豪酒店,318.0,9422,95.57719618583891,5766.682657609849,54333684,75793760,162252176,482,10494,1727,12221,3705,222,1011,421,5616,0.3031666803043941,0.6968333196956059,0.8586858685868587,5511.633597078516,5.0,五星級,1
2023,3,台北市,台北遠東香格里拉,420.0,8439,64.81566820276498,6010.726389382628,50724520,57420212,123637108,468,11311,1996,13307,2738,831,321,1008,3405,0.20575636882843615,0.7942436311715638,0.8500037574209063,3895.89247311828,5.0,五星級,1
2023,3,台北市,合尊酒店 S Hotel,101.0,1227,39.188757585435965,2829.829665851671,3472201,700024,4627764,42,1941,118,2059,882,49,90,167,159,0.4283632831471588,0.5716367168528411,0.9426906265177271,1108.975087831364,,無星等/未評鑑,0
2023,3,台北市,國王大飯店,97.0,1943,64.61589624210177,1606.598044261451,3121620,728419,3865382,47,583,1360,1943,199,1603,15,10,48,0.10241893978383942,0.8975810602161606,0.3000514668039115,1038.1177253076153,3.0,三星級,1
2023,3,台北市,國聯大飯店,243.0,3796,50.39161024824107,2418.057428872497,9178946,0,10135078,38,1679,2862,4541,2537,175,269,409,353,0.5586875137634882,0.44131248623651176,0.3697423475005505,1218.4980751360679,4.0,四星級,1
2023,3,台北市,圓山大飯店,473.0,10344,70.54490895451136,3477.778228924981,35974138,64459056,114924692,548,11363,9562,20925,14596,2353,745,405,1141,0.6975388291517324,0.3024611708482676,0.5430346475507766,2453.395485234945,5.0,五星級,1
2023,3,台北市,天成大飯店,225.0,5765,82.65232974910394,3285.434865568083,18940532,29650985,51808170,263,10717,533,11250,1846,2651,1790,890,585,0.1640888888888889,0.835911111111111,0.9526222222222223,2715.4884587813617,4.0,四星級,1
2023,3,台北市,寒舍艾麗酒店,235.0,5670,77.83115991763898,5914.572486772487,33535626,23657537,63478093,186,7826,552,8378,3031,194,153,1298,548,0.36178085461924087,0.6382191453807591,0.9341131534972548,4603.380370624571,5.0,五星級,1
2023,3,台北市,日勝生加賀屋國際溫泉飯店,91.0,800,28.358738036157387,13532.58375,10826067,6700778,23952812,139,1563,260,1823,1410,37,11,197,72,0.773450356555129,0.22654964344487105,0.857377948436643,3837.669975186104,,無星等/未評鑑,0
2023,3,台北市,晶華酒店,538.0,13641,81.79038253987288,5249.007550766073,71601712,144711682,240996841,931,20772,3388,24160,11558,4075,1204,1065,2040,0.47839403973509936,0.5216059602649006,0.8597682119205298,4293.183355318383,5.0,五星級,1
2023,3,台北市,歐華酒店,112.0,1338,38.536866359447,3272.822869955157,4379037,5304764,10778387,97,1801,438,2239,593,550,48,64,198,0.26485037963376507,0.7351496203662349,0.8043769539973202,1261.2433755760367,4.0,四星級,1
2023,3,台北市,漢普頓酒店,129.0,2675,66.89172293073268,2185.60523364486,5846494,2167276,9628371,44,3655,1090,4745,2193,1284,115,67,280,0.46217070600632243,0.5378292939936775,0.7702845100105374,1461.9889972493124,,無星等/未評鑑,0
2023,3,台北市,福容大飯店  台北一館,120.0,2325,62.5,2839.488602150538,6601811,8801747,16354382,77,2774,98,2872,1417,61,96,75,106,0.4933844011142061,0.5066155988857939,0.9658774373259053,1774.6803763440862,4.0,四星級,1
2023,3,台北市,福華大飯店,606.0,12165,64.75566911529863,4127.414714344431,50210000,42296000,109071000,513,17712,1383,19095,6800,980,1305,476,2454,0.35611416601204504,0.643885833987955,0.9275726630007856,2672.735015437028,5.0,五星級,1
2023,3,台北市,第一大飯店,176.0,2987,54.747067448680355,1698.480080348176,5073360,9114272,34678165,32,710,4923,5633,1984,1195,27,46,77,0.35221018995206815,0.6477898100479318,0.12604296112195987,929.8680351906162,4.0,四星級,1
2023,3,台北市,美麗信花園酒店,203.0,3702,58.827268393453046,2413.271474878444,8933931,2674127,15751621,113,5193,1504,6697,2628,1518,366,429,440,0.3924145139614753,0.6075854860385247,0.7754218306704495,1419.6616875893853,,無星等/未評鑑,0
2023,3,台北市,義華酒店,149.0,3011,65.18726997185537,3252.355695782132,9792843,164523,11252359,14,3571,627,4198,1473,98,116,174,1348,0.3508813720819438,0.6491186279180562,0.8506431634111482,2120.1218878545133,,無星等/未評鑑,0
2023,3,台北市,老爺大酒店,202.0,5422,86.58575534972852,4573.642936185909,24798292,22952402,53847030,224,7792,195,7987,2126,2964,169,263,514,0.2661825466382872,0.7338174533617128,0.9755853261550019,3960.123283296071,5.0,五星級,1
2023,3,台北市,豪景大酒店,180.0,728,13.04659498207885,1774.891483516484,1292121,0,5101699,21,215,1748,1963,1492,12,46,33,4,0.7600611309220581,0.23993886907794193,0.10952623535404993,231.56290322580645,3.0,三星級,1
2023,3,台北市,雀客旅館台北南京,56.0,1554,89.51612903225806,2321.197554697555,3607141,0,3607141,12,3488,86,3574,3030,59,68,42,63,0.8477895914941243,0.15221040850587575,0.9759373251259094,2077.8461981566825,,無星等/未評鑑,0
2023,3,台北市,雀客藏居台北陽明山,50.0,861,55.5483870967742,4283.102206736353,3687751,2036337,6401006,8,1586,136,1722,1558,0,10,58,26,0.9047619047619048,0.09523809523809523,0.9210220673635308,2379.1941935483874,3.0,三星級,1
2023,3,台南市,台南大員皇冠假日酒店,230.0,5063,71.00981767180926,4073.727829350188,20625284,15485294,39979610,211,5358,2905,8263,6637,20,55,81,334,0.8032191697930534,0.1967808302069466,0.6484327726007504,2892.746704067322,5.0,五星級,1
2023,3,台南市,台南大飯店,152.0,2809,59.61375212224108,2038.772160911356,5726911,7957335,14266579,122,3902,606,4508,2866,722,86,117,156,0.6357586512866016,0.3642413487133984,0.8655723158828749,1215.388582342954,3.0,三星級,1
2023,3,台南市,台南遠東香格里拉,330.0,9295,90.86021505376344,4372.588918773534,40643214,18514513,67843246,439,10576,603,11179,3781,401,625,99,2799,0.3382234546918329,0.6617765453081671,0.9460595759906968,3972.9436950146624,5.0,五星級,1
2023,3,台南市,台糖長榮酒店(台南),197.0,4399,72.03209431799574,2799.879745396681,12316671,16795435,30182990,159,6983,1570,8553,7373,211,73,23,312,0.8620367122647025,0.13796328773529754,0.816438676487782,2016.8120189945962,5.0,五星級,1
2023,3,台南市,趣淘漫旅,198.0,2607,42.47311827956989,2903.128116609129,7568455,2399995,11194660,91,2987,4372,7359,7337,0,0,2,4,0.9970104633781763,0.002989536621823663,0.4058975404266884,1233.049038774845,3.0,三星級,1
2023,3,台南市,遠百企業觀光旅館,40.0,78,6.290322580645161,502.5641025641025,39200,0,39200,23,78,0,78,78,0,0,0,0,1.0,0.0,1.0,31.612903225806445,,無星等/未評鑑,0
2023,3,台東縣,台東桂田喜來登酒店,290.0,3742,41.62402669632925,3720.055050774987,13920446,13830614,28908652,163,4193,4175,8368,8088,23,9,8,162,0.9665391969407265,0.03346080305927346,0.5010755258126195,1548.4367074527254,5.0,五星級,1
2023,3,台東縣,娜路彎大酒店,292.0,3633,40.134776844896145,4732.573355353702,17193439,9213581,28853451,174,5968,1204,7172,7143,2,0,0,0,0.9959564974902398,0.004043502509760155,0.8321249302844395,1899.4077551922223,5.0,五星級,1
2023,3,台東縣,樂樂日暉溫泉酒店,48.0,597,40.12096774193548,2498.569514237856,1491646,0,1491646,9,1198,0,1198,1198,0,0,0,0,1.0,0.0,1.0,1002.4502688172042,,無星等/未評鑑,0
2023,3,台東縣,知本老爺大酒店,182.0,4463,79.10315490960652,5011.434461124804,22366032,11704685,38478261,194,7408,2396,9804,9713,2,0,18,2,0.9907180742554059,0.009281925744594077,0.755609955120359,3964.2027649769584,5.0,五星級,1
2023,3,嘉義市,耐斯王子大飯店,245.0,3818,50.26991441737986,2605.654531168151,9948389,9699693,21503845,132,3085,5904,8989,8387,243,14,34,133,0.933029257981978,0.066970742018022,0.34319724107242183,1309.86030283081,5.0,五星級,1
2023,3,嘉義市,鈺通大飯店,120.0,2289,61.532258064516135,1758.147662734819,4024400,4484826,8515231,57,1375,2946,4321,4287,14,0,0,6,0.9921314510529969,0.007868548947003062,0.3182133765332099,1081.8279569892477,3.0,三星級,1
2023,3,嘉義縣,名都觀光渡假大飯店,97.0,1190,39.574326571333565,1476.63025210084,1757190,1720603,3548058,55,353,2267,2620,2620,0,0,0,0,1.0,0.0,0.1347328244274809,584.3664782174925,3.0,三星級,1
2023,3,嘉義縣,阿里山賓館(歷史館),35.0,517,47.64976958525345,10611.5667311412,5486180,0,5486180,11,924,396,1320,1293,1,1,3,6,0.9795454545454545,0.020454545454545503,0.7,5056.387096774193,4.0,四星級,1
2023,3,嘉義縣,阿里山賓館(現代館),104.0,2514,77.97766749379652,10654.5214797136,26785467,11201670,38966940,110,4509,1933,6442,6313,4,3,12,30,0.9799751629928594,0.02002483700714064,0.6999379074821483,8308.1473325062,4.0,四星級,1
2023,3,基隆市,長榮桂冠酒店(基隆),140.0,3118,71.84331797235023,2784.054201411161,8680681,5660393,17308908,89,4393,2685,7078,6814,22,34,22,63,0.9627013280587736,0.03729867194122638,0.6206555524159367,2000.1569124423966,5.0,五星級,1
2023,3,宜蘭縣,凱渡廣場酒店,285.0,711,8.04753820033956,4095.330520393812,2911780,2301153,5751826,92,1501,96,1597,1597,0,0,0,0,1.0,0.0,0.9398872886662493,329.5732880588569,,無星等/未評鑑,0
2023,3,宜蘭縣,山泉大飯店,146.0,2993,66.12903225806451,1673.790511192783,5009655,1400180,6747195,36,1553,4910,6463,5033,0,636,650,0,0.7787405229769457,0.22125947702305426,0.24029088658517717,1106.8614670790985,3.0,三星級,1
2023,3,宜蘭縣,幼獅大飯店,53.0,285,17.34631771150335,1047.368421052632,298500,0,315860,9,199,0,199,196,3,0,0,0,0.9849246231155779,0.015075376884422065,1.0,181.67985392574568,3.0,三星級,1
2023,3,宜蘭縣,悅川酒店,103.0,1985,62.167240839336046,3880.422670025189,7702639,5253943,12956582,96,3879,1998,5877,5877,0,0,0,0,1.0,0.0,0.6600306278713629,2412.3517068587535,4.0,四星級,1
2023,3,宜蘭縣,礁溪老爺大酒店,197.0,2640,43.22908138202063,6495.736363636363,17148744,9515072,31245223,311,6125,470,6595,6396,15,6,74,38,0.9698256254738438,0.030174374526156234,0.9287338893100834,2808.047158997871,5.0,五星級,1
2023,3,宜蘭縣,綠舞國際觀光飯店,113.0,1168,33.34284898658293,6031.240582191781,7044489,4097106,14707882,284,2038,1359,3397,3397,0,0,0,0,1.0,0.0,0.5999411245216367,2010.9874393377106,4.0,四星級,1
2023,3,宜蘭縣,蘭城晶英酒店,193.0,4932,82.43356175831522,9235.910786699107,45551512,37866991,93169553,371,16804,1013,17817,17264,25,0,51,145,0.9689622270864904,0.03103777291350962,0.9431441881349273,7613.490222296506,5.0,五星級,1
2023,3,宜蘭縣,長榮鳳凰酒店(礁溪),231.0,2836,39.60340734534283,6121.410437235543,17360320,12084452,33809091,240,5812,1309,7121,7005,2,0,28,38,0.9837101530683893,0.01628984693161073,0.8161775031596686,2424.2871107387236,5.0,五星級,1
2023,3,屏東縣,凱撒大飯店,281.0,6469,74.26242681666858,5229.040191683413,33826661,6986781,43014953,218,12042,3138,15180,14617,14,109,89,139,0.9629117259552042,0.037088274044795755,0.7932806324110672,3883.2121455630804,5.0,五星級,1
2023,3,屏東縣,墾丁怡灣渡假酒店,234.0,3135,43.217535153019035,2713.978309409888,8508322,431361,9364229,72,2926,3716,6642,3986,0,0,4,8,0.6001204456489009,0.3998795543510991,0.4405299608551641,1172.91452991453,3.0,三星級,1
2023,3,屏東縣,墾丁福華渡假飯店,458.0,7839,55.21200169037893,2821.110473274653,22114685,10475386,34010649,243,7556,8747,16303,15839,46,2,29,64,0.971538980555726,0.02846101944427404,0.46347298043304913,1557.5915621918584,5.0,五星級,1
2023,3,新北市,八里福朋喜來登酒店,50.0,798,51.48387096774194,4059.477443609022,3239463,2112348,5351811,111,597,43,640,441,17,4,25,103,0.6890625,0.3109375,0.9328125,2089.976129032258,3.0,三星級,1
2023,3,新北市,大板根渡假酒店,95.0,2261,76.77419354838709,5258.0,11888338,12186520,35979165,212,2632,4151,6783,6783,0,0,0,0,1.0,0.0,0.38802889576883387,4036.7870967741933,4.0,四星級,1
2023,3,新北市,板橋凱撒大飯店,400.0,10867,87.63709677419355,3300.717217263274,35868894,8037341,44035771,150,19806,1591,21397,11395,1044,2761,1050,410,0.5325512922372295,0.4674487077627705,0.9256437818385755,2892.652741935484,5.0,五星級,1
2023,3,新北市,瓏山林台北中和飯店,126.0,1451,37.14797747055811,2261.955203308064,3282097,2388996,6552580,77,1988,592,2580,1602,55,58,145,46,0.6209302325581395,0.3790697674418605,0.7705426356589147,840.2706093189965,3.0,三星級,1
2023,3,新北市,碧特弗大飯店,55.0,356,20.87976539589443,2356.435393258427,838891,126007,964901,17,110,446,556,402,0,0,4,1,0.7230215827338129,0.2769784172661871,0.19784172661870503,492.0181818181819,,無星等/未評鑑,0
2023,3,新北市,福容大飯店    淡水漁人碼頭,198.0,3349,54.56174649723037,4506.956106300388,15093796,16246698,32424837,145,2876,5882,8758,8416,22,4,36,216,0.960949988581868,0.039050011418132025,0.32838547613610414,2459.0739654610616,4.0,四星級,1
2023,3,新北市,福容大飯店 福隆,174.0,1614,29.92213570634038,4040.902726146221,6522017,4717637,12457412,111,1512,2222,3734,3714,3,0,0,5,0.9946438136047134,0.005356186395286566,0.40492769148366364,1209.1243974786803,3.0,三星級,1
2023,3,新北市,美麗春天大飯店,34.0,0,0.0,,0,0,0,3,0,0,0,0,0,0,0,0,,,,,,無星等/未評鑑,0
2023,3,新竹市,新竹國賓大飯店,257.0,4967,62.3446717710556,3287.927118985303,16331134,29786725,52652669,281,6002,1043,7045,3809,402,256,38,989,0.540667139815472,0.459332860184528,0.8519517388218595,2049.847370402912,4.0,四星級,1
2023,3,新竹市,新竹老爺大酒店,208.0,4909,76.13213399503722,3033.915461397433,14893491,12976437,29133029,170,5056,2123,7179,4451,746,131,9,855,0.6200027859033291,0.37999721409667087,0.7042763616102521,2309.7845843672453,4.0,四星級,1
2023,3,新竹縣,新竹喜來登大飯店,385.0,8342,69.89526602429828,3795.592304003836,31662831,37657372,79354258,280,8462,2233,10695,5217,177,415,31,2645,0.48779803646563813,0.5122019635343619,0.7912108461898083,2652.9393380812735,4.0,四星級,1
2023,3,新竹縣,豐邑喜來登大飯店,385.0,5562,46.60242982823628,3795.137360661633,21108554,3836437,27248348,94,5641,1488,7129,3475,118,277,21,1764,0.4874456445504278,0.5125543554495722,0.7912750736428672,1768.6262253875161,4.0,四星級,1
2023,3,桃園市,南方莊園渡假飯店,111.0,953,27.69543737285673,5381.97166841553,5129019,10183719,17520712,109,1273,969,2242,2155,4,6,12,0,0.9611953612845674,0.038804638715432604,0.5677966101694916,1490.5605928509156,4.0,四星級,1
2023,3,桃園市,古華花園飯店,255.0,5942,75.16761543327009,2849.618646920229,16932434,7279477,25512816,159,9472,482,9954,5152,464,337,363,497,0.5175808720112518,0.4824191279887482,0.9515772553747237,2141.990385831752,3.0,三星級,1
2023,3,桃園市,台北諾富特華航桃園機場飯店,476.0,8303,56.268636486852806,3665.604841623509,30435517,18427953,50083270,255,10477,410,10887,4702,564,159,94,1403,0.4318912464407091,0.5681087535592909,0.962340405988794,2062.585863377609,4.0,四星級,1
2023,3,桃園市,名人堂花園大飯店,128.0,2091,52.69657258064516,5048.662362505978,10556753,21158779,39501807,406,5160,731,5891,5814,17,0,29,0,0.9869292140553386,0.013070785944661378,0.8759124087591241,2660.4720262096776,,無星等/未評鑑,0
2023,3,桃園市,和逸飯店桃園青埔館,218.0,3663,54.20242675347736,4391.052962052962,16084427,0,18606783,198,8109,0,8109,6907,109,113,120,0,0.8517696386730793,0.1482303613269207,1.0,2380.057265463155,4.0,四星級,1
2023,3,桃園市,尊爵大飯店,218.0,3886,57.50221959159515,2671.34302624807,10380839,6060751,17080396,79,2217,4246,6463,1119,214,3507,25,138,0.17313940894321522,0.8268605910567848,0.34302955283923875,1536.0815329979284,3.0,三星級,1
2023,3,桃園市,尊爵天際大飯店,250.0,4597,59.31612903225807,2462.279965194692,11319101,2836654,14388078,68,2925,4290,7215,1029,230,1454,0,189,0.14261954261954263,0.8573804573804573,0.40540540540540543,1460.5291612903227,3.0,三星級,1
2023,3,桃園市,桃園喜來登酒店,189.0,2840,48.47243556920977,3457.73838028169,9819977,8322410,19716639,118,2974,1353,4327,2690,192,85,44,715,0.6216778368384562,0.37832216316154377,0.6873122255604345,1676.0500085338797,4.0,四星級,1
2023,3,桃園市,福容大飯店   桃園,182.0,4688,83.09110244594116,2172.475255972696,10184564,4088451,14582257,64,4867,1184,6051,1369,359,261,24,202,0.2262435960998182,0.7737564039001819,0.8043298628325897,1805.1336405529953,3.0,三星級,1
2023,3,澎湖縣,寶華大飯店,74.0,361,15.73670444638187,1242.831024930748,448662,2855,453517,15,418,252,670,654,10,0,4,0,0.9761194029850746,0.023880597014925398,0.6238805970149254,195.58064516129042,,無星等/未評鑑,0
2023,3,澎湖縣,澎湖福朋喜來登酒店,331.0,3820,37.22834031770783,2391.118586387434,9134073,11889609,23280582,194,6018,2866,8884,8638,10,0,2,110,0.9723097703737056,0.027690229626294416,0.6773975686627646,890.1737647402787,5.0,五星級,1
2023,3,花蓮縣,太魯閣晶英酒店,160.0,3478,70.12096774193549,10028.77314548591,34880073,10626754,50251748,190,5665,3472,9137,8511,12,2,22,224,0.9314873590894167,0.06851264091058329,0.6200065667067965,7032.272782258063,5.0,五星級,1
2023,3,花蓮縣,東旭觀海酒店,168.0,1,0.01920122887864823,1376.0,1376,0,1376,24,1,0,1,1,0,0,0,0,1.0,0.0,1.0,0.26420890937019964,,無星等/未評鑑,0
2023,3,花蓮縣,瑞穗天合國際觀光酒店,198.0,2497,40.681003584229394,11426.3127753304,28531503,3265591,33302990,225,2605,3480,6085,6046,7,0,6,12,0.9935907970419063,0.006409202958093663,0.42810188989317993,4648.338709677421,5.0,五星級,1
2023,3,花蓮縣,美侖大飯店,299.0,3097,33.41245010249218,3661.969325153374,11341119,4156979,16359383,191,4832,2155,6987,6583,11,22,24,220,0.9421783311864892,0.05782166881351081,0.6915700586804064,1223.5536735354408,5.0,五星級,1
2023,3,花蓮縣,花蓮翰品酒店,156.0,1435,29.67328370554177,2361.803484320557,3389188,2143833,5572761,96,3551,174,3725,3427,29,135,31,21,0.92,0.07999999999999996,0.9532885906040268,700.8246484698096,,無星等/未評鑑,0
2023,3,花蓮縣,遠雄悅來大飯店,381.0,4156,35.187537041740754,4642.61333012512,19294701,13427753,37775344,316,6838,3403,10241,10099,11,1,5,59,0.9861341665852944,0.013865833414705597,0.6677082316180061,1633.6212852425708,5.0,五星級,1
2023,3,苗栗縣,馥藝金鬱金香酒店,191.0,3593,60.68231717615268,1938.003339827442,6963246,3807181,11017401,93,4562,2839,7401,7093,17,2,60,20,0.95838400216187,0.04161599783812997,0.6164031887582759,1176.0253335585203,3.0,三星級,1
2023,3,金門縣,陸島酒店,47.0,583,40.013726835964306,1263.070325900514,736370,89280,827000,13,17,1099,1116,1116,0,0,0,0,1.0,0.0,0.015232974910394265,505.4015099519558,,無星等/未評鑑,0
2023,3,高雄市,寒軒國際大飯店,375.0,7403,63.681720430107525,2074.108334459003,15354624,12796444,28740078,181,6839,4706,11545,8870,1217,197,132,102,0.7682979644867908,0.23170203551320923,0.5923776526634907,1320.8278709677418,5.0,五星級,1
2023,3,高雄市,承攜行旅 高雄六合館,269.0,2582,30.962945197265864,2379.230828814872,6143174,0,6143174,39,6378,388,6766,6717,18,11,5,5,0.9927579071829737,0.007242092817026258,0.942654448714159,736.6799376424033,,無星等/未評鑑,0
2023,3,高雄市,晶英國際行館,147.0,1873,41.10160193109502,9503.658302189002,17800352,15238788,42580703,209,2011,1105,3116,2610,41,18,137,100,0.8376123234916559,0.16238767650834407,0.6453786906290115,3906.155804257187,4.0,四星級,1
2023,3,高雄市,漢來大飯店,535.0,10202,61.51341573711184,3692.045089198196,37666244,67655911,119318061,781,12848,3770,16618,10529,1150,930,201,1146,0.6335900830424841,0.3664099169575159,0.773137561680106,2271.103044920108,5.0,五星級,1
2023,3,高雄市,福容大飯店 高雄,250.0,4655,60.064516129032256,2326.734908700322,10830951,4743679,15590175,78,4286,4986,9272,7952,175,202,67,77,0.8576358930112166,0.14236410698878343,0.46225194132873165,1397.5420645161291,3.0,三星級,1
2023,3,高雄市,義大皇家酒店,656.0,10489,51.57848151062156,2655.520926685099,27853759,18334863,49594921,407,8781,17848,26629,25722,21,323,202,17,0.9659393893875099,0.034060610612490105,0.3297532765030606,1369.67737018096,4.0,四星級,1
2023,3,高雄市,高雄圓山大飯店,105.0,2087,64.11674347158218,2719.15380929564,5674874,10681472,17490194,128,3288,1502,4790,4462,95,30,38,40,0.9315240083507307,0.06847599164926932,0.6864300626304801,1743.4328725038404,5.0,五星級,1
2023,3,高雄市,高雄福華大飯店,271.0,5710,67.96809903582907,2433.648336252189,13896132,20180904,37546671,283,7541,2907,10448,7211,1641,308,121,90,0.6901799387442573,0.3098200612557427,0.7217649310872895,1654.1045113676944,5.0,五星級,1
2023,3,高雄市,高雄萬豪酒店,700.0,11572,53.327188940092164,4878.428620808849,56453176,71599972,134791137,675,15286,5668,20954,15571,279,139,393,2450,0.7431039419681207,0.2568960580318793,0.7295027202443447,2601.528847926267,5.0,五星級,1
2023,3,高雄市,麗尊大酒店,188.0,3299,56.606039807824295,2637.0,8699463,10397870,19776526,168,5145,233,5378,4121,588,66,143,92,0.7662699888434362,0.23373001115656378,0.9566753439940499,1492.7012697323266,3.0,三星級,1
2023,4,南投縣,涵碧樓大飯店,96.0,2196,76.25,17190.25273224044,37749795,10207856,53953140,285,3677,910,4587,3775,65,7,24,250,0.8229779812513626,0.17702201874863743,0.8016132548506649,13107.567708333336,5.0,五星級,1
2023,4,南投縣,雲品溫泉酒店日月潭,211.0,2970,46.91943127962085,14327.07104377104,42551401,16452730,62651561,292,5642,2318,7960,7020,23,0,143,329,0.8819095477386935,0.11809045226130654,0.7087939698492463,6722.180252764611,5.0,五星級,1
2023,4,台中市,全國大飯店,178.0,3011,56.38576779026218,2172.528727997343,6541484,3923204,12223243,60,4666,893,5559,4231,573,30,86,162,0.7611081129699586,0.23889188703004138,0.8393595970498291,1224.9970037453186,5.0,五星級,1
2023,4,台中市,台中港酒店,200.0,4667,77.78333333333333,3266.229912149132,15243495,2657923,19063760,102,6953,515,7468,3993,1171,180,30,29,0.5346813069094805,0.46531869309051954,0.9310391001606856,2540.5824999999995,3.0,三星級,1
2023,4,台中市,台中福華大飯店,155.0,3997,85.95698924731184,3223.890668001001,12885891,10450540,26188545,180,6820,462,7282,4602,292,151,91,182,0.6319692392199945,0.3680307607800055,0.9365558912386707,2771.1593548387104,5.0,五星級,1
2023,4,台中市,台中金典酒店,222.0,5152,77.35735735735736,3289.851125776398,16949313,20409289,49910155,256,6675,3528,10203,8075,548,90,246,269,0.7914338919925512,0.2085661080074488,0.6542193472508085,2544.9418918918923,5.0,五星級,1
2023,4,台中市,裕元花園酒店,149.0,3781,84.58612975391499,3823.695054218461,14457391,24618858,44070489,279,5479,712,6191,4769,325,130,108,193,0.7703117428525279,0.2296882571474721,0.884994346632208,3234.3156599552576,5.0,五星級,1
2023,4,台中市,通豪大飯店,226.0,0,0.0,,0,0,0,33,0,0,0,0,0,0,0,0,,,,,3.0,三星級,1
2023,4,台中市,長榮桂冠酒店(台中),354.0,7471,70.34839924670433,2674.770178021684,19983208,20855926,46059110,255,5307,2164,7471,6019,404,42,71,8,0.8056485075625753,0.19435149243742467,0.7103466738053809,1881.6580037664785,5.0,五星級,1
2023,4,台中市,龍谷大飯店,189.0,1656,29.20634920634921,2040.295289855072,3378729,1130114,4814657,35,1894,2008,3902,3872,6,0,12,0,0.9923116350589442,0.0076883649410558474,0.48539210661199383,595.8957671957671,,無星等/未評鑑,0
2023,4,台北市,JR東日本大飯店台北,288.0,7068,81.80555555555556,5433.534663271081,38404223,15281183,57109256,236,13187,477,13664,3500,1950,644,3107,1282,0.25614754098360654,0.7438524590163935,0.9650907494145199,4444.933217592593,4.0,四星級,1
2023,4,台北市,三德大飯店,287.0,2884,33.49593495934959,2266.932385575589,6537833,1945961,11935547,72,4009,344,4353,1200,440,220,637,133,0.27567195037904896,0.724328049620951,0.9209740408913393,759.3301974448312,3.0,三星級,1
2023,4,台北市,亞都麗緻大飯店,219.0,3218,48.980213089802135,4674.246426351771,15041725,12884269,30585931,170,3524,0,3524,1116,660,124,181,358,0.3166855845629966,0.6833144154370034,1.0,2289.455859969559,4.0,四星級,1
2023,4,台北市,兄弟大飯店,250.0,4850,64.66666666666666,3629.23381443299,17601784,43516494,66236981,450,4233,3307,7540,3460,1325,375,368,644,0.4588859416445623,0.5411140583554377,0.5614058355437666,2346.9045333333333,4.0,四星級,1
2023,4,台北市,北投老爺酒店,50.0,1199,79.93333333333334,6052.962468723937,7257502,3123365,11692114,58,2562,120,2682,1715,15,67,547,85,0.6394481730052199,0.36055182699478006,0.9552572706935123,4838.334666666667,4.0,四星級,1
2023,4,台北市,北投麗禧溫泉酒店,66.0,1439,72.67676767676767,15633.5128561501,22496625,9379590,38047218,151,2142,78,2220,1075,45,75,594,104,0.48423423423423423,0.5157657657657657,0.9648648648648649,11361.931818181814,4.0,四星級,1
2023,4,台北市,台北W飯店,402.0,9239,76.60862354892205,9185.66338348306,84866344,28447621,128008337,369,15400,516,15916,3481,624,396,2117,4445,0.21871073133953253,0.7812892686604674,0.9675797939180699,7037.0102819237145,5.0,五星級,1
2023,4,台北市,台北中山雅樂軒酒店,88.0,2376,90.0,4506.915824915824,10708432,282476,12289963,40,3740,0,3740,578,282,110,411,1102,0.15454545454545454,0.8454545454545455,1.0,4056.2242424242413,,無星等/未評鑑,0
2023,4,台北市,台北凱撒大飯店,478.0,13681,95.4044630404463,3002.090490461223,41071600,15296946,59055074,134,23883,2820,26703,7426,3618,3481,4562,999,0.2780960940718271,0.7219039059281729,0.8943938883271543,2864.1283124128304,4.0,四星級,1
2023,4,台北市,台北君品大酒店,286.0,5595,65.20979020979021,4726.826452189455,26446594,42283062,72372237,315,7542,2522,10064,3498,665,296,2019,906,0.3475755166931638,0.6524244833068362,0.7494038155802861,3082.353613053613,5.0,五星級,1
2023,4,台北市,台北君悅酒店,850.0,19050,74.70588235294117,5650.891128608924,107649476,90262514,204439042,536,25500,3168,28668,6725,1313,1745,999,9624,0.23458211245988558,0.7654178875401144,0.8894935119296777,4221.548078431372,5.0,五星級,1
2023,4,台北市,台北寒舍喜來登大飯店,688.0,14503,70.26647286821705,4337.514169482176,62906968,100895476,183049631,749,20284,4851,25135,9805,1300,1205,1901,4716,0.39009349512631786,0.6099065048736821,0.8070021881838074,3047.818217054263,5.0,五星級,1
2023,4,台北市,台北寒舍艾美酒店,160.0,3854,80.29166666666666,9842.233264141152,37931967,55310711,102585995,332,5636,167,5803,2391,181,47,764,1135,0.41202826124418407,0.5879717387558159,0.9712217818369808,7902.493124999999,5.0,五星級,1
2023,4,台北市,台北美福大飯店,146.0,2913,66.5068493150685,5848.325780981806,17036173,63387527,87421378,370,4313,1097,5410,2916,193,825,266,601,0.5390018484288355,0.4609981515711645,0.7972273567467653,3889.5372146118725,6.0,卓越五星,1
2023,4,台北市,台北花園大酒店,241.0,5612,77.6210235131397,2486.941553813257,13956716,16302565,38182874,142,10214,494,10708,1490,203,2641,1003,326,0.13914830033619724,0.8608516996638027,0.9538662682106837,1930.3894882434302,4.0,四星級,1
2023,4,台北市,台北萬豪酒店,318.0,8822,92.47379454926626,5739.496712763545,50633840,65448941,140038498,463,10156,2169,12325,3790,221,1735,649,4672,0.30750507099391483,0.6924949290060851,0.8240162271805274,5307.5303983228505,5.0,五星級,1
2023,4,台北市,台北遠東香格里拉,420.0,9221,73.18253968253968,6457.978852619021,59549023,48602631,124528278,462,14936,2036,16972,3462,663,629,1933,4118,0.20398303087438133,0.7960169691256187,0.8800377091680415,4726.112936507936,5.0,五星級,1
2023,4,台北市,合尊酒店 S Hotel,101.0,1274,42.04620462046205,3112.842229199372,3965761,625085,5093771,45,1466,673,2139,647,28,18,143,46,0.3024777933613838,0.6975222066386162,0.6853669939223936,1308.8320132013203,,無星等/未評鑑,0
2023,4,台北市,國王大飯店,97.0,1793,61.61512027491409,1735.958728388176,3112574,440680,3566104,47,537,1256,1793,343,1144,24,48,29,0.1912994980479643,0.8087005019520357,0.2994980479643056,1069.613058419244,3.0,三星級,1
2023,4,台北市,國聯大飯店,243.0,3300,45.26748971193416,2571.431818181818,8485725,432,9377603,36,1020,2698,3718,2011,201,293,258,290,0.5408821947283485,0.45911780527165147,0.2743410435718128,1164.022633744856,4.0,四星級,1
2023,4,台北市,圓山大飯店,473.0,11249,79.27413671599717,3625.207129522624,40779955,66718686,122496884,542,12675,10473,23148,16150,2176,875,679,1147,0.6976844651805771,0.30231553481942286,0.5475635044064282,2873.851656095842,5.0,五星級,1
2023,4,台北市,天成大飯店,225.0,5989,88.72592592592594,3515.629487393555,21055105,24362230,48319958,294,11812,500,12312,2049,1293,1794,1900,821,0.16642300194931775,0.8335769980506822,0.9593892137751787,3119.2748148148153,4.0,四星級,1
2023,4,台北市,寒舍艾麗酒店,235.0,5627,79.81560283687944,5842.836680291452,32877642,20192694,58944818,190,8243,841,9084,3495,140,187,1625,556,0.3847424042272127,0.6152575957727873,0.9074196389255834,4663.495319148936,5.0,五星級,1
2023,4,台北市,日勝生加賀屋國際溫泉飯店,89.0,1162,43.52059925093633,11797.58605851979,13708795,7637071,27700821,137,1504,23,1527,696,86,10,476,93,0.45579567779960706,0.5442043222003929,0.9849377865094957,5134.380149812732,,無星等/未評鑑,0
2023,4,台北市,晶華酒店,538.0,12892,79.87608426270137,5179.649705243562,66776044,127126093,217255241,922,19760,3608,23368,11182,3586,1767,1295,2043,0.47851763094830535,0.5214823690516946,0.8456008216364259,4137.30136307311,5.0,五星級,1
2023,4,台北市,歐華酒店,112.0,1399,41.63690476190476,3252.997140814868,4550943,4868742,10534833,98,2062,585,2647,811,325,66,138,205,0.30638458632414056,0.6936154136758594,0.7789950887797507,1354.4473214285715,4.0,四星級,1
2023,4,台北市,漢普頓酒店,129.0,2712,70.07751937984497,2717.799041297935,7370671,2119937,11342409,66,4639,798,5437,2363,1051,128,503,291,0.4346146772116976,0.5653853227883023,0.8532278830237263,1904.5661498708014,,無星等/未評鑑,0
2023,4,台北市,福容大飯店  台北一館,120.0,2252,62.55555555555555,2946.490230905862,6635496,5381173,12584153,77,2623,673,3296,1491,149,97,144,159,0.4523665048543689,0.5476334951456311,0.7958131067961165,1843.1933333333334,4.0,四星級,1
2023,4,台北市,福華大飯店,606.0,12442,68.43784378437844,4292.39672078444,53406000,34844000,103305000,510,22182,780,22962,8954,1732,1612,1012,2824,0.38994861074819265,0.6100513892518074,0.9660308335510844,2937.623762376238,5.0,五星級,1
2023,4,台北市,第一大飯店,176.0,3187,60.35984848484849,1698.601192343897,5413442,9504803,35416272,34,960,4614,5574,1447,1106,82,198,254,0.25959813419447436,0.7404018658055256,0.1722282023681378,1025.2731060606063,4.0,四星級,1
2023,4,台北市,美麗信花園酒店,203.0,4840,79.47454844006569,2299.480371900826,11129485,2690757,19065801,120,7652,1601,9253,3196,1243,1103,850,697,0.34540149140819193,0.654598508591808,0.8269750351237436,1827.5016420361246,,無星等/未評鑑,0
2023,4,台北市,義華酒店,149.0,2575,57.60626398210291,3329.252427184466,8572825,167447,9731122,13,3807,174,3981,1886,110,102,249,801,0.47375031399145945,0.5262496860085406,0.9562923888470234,1917.8579418344518,,無星等/未評鑑,0
2023,4,台北市,老爺大酒店,202.0,5055,83.41584158415841,4798.459545004946,24256213,21296124,51709013,186,7403,281,7684,2474,2928,104,418,524,0.3219677251431546,0.6780322748568455,0.963430504945341,4002.675412541255,5.0,五星級,1
2023,4,台北市,豪景大酒店,180.0,2070,38.33333333333334,2097.315942028985,4341444,68620,4756368,26,212,3726,3938,512,221,501,36,44,0.13001523616048755,0.8699847638395124,0.05383443372270188,803.9711111111111,3.0,三星級,1
2023,4,台北市,雀客旅館台北南京,56.0,1481,88.1547619047619,2560.32478055368,3791841,0,3791841,12,3122,284,3406,2961,65,36,96,0,0.8693482090428656,0.13065179095713442,0.9166177334116266,2257.048214285714,,無星等/未評鑑,0
2023,4,台北市,雀客藏居台北陽明山,50.0,851,56.733333333333334,4697.008225616922,3997154,2327250,6786706,8,1658,44,1702,1192,0,0,156,0,0.700352526439483,0.299647473560517,0.9741480611045829,2664.7693333333336,3.0,三星級,1
2023,4,台南市,台南大員皇冠假日酒店,230.0,4918,71.27536231884058,4358.299511996746,21434117,17337451,42836421,210,7130,1809,8939,7469,17,56,137,230,0.8355520751761942,0.16444792482380577,0.7976283700637655,3106.393768115942,5.0,五星級,1
2023,4,台南市,台南大飯店,152.0,3103,68.04824561403508,2189.649049307122,6794481,7376695,14845409,120,4841,229,5070,3616,600,49,126,133,0.7132149901380671,0.2867850098619329,0.9548323471400394,1490.0177631578945,3.0,三星級,1
2023,4,台南市,台南遠東香格里拉,330.0,8462,85.47474747474747,5054.372370597967,42770099,16102625,67932861,433,11024,301,11325,4918,390,521,281,2294,0.4342604856512141,0.5657395143487859,0.9734216335540838,4320.21202020202,5.0,五星級,1
2023,4,台南市,台糖長榮酒店(台南),197.0,4424,74.85617597292725,3262.203435804702,14431988,17571716,33150504,157,7295,2017,9312,8453,181,85,45,118,0.9077534364261168,0.09224656357388317,0.783397766323024,2441.9607445008464,5.0,五星級,1
2023,4,台南市,趣淘漫旅,198.0,2476,41.683501683501675,3998.13126009693,9899373,2600395,13907356,90,4156,2924,7080,6989,2,0,19,8,0.9871468926553673,0.012853107344632742,0.5870056497175141,1666.5611111111107,3.0,三星級,1
2023,4,台南市,遠百企業觀光旅館,40.0,40,3.3333333333333335,1010.0,40400,0,40400,23,80,0,80,80,0,0,0,0,1.0,0.0,1.0,33.66666666666667,,無星等/未評鑑,0
2023,4,台東縣,台東桂田喜來登酒店,290.0,4582,52.666666666666664,4156.463116542995,19044914,15259799,35137078,162,5883,5042,10925,10688,8,0,34,121,0.9783066361556064,0.021693363844393576,0.5384897025171624,2189.070574712644,5.0,五星級,1
2023,4,台東縣,娜路彎大酒店,292.0,4891,55.833333333333336,5865.751380085872,28689390,14725730,49196506,176,8875,1513,10388,10366,6,0,8,0,0.9978821717366192,0.0021178282633808054,0.854351174432037,3275.0445205479455,5.0,五星級,1
2023,4,台東縣,樂樂日暉溫泉酒店,48.0,793,55.06944444444445,2494.402269861286,1978061,0,1978061,9,1588,0,1588,1588,0,0,0,0,1.0,0.0,1.0,1373.6534722222223,,無星等/未評鑑,0
2023,4,台東縣,知本老爺大酒店,182.0,3973,72.76556776556777,5948.314623710043,23632654,10628946,38794429,190,7696,1214,8910,8603,8,0,45,49,0.9655443322109989,0.03445566778900111,0.8637485970819304,4328.324908424908,5.0,五星級,1
2023,4,嘉義市,耐斯王子大飯店,245.0,4689,63.795918367346935,2468.579867775645,11575171,11395982,24534371,132,4713,6986,11699,11264,50,24,5,83,0.9628173348149415,0.03718266518505853,0.4028549448670827,1574.8531972789115,5.0,五星級,1
2023,4,嘉義市,鈺通大飯店,120.0,1821,50.583333333333336,2098.359692476661,3821113,4022775,7862954,57,1943,1756,3699,3665,4,0,10,20,0.9908083265747499,0.009191673425250069,0.5252771019194377,1061.4202777777778,3.0,三星級,1
2023,4,嘉義縣,名都觀光渡假大飯店,97.0,1609,55.292096219931274,1932.454319453077,3109319,2132079,5318463,50,1659,2338,3997,3997,0,0,0,0,1.0,0.0,0.415061295971979,1068.4945017182135,3.0,三星級,1
2023,4,嘉義縣,阿里山賓館(歷史館),35.0,416,39.61904761904762,10304.66105769231,4286739,0,4286739,11,772,332,1104,1047,5,0,7,14,0.9483695652173914,0.05163043478260865,0.6992753623188406,4082.6085714285728,4.0,四星級,1
2023,4,嘉義縣,阿里山賓館(現代館),104.0,2025,64.90384615384616,10335.49333333333,20929374,8713897,30287926,106,3777,1618,5395,5113,22,2,34,70,0.9477293790546802,0.05227062094531976,0.7000926784059314,6708.132692307691,4.0,四星級,1
2023,4,基隆市,長榮桂冠酒店(基隆),140.0,3534,84.14285714285714,3232.303338992643,11422960,7063688,21867125,88,5455,2703,8158,7814,32,15,54,50,0.9578328021573915,0.04216719784260847,0.6686687913704339,2719.752380952381,5.0,五星級,1
2023,4,宜蘭縣,凱渡廣場酒店,285.0,1710,20.0,5494.15029239766,9394997,6625178,17519474,99,3527,266,3793,3787,0,0,2,2,0.9984181386765094,0.0015818613234905854,0.9298708146585816,1098.830058479532,,無星等/未評鑑,0
2023,4,宜蘭縣,山泉大飯店,146.0,3211,73.31050228310502,1834.947056991591,5892015,1594395,7880432,36,1660,5294,6954,5622,0,493,614,0,0.808455565142364,0.19154443485763595,0.23871153293068736,1345.2089041095887,3.0,三星級,1
2023,4,宜蘭縣,幼獅大飯店,53.0,291,18.30188679245283,1369.862542955326,398630,0,429880,9,49,129,178,178,0,0,0,0,1.0,0.0,0.2752808988764045,250.71069182389928,3.0,三星級,1
2023,4,宜蘭縣,悅川酒店,103.0,2393,77.44336569579288,4352.172586711241,10414749,5940203,16354952,98,4421,2710,7131,7131,0,0,0,0,1.0,0.0,0.6199691487869864,3370.4689320388347,4.0,四星級,1
2023,4,宜蘭縣,礁溪老爺大酒店,197.0,4632,78.3756345177665,8278.456174438687,38345809,22155530,71194575,313,10269,1881,12150,11243,15,16,470,151,0.9253497942386831,0.07465020576131687,0.8451851851851852,6488.29255499154,5.0,五星級,1
2023,4,宜蘭縣,綠舞國際觀光飯店,113.0,1474,43.480825958702056,6929.495251017639,10214076,5574266,20449061,287,2800,1867,4667,4667,0,0,0,0,1.0,0.0,0.5999571459181487,3013.0017699115037,4.0,四星級,1
2023,4,宜蘭縣,蘭城晶英酒店,193.0,5605,96.80483592400691,10478.42301516503,58731561,48970107,119818557,363,21203,483,21686,20439,13,0,656,106,0.942497463801531,0.05750253619846901,0.9777275661717237,10143.620207253884,5.0,五星級,1
2023,4,宜蘭縣,長榮鳳凰酒店(礁溪),231.0,3335,48.12409812409812,7079.345127436281,23609616,15436995,43792088,238,7064,1856,8920,8719,18,3,119,44,0.9774663677130044,0.022533632286995564,0.7919282511210762,3406.870995670995,5.0,五星級,1
2023,4,屏東縣,凱撒大飯店,281.0,6336,75.16014234875445,7502.521306818182,47535975,7285811,57752955,213,15393,1035,16428,15391,46,134,257,160,0.9368760652544437,0.06312393474555633,0.9369978086194303,5638.905693950178,5.0,五星級,1
2023,4,屏東縣,墾丁怡灣渡假酒店,234.0,3867,55.08547008547009,3634.642099818981,14055161,827670,15805216,73,6620,3479,10099,4129,0,0,0,16,0.40885236161996236,0.5911476383800376,0.6555104465788691,2002.1596866096868,3.0,三星級,1
2023,4,屏東縣,墾丁福華渡假飯店,458.0,8269,60.18195050946142,4437.605393638893,36694559,9320387,47170801,242,11967,7780,19747,18719,62,53,85,158,0.9479414594621968,0.05205854053780323,0.6060161037119562,2670.6374818049494,5.0,五星級,1
2023,4,新北市,八里福朋喜來登酒店,208.0,1733,27.772435897435898,5617.783612233122,9735619,8569893,18362084,130,3563,828,4391,3963,4,0,58,251,0.9025278979731268,0.09747210202687318,0.8114324755181053,1560.1953525641024,3.0,三星級,1
2023,4,新北市,大板根渡假酒店,95.0,2268,79.57894736842105,7136.0,16184448,13410842,45700135,217,3640,3164,6804,6804,0,0,0,0,1.0,0.0,0.5349794238683128,5678.753684210527,4.0,四星級,1
2023,4,新北市,板橋凱撒大飯店,400.0,10705,89.20833333333333,3607.734890238206,38620802,7859080,46606142,147,20256,1840,22096,11437,562,2880,2892,455,0.5176049963794352,0.48239500362056476,0.9167270094134685,3218.400166666666,5.0,五星級,1
2023,4,新北市,瓏山林台北中和飯店,126.0,1680,44.44444444444444,2325.876785714286,3907473,1865307,6345402,77,2734,724,3458,1913,81,35,117,107,0.55320994794679,0.44679005205321,0.7906304222093696,1033.723015873016,3.0,三星級,1
2023,4,新北市,碧特弗大飯店,55.0,273,16.54545454545455,2384.567765567765,650987,327239,978226,17,145,267,412,284,1,0,2,1,0.6893203883495146,0.3106796116504854,0.35194174757281554,394.5375757575758,,無星等/未評鑑,0
2023,4,新北市,福容大飯店    淡水漁人碼頭,198.0,3644,61.34680134680135,5097.90724478595,18576774,18029477,39683392,146,5218,3562,8780,8475,5,3,22,157,0.965261958997722,0.03473804100227795,0.5943052391799545,3127.4030303030304,4.0,四星級,1
2023,4,新北市,福容大飯店 福隆,174.0,2503,47.95019157088123,5220.108270075909,13065931,7270566,24078653,122,3780,2782,6562,6521,0,0,13,7,0.9937519049070406,0.006248095092959427,0.5760438890582139,2503.0519157088124,3.0,三星級,1
2023,4,新北市,美麗春天大飯店,34.0,0,0.0,,0,0,0,3,0,0,0,0,0,0,0,0,,,,,,無星等/未評鑑,0
2023,4,新竹市,新竹國賓大飯店,257.0,5089,66.00518806744488,3289.118097858126,16738322,28942560,52235449,283,5770,2202,7972,5047,467,252,48,833,0.6330908178625189,0.36690918213748114,0.7237832413447065,2170.9885862516217,4.0,四星級,1
2023,4,新竹市,新竹老爺大酒店,208.0,4219,67.61217948717949,3188.370940981275,13451737,11893564,26407671,171,6016,1832,7848,6210,447,89,41,560,0.7912844036697247,0.20871559633027525,0.7665647298674821,2155.727083333333,4.0,四星級,1
2023,4,新竹縣,新竹喜來登大飯店,385.0,7909,68.47619047619048,3832.847009735744,30313987,33764758,73238921,278,8399,3343,11742,7409,198,470,49,1961,0.6309827967978198,0.36901720320218023,0.7152955203542838,2624.587619047619,4.0,四星級,1
2023,4,新竹縣,豐邑喜來登大飯店,385.0,5273,45.65367965367965,3832.604589417789,20209324,3010297,25331195,91,5599,2228,7827,4937,132,314,33,1307,0.6307652996039351,0.3692347003960649,0.7153443209403347,1749.725021645022,4.0,四星級,1
2023,4,桃園市,南方莊園渡假飯店,111.0,1555,46.6966966966967,6250.83922829582,9720055,8484254,21235841,106,3365,939,4304,4134,8,0,130,4,0.9605018587360595,0.03949814126394047,0.7818308550185874,2918.9354354354355,4.0,四星級,1
2023,4,桃園市,古華花園飯店,255.0,6095,79.67320261437908,2881.19064807219,17560857,7272718,25947080,159,10724,334,11058,6784,423,226,643,662,0.6134924941219027,0.38650750587809735,0.9697956230783144,2295.5368627450976,3.0,三星級,1
2023,4,桃園市,台北諾富特華航桃園機場飯店,476.0,8637,60.48319327731092,3765.232372351511,32520312,18605122,52347654,253,11509,889,12398,5466,496,192,289,1517,0.4408775608969189,0.5591224391030811,0.9282948862719793,2277.3327731092436,4.0,四星級,1
2023,4,桃園市,名人堂花園大飯店,128.0,2595,67.578125,5559.461657032755,14426803,22243591,48470888,388,7158,606,7764,7574,0,6,0,105,0.9755280783101494,0.024471921689850573,0.9219474497681608,3756.979947916667,,無星等/未評鑑,0
2023,4,桃園市,和逸飯店桃園青埔館,218.0,4638,70.91743119266056,5520.180465717982,25602597,0,28728147,174,11770,0,11770,9914,130,0,434,0,0.8423109600679695,0.15768903993203054,1.0,3914.7701834862387,4.0,四星級,1
2023,4,桃園市,尊爵大飯店,218.0,3742,57.217125382263,2569.406199893105,9614718,5049001,15181258,79,2229,4000,6229,1238,187,3548,130,152,0.19874779258307915,0.8012522074169208,0.3578423502969979,1470.140366972477,3.0,三星級,1
2023,4,桃園市,尊爵天際大飯店,250.0,4580,61.06666666666667,2344.610043668122,10738314,2559756,13463788,71,2856,4188,7044,731,89,1186,0,267,0.1037762634866553,0.8962237365133447,0.40545144804088584,1431.7752000000003,3.0,三星級,1
2023,4,桃園市,桃園喜來登酒店,189.0,2231,39.34744268077601,3466.488121918422,7733735,5627350,14606426,121,3206,628,3834,2624,52,33,58,483,0.6844027125717267,0.3155972874282733,0.8362023995826813,1363.97442680776,4.0,四星級,1
2023,4,桃園市,福容大飯店   桃園,182.0,4148,75.97069597069597,3007.55906460945,12475355,4893413,17723478,65,4078,1953,6031,1734,255,282,22,120,0.2875145083734041,0.7124854916265959,0.6761731056209583,2284.863553113553,3.0,三星級,1
2023,4,澎湖縣,寶華大飯店,74.0,1063,47.88288288288288,2499.431796801505,2656896,26795,2685691,15,983,982,1965,1943,0,0,8,3,0.9888040712468193,0.01119592875318065,0.5002544529262086,1196.8,,無星等/未評鑑,0
2023,4,澎湖縣,澎湖福朋喜來登酒店,331.0,8083,81.39979859013091,3797.093405913646,30691906,27207775,63418529,195,7753,11286,19039,18851,12,0,0,30,0.9901255318031409,0.00987446819685911,0.40721676558642783,3090.82638469285,5.0,五星級,1
2023,4,花蓮縣,太魯閣晶英酒店,160.0,3707,77.22916666666667,11310.33612085244,41927416,12312863,59780491,190,5972,3818,9790,8979,9,5,87,192,0.9171603677221655,0.08283963227783453,0.6100102145045966,8734.878333333332,5.0,五星級,1
2023,4,花蓮縣,瑞穗天合國際觀光酒店,198.0,3151,53.04713804713804,12817.63186290067,40388358,5112135,46730168,223,5274,3533,8807,8628,4,3,64,67,0.9796752583172477,0.020324741682752334,0.5988418303622118,6799.386868686869,5.0,五星級,1
2023,4,花蓮縣,美侖大飯店,299.0,4825,53.79041248606467,4529.934715025906,21856935,5936635,29098865,194,8882,3143,12025,11426,16,24,58,184,0.9501871101871102,0.04981288981288978,0.7386278586278586,2436.670568561873,5.0,五星級,1
2023,4,花蓮縣,花蓮翰品酒店,156.0,2537,54.2094017094017,3057.365392195507,7756536,4182341,12145130,93,6236,839,7075,6656,25,3,106,13,0.9407773851590105,0.05922261484098945,0.8814134275618375,1657.3794871794871,,無星等/未評鑑,0
2023,4,花蓮縣,遠雄悅來大飯店,381.0,4817,42.14348206474191,6323.123936059788,30458488,14562458,51673656,324,9194,3820,13014,12765,4,9,53,75,0.9808667588750576,0.019133241124942413,0.706469955432611,2664.7846019247595,5.0,五星級,1
2023,4,苗栗縣,馥藝金鬱金香酒店,191.0,3547,61.90226876090751,2380.717789681421,8444406,5049952,13720672,89,5597,2046,7643,7420,41,14,26,9,0.9708229752714903,0.029177024728509693,0.7323040690828209,1473.71832460733,3.0,三星級,1
2023,4,金門縣,陸島酒店,47.0,690,48.93617021276596,1518.123188405797,1047505,119520,1170215,15,34,1460,1494,1494,0,0,0,0,1.0,0.0,0.022757697456492636,742.9113475177305,,無星等/未評鑑,0
2023,4,高雄市,寒軒國際大飯店,375.0,7312,64.99555555555555,2293.220733041575,16768030,11105690,28512622,179,7087,4564,11651,9385,903,127,276,210,0.8055102566303322,0.19448974336966784,0.6082739678997511,1490.4915555555551,5.0,五星級,1
2023,4,高雄市,承攜行旅 高雄六合館,269.0,3219,39.88847583643123,2212.525939732836,7122121,0,7122121,39,8944,726,9670,8834,52,33,56,7,0.9135470527404344,0.08645294725956565,0.9249224405377456,882.5428748451054,,無星等/未評鑑,0
2023,4,高雄市,晶英國際行館,147.0,1525,34.58049886621315,8191.553442622951,12492119,12833393,27539557,205,2944,44,2988,2556,25,43,116,93,0.8554216867469879,0.14457831325301207,0.9852744310575636,2832.6800453514734,4.0,四星級,1
2023,4,高雄市,漢來大飯店,535.0,10416,64.89719626168224,3908.764496927804,40713691,67490688,121348406,780,15231,3021,18252,12974,554,379,336,1177,0.7108262108262108,0.2891737891737892,0.8344838921761999,2536.6785669781934,5.0,五星級,1
2023,4,高雄市,福容大飯店 高雄,250.0,4763,63.50666666666667,2624.254041570439,12499322,5312407,17819142,89,5074,4793,9867,8450,220,316,93,108,0.8563899868247694,0.1436100131752306,0.5142393838046012,1666.5762666666667,3.0,三星級,1
2023,4,高雄市,義大皇家酒店,656.0,10366,52.672764227642276,3266.080165927069,33856187,18982628,56881262,400,14310,11866,26176,25018,14,302,516,26,0.9557610024449877,0.04423899755501226,0.5466839853300733,1720.3347052845527,4.0,四星級,1
2023,4,高雄市,高雄圓山大飯店,105.0,2218,70.41269841269842,3137.596483318305,6959189,11093479,19474913,131,4475,794,5269,5103,26,32,20,28,0.9684949705826532,0.031505029417346786,0.849307268931486,2209.26634920635,5.0,五星級,1
2023,4,高雄市,高雄福華大飯店,271.0,6060,74.53874538745387,2678.192904290429,16229849,20268321,40042791,279,9384,2558,11942,8084,1183,594,463,204,0.6769385362585831,0.32306146374141687,0.7857980237816111,1996.291389913899,5.0,五星級,1
2023,4,高雄市,高雄萬豪酒店,700.0,13343,63.53809523809524,5198.161507906768,69359069,68662958,151553088,670,20674,5668,26342,19737,328,217,741,2500,0.7492597373016475,0.2507402626983525,0.7848303090122238,3302.81280952381,5.0,五星級,1
2023,4,高雄市,麗尊大酒店,188.0,3577,63.42198581560283,2924.0,10459148,12168139,23492605,168,5900,809,6709,5076,521,94,334,128,0.7565956178267998,0.24340438217320015,0.8794157102399761,1854.4588652482269,3.0,三星級,1
2023,5,南投縣,涵碧樓大飯店,96.0,2143,72.00940860215054,16768.79001399907,35935517,6853132,47594393,290,3410,948,4358,3758,151,2,34,185,0.8623221661312529,0.1376778338687471,0.7824690224873795,12075.106518817209,5.0,五星級,1
2023,5,南投縣,雲品溫泉酒店日月潭,211.0,3218,49.19737043265556,11412.92324425109,36726787,17336660,57187911,295,5125,2928,8053,7349,78,12,76,315,0.912579163044828,0.087420836955172,0.6364087917546256,5614.858125668859,5.0,五星級,1
2023,5,台中市,全國大飯店,178.0,2551,46.23051830373324,2110.951391611133,5385037,3465710,9228026,60,3748,602,4350,3147,384,51,134,170,0.723448275862069,0.27655172413793105,0.8616091954022989,975.9037694816965,5.0,五星級,1
2023,5,台中市,台中港酒店,200.0,4974,80.2258064516129,2872.05066344994,14285580,2719229,18421042,110,5745,603,6348,2070,958,376,34,57,0.32608695652173914,0.6739130434782609,0.9050094517958412,2304.1258064516132,3.0,三星級,1
2023,5,台中市,台中福華大飯店,155.0,3742,77.87721123829344,2715.676376269374,10162061,14265495,27956023,186,6176,316,6492,3898,222,127,117,142,0.6004313000616143,0.39956869993838573,0.9513247073321011,2114.893028095733,5.0,五星級,1
2023,5,台中市,台中金典酒店,222.0,4414,64.13833188026736,2682.40507476212,11840136,20353885,44382177,259,5410,2996,8406,6822,598,112,105,169,0.8115631691648822,0.18843683083511775,0.643587913395194,1720.4498692240622,5.0,五星級,1
2023,5,台中市,裕元花園酒店,149.0,3522,76.25027062134662,3810.902612152186,13421999,27886597,43596310,278,4933,535,5468,4029,182,107,85,250,0.7368324798829554,0.2631675201170446,0.9021580102414045,2905.823554882009,5.0,五星級,1
2023,5,台中市,通豪大飯店,226.0,0,0.0,,0,0,0,1,0,0,0,0,0,0,0,0,,,,,3.0,三星級,1
2023,5,台中市,長榮桂冠酒店(台中),354.0,7104,64.7348277747403,2395.786599099099,17019668,22334632,44877081,255,4778,2326,7104,5007,595,88,90,204,0.7048141891891891,0.29518581081081086,0.6725788288288288,1550.9083287771095,5.0,五星級,1
2023,5,台中市,龍谷大飯店,189.0,1240,21.16402116402116,1673.751612903226,2075452,888105,3223110,34,630,2056,2686,2666,0,0,17,0,0.992553983618764,0.007446016381235987,0.23454951600893523,354.2331455879843,,無星等/未評鑑,0
2023,5,台北市,JR東日本大飯店台北,288.0,6815,76.3328853046595,5271.649743213499,35926293,18910252,58655090,228,12594,183,12777,2948,3019,779,2410,1063,0.23072708773577522,0.7692729122642248,0.9856773890584645,4024.0023521505373,4.0,四星級,1
2023,5,台北市,三德大飯店,287.0,2351,26.424637518264582,2138.186729051467,5026877,2182477,11544942,71,3249,358,3607,666,739,232,639,158,0.18464097588023287,0.8153590241197671,0.9007485444968117,565.0080926154882,3.0,三星級,1
2023,5,台北市,亞都麗緻大飯店,219.0,2875,42.3479157460598,4429.510260869565,12734842,11834150,26880359,174,3107,0,3107,840,966,100,208,205,0.27035725780495656,0.7296427421950434,1.0,1875.8052732361168,4.0,四星級,1
2023,5,台北市,兄弟大飯店,250.0,4585,59.16129032258064,3620.66826608506,16600764,45714938,67594992,450,4304,2664,6968,2803,1125,294,265,586,0.4022675086107922,0.5977324913892078,0.6176808266360505,2142.0340645161286,4.0,四星級,1
2023,5,台北市,北投老爺酒店,50.0,1074,69.29032258064515,5074.272811918063,5449769,2873494,9418238,58,2132,72,2204,1384,66,54,465,41,0.6279491833030852,0.37205081669691475,0.9673321234119783,3515.9799999999996,4.0,四星級,1
2023,5,台北市,北投麗禧溫泉酒店,66.0,1066,52.101661779081134,15014.53095684803,16005490,7863452,28440130,150,1825,14,1839,729,107,132,499,96,0.3964110929853181,0.6035889070146818,0.9923871669385536,7822.820136852395,4.0,四星級,1
2023,5,台北市,台北W飯店,402.0,8935,71.6979618038838,8919.931393396755,79699587,36068014,130418466,367,13519,540,14059,2818,1337,355,1750,3447,0.20044099864855253,0.7995590013514475,0.9615904402873604,6395.409003370246,5.0,五星級,1
2023,5,台北市,台北中山雅樂軒酒店,88.0,2413,88.45307917888563,4420.894736842105,10667619,447999,12482744,40,3457,0,3457,501,537,92,255,794,0.14492334393983222,0.8550766560601678,1.0,3910.417521994135,,無星等/未評鑑,0
2023,5,台北市,台北凱撒大飯店,478.0,12828,86.57038736671615,3025.739710009354,38814189,14954825,56359716,130,22201,2191,24392,6201,6002,3282,3578,915,0.2542226959658905,0.7457773040341096,0.9101754673663496,2619.3945876636517,4.0,四星級,1
2023,5,台北市,台北君品大酒店,286.0,5064,57.11707647191518,4790.466034755134,24258920,44874105,72909854,316,6760,1990,8750,2458,1819,306,1199,620,0.2809142857142857,0.7190857142857143,0.7725714285714286,2736.1741484322133,5.0,五星級,1
2023,5,台北市,台北君悅酒店,866.0,14055,52.35416821872904,7225.735325506937,101557710,110765045,233548267,548,23129,4000,27129,8773,1399,13,991,8222,0.3233808839249512,0.6766191160750488,0.8525563050610049,3782.9736273560306,5.0,五星級,1
2023,5,台北市,台北寒舍喜來登大飯店,688.0,13931,65.31789197299325,4491.432775823702,62570150,116634909,199998552,753,17867,5085,22952,8383,2577,1088,1320,3921,0.36524050191704427,0.6347594980829557,0.7784506796793308,2933.709208552138,5.0,五星級,1
2023,5,台北市,台北寒舍艾美酒店,160.0,3907,78.77016129032258,9597.495520859995,37497415,67272397,114491991,334,4623,648,5271,2359,187,46,411,1200,0.44754316069057104,0.5524568393094289,0.8770631758679568,7559.962701612903,5.0,五星級,1
2023,5,台北市,台北美福大飯店,146.0,2759,60.95890410958904,6066.940920623414,16738690,66521941,90814328,358,4199,621,4820,2759,269,632,270,438,0.5724066390041493,0.42759336099585066,0.8711618257261411,3698.340698188246,6.0,卓越五星,1
2023,5,台北市,台北花園大酒店,241.0,5758,77.07134252442779,2353.372525182355,13550719,20025891,41942274,147,10358,731,11089,1561,455,3386,1266,499,0.14077013256380197,0.859229867436198,0.9340788168455226,1813.7757997590684,4.0,四星級,1
2023,5,台北市,台北萬豪酒店,318.0,8920,90.48488537228647,5944.972085201794,53029151,78163591,166017430,483,9776,1839,11615,3069,348,1293,418,4897,0.26422729229444686,0.7357727077055531,0.84167025398192,5379.301176709272,5.0,五星級,1
2023,5,台北市,台北遠東香格里拉,420.0,8665,66.55145929339477,6068.45204847086,52583137,65938753,135202379,468,11180,3153,14333,3096,1107,563,1387,3291,0.21600502337263658,0.7839949766273634,0.7800181399567432,4038.6433947772657,5.0,五星級,1
2023,5,台北市,合尊酒店 S Hotel,101.0,1199,38.2944746087512,3349.180984153461,4015668,629051,5180562,44,1988,44,2032,803,71,35,207,276,0.39517716535433073,0.6048228346456692,0.9783464566929134,1282.5512615777707,,無星等/未評鑑,0
2023,5,台北市,國王大飯店,97.0,1987,66.07914865314267,1717.979365878208,3413625,658886,4096100,47,595,1392,1987,261,1662,10,25,9,0.13135379969803723,0.8686462003019628,0.29944640161046804,1135.2261390089789,3.0,三星級,1
2023,5,台北市,國聯大飯店,243.0,2602,34.54135138722952,2579.685242121445,6712341,715,7405160,34,1460,2066,3526,1962,194,313,269,186,0.556437889960295,0.443562110039705,0.4140669313669881,891.0581441656708,4.0,四星級,1
2023,5,台北市,圓山大飯店,473.0,10502,71.62245106731228,3453.464482955627,36268284,60174544,109934197,543,12073,9021,21094,13202,3638,917,634,1071,0.62586517493126,0.37413482506873996,0.5723428463070067,2473.455909431903,5.0,五星級,1
2023,5,台北市,天成大飯店,225.0,5713,81.9068100358423,3475.80868195344,19857295,23682319,46437095,293,10781,476,11257,1579,2398,1769,1829,608,0.14026827751621213,0.8597317224837879,0.9577151994314649,2846.924014336918,4.0,四星級,1
2023,5,台北市,寒舍艾麗酒店,235.0,5510,75.63486616334934,6029.401270417423,33222001,20750449,60124681,190,7394,789,8183,2541,272,279,1578,559,0.3105218135158255,0.6894781864841746,0.9035805939142124,4560.329581331503,5.0,五星級,1
2023,5,台北市,日勝生加賀屋國際溫泉飯店,91.0,776,27.507975895072672,10544.52448453608,8182551,5874865,18361720,132,1565,30,1595,976,84,14,272,51,0.6119122257053291,0.3880877742946709,0.9811912225705329,2900.5852534562205,,無星等/未評鑑,0
2023,5,台北市,晶華酒店,538.0,12515,75.03897349802135,5567.049460647223,69671624,173063862,267655997,916,18990,2998,21988,7712,5354,1919,1022,1931,0.35073676550845917,0.6492632344915408,0.8636529015826815,4177.45676939681,5.0,五星級,1
2023,5,台北市,歐華酒店,112.0,1392,40.09216589861751,3197.610632183908,4451074,5447521,10954742,97,1773,646,2419,592,636,71,101,249,0.24472922695328647,0.7552707730467135,0.7329474989665151,1281.9913594470045,4.0,四星級,1
2023,5,台北市,漢普頓酒店,129.0,2804,70.1175293823456,1881.864479315264,5276748,2136919,8995811,66,4619,908,5527,2495,1623,120,172,148,0.45142030034376696,0.5485796996562331,0.8357155780712864,1319.516879219805,,無星等/未評鑑,0
2023,5,台北市,福容大飯店  台北一館,120.0,2165,58.1989247311828,2854.086374133949,6179097,6631163,13518696,79,2856,559,3415,1581,299,325,166,90,0.4629575402635432,0.5370424597364568,0.8363103953147877,1661.0475806451611,4.0,四星級,1
2023,5,台北市,福華大飯店,606.0,11662,62.078143298200786,4112.244897959184,47957000,39557000,103135000,520,18807,1046,19853,7004,1728,1955,858,2873,0.3527930287613963,0.6472069712386037,0.9473127487029668,2552.8052805280527,5.0,五星級,1
2023,5,台北市,第一大飯店,176.0,2829,51.85117302052787,1736.95652173913,4913850,9381937,35130206,32,573,4319,4892,1274,1169,52,69,245,0.26042518397383485,0.7395748160261651,0.11713000817661488,900.632331378299,4.0,四星級,1
2023,5,台北市,美麗信花園酒店,203.0,4743,75.36945812807882,2321.872232764073,11012640,3117558,19288764,120,6641,2120,8761,2492,2129,815,1087,573,0.2844424152494007,0.7155575847505993,0.7580184910398357,1749.9825202606069,,無星等/未評鑑,0
2023,5,台北市,義華酒店,149.0,2548,55.163455293353536,3352.181318681319,8541358,207474,9794347,14,3311,271,3582,1219,151,235,221,1047,0.34031267448352875,0.6596873255164712,0.9243439419318816,1849.1790430829185,,無星等/未評鑑,0
2023,5,台北市,老爺大酒店,202.0,5455,87.11274353241775,4494.327772685609,24516558,25088545,56099577,233,8068,165,8233,1720,4587,219,225,474,0.20891534070205273,0.7910846592979472,0.9799587027814891,3915.1322261258374,5.0,五星級,1
2023,5,台北市,豪景大酒店,180.0,2136,38.27956989247312,2310.823970037453,4935920,34090,9406649,25,1487,2964,4451,835,97,509,408,115,0.18759829251853516,0.8124017074814649,0.33408222871264887,884.573476702509,3.0,三星級,1
2023,5,台北市,雀客旅館台北南京,56.0,1353,77.93778801843318,2598.762749445676,3516126,0,3516126,12,2782,188,2970,2588,52,56,38,0,0.8713804713804714,0.12861952861952863,0.9367003367003367,2025.418202764977,,無星等/未評鑑,0
2023,5,台北市,雀客藏居台北陽明山,50.0,675,43.548387096774185,4247.878518518519,2867318,1926862,5246833,8,1300,50,1350,1128,0,10,78,0,0.8355555555555556,0.1644444444444444,0.9629629629629629,1849.882580645161,3.0,三星級,1
2023,5,台南市,台南大員皇冠假日酒店,230.0,3895,54.62833099579243,3819.618485237484,14877414,16553547,34698255,205,5195,1511,6706,5635,28,87,59,301,0.8402922755741128,0.1597077244258872,0.7746793915896212,2086.593828892006,5.0,五星級,1
2023,5,台南市,台南大飯店,152.0,2643,56.09083191850595,2015.616723420356,5327275,8426060,14394345,116,3635,677,4312,2676,752,37,169,96,0.6205936920222634,0.37940630797773656,0.8429962894248608,1130.5761884550088,3.0,三星級,1
2023,5,台南市,台南遠東香格里拉,330.0,7642,74.70185728250244,3981.776760010468,30428738,20593221,58560620,437,9352,881,10233,4710,610,406,212,2094,0.4602755790090882,0.5397244209909118,0.9139059904231408,2974.4611925708696,5.0,五星級,1
2023,5,台南市,台糖長榮酒店(台南),197.0,3969,64.99099394137875,2619.904761904762,10398402,18875381,30515977,155,6290,1782,8072,7432,170,53,25,63,0.9207135777998018,0.07928642220019821,0.7792368681863231,1702.702145079417,5.0,五星級,1
2023,5,台南市,趣淘漫旅,198.0,2656,43.27142391658521,2973.577936746988,7897823,1865115,10795201,87,3196,3694,6890,6870,0,0,2,0,0.9970972423802612,0.002902757619738794,0.46386066763425254,1286.7095144998375,3.0,三星級,1
2023,5,台南市,遠百企業觀光旅館,40.0,80,6.451612903225806,505.0,40400,0,40400,23,80,0,80,80,0,0,0,0,1.0,0.0,1.0,32.58064516129032,,無星等/未評鑑,0
2023,5,台東縣,台東桂田喜來登酒店,290.0,3450,38.375973303670754,3546.77768115942,12236383,13721618,26864135,158,3144,4511,7655,7413,11,0,19,123,0.9683866753755715,0.03161332462442845,0.41071195297191376,1361.1104560622916,5.0,五星級,1
2023,5,台東縣,娜路彎大酒店,292.0,3486,38.51082633672117,4605.901032702238,16056171,8043275,26371394,176,4407,1228,5635,5598,0,2,14,0,0.9934338952972493,0.0065661047027506525,0.7820763087843833,1773.770547945206,5.0,五星級,1
2023,5,台東縣,樂樂日暉溫泉酒店,48.0,496,33.33333333333333,2509.701612903226,1244812,0,1244812,9,994,0,994,994,0,0,0,0,1.0,0.0,1.0,836.5672043010751,,無星等/未評鑑,0
2023,5,台東縣,知本老爺大酒店,182.0,3060,54.23608649415102,4712.38137254902,14419887,8087812,25529752,190,5468,1063,6531,6160,89,0,44,120,0.9431939978563773,0.05680600214362275,0.8372377890062778,2555.8112371499474,5.0,五星級,1
2023,5,嘉義市,耐斯王子大飯店,245.0,4235,55.76036866359447,2209.372136953955,9356691,11314393,22847893,131,3059,6854,9913,9508,89,0,11,89,0.9591445576515687,0.0408554423484313,0.308584686774942,1231.9540487162606,5.0,五星級,1
2023,5,嘉義市,鈺通大飯店,120.0,1185,31.85483870967742,1884.518987341772,2233155,4483387,6786691,58,1125,888,2013,1963,8,10,2,10,0.9751614505712867,0.02483854942871333,0.5588673621460507,600.3104838709677,3.0,三星級,1
2023,5,嘉義縣,名都觀光渡假大飯店,97.0,838,27.86830728300632,1774.022673031026,1486631,1169426,2753737,49,174,1687,1861,1585,0,276,0,0,0.8516926383664697,0.1483073616335303,0.09349811929070392,494.3900897904888,3.0,三星級,1
2023,5,嘉義縣,阿里山賓館(歷史館),35.0,319,29.400921658986167,7804.60815047022,2489670,0,2489670,11,552,236,788,745,5,1,4,11,0.9454314720812182,0.05456852791878175,0.700507614213198,2294.626728110599,4.0,四星級,1
2023,5,嘉義縣,阿里山賓館(現代館),104.0,1541,47.79776674937965,7888.024659312135,12155446,6131044,18694328,114,2695,1155,3850,3640,27,6,17,55,0.9454545454545454,0.054545454545454564,0.7,3770.2996277915627,4.0,四星級,1
2023,5,基隆市,長榮桂冠酒店(基隆),140.0,3379,77.85714285714286,2755.773601657295,9311759,7667245,20169593,88,3938,3514,7452,7245,22,8,23,47,0.9722222222222222,0.02777777777777779,0.5284487385936661,2145.5665898617513,5.0,五星級,1
2023,5,宜蘭縣,凱渡廣場酒店,285.0,1881,21.29032258064516,4787.708665603403,9005680,7147561,17934011,104,3023,1150,4173,4167,0,0,2,0,0.9985621854780733,0.0014378145219267058,0.724418883297388,1019.3186191284663,,無星等/未評鑑,0
2023,5,宜蘭縣,山泉大飯店,146.0,2838,62.70437472381795,1659.364341085271,4709276,1869526,6925055,36,2319,3671,5990,5376,0,211,221,0,0.8974958263772955,0.10250417362270448,0.38714524207011686,1040.494034467521,3.0,三星級,1
2023,5,宜蘭縣,幼獅大飯店,53.0,157,9.555690809494827,1715.923566878981,269400,0,283600,9,31,151,182,182,0,0,0,0,1.0,0.0,0.17032967032967034,163.96835057821062,3.0,三星級,1
2023,5,宜蘭縣,悅川酒店,103.0,2155,67.49138740995929,3867.53596287703,8334540,6952223,15286763,99,3765,2510,6275,6213,0,0,21,7,0.9901195219123506,0.009880478087649358,0.6,2610.2536799248355,4.0,四星級,1
2023,5,宜蘭縣,礁溪老爺大酒店,197.0,3029,49.59882102505322,6849.768900627269,20747950,16711660,45171635,310,6611,1166,7777,7437,23,4,164,60,0.9562813424199563,0.043718657580043674,0.8500707213578501,3397.404617651875,5.0,五星級,1
2023,5,宜蘭縣,綠舞國際觀光飯店,113.0,1172,33.457036825578065,6381.503412969283,7479122,4716643,16025539,277,2125,1416,3541,3537,0,0,4,0,0.9988703756001129,0.0011296243998870636,0.6001129624399887,2135.061946902654,4.0,四星級,1
2023,5,宜蘭縣,蘭城晶英酒店,193.0,5815,97.1920441250209,8960.726053310404,52106622,43861173,106959330,359,21836,237,22073,21721,14,0,89,26,0.9840529153264169,0.01594708467358308,0.989262900376025,8709.112819655691,5.0,五星級,1
2023,5,宜蘭縣,長榮鳳凰酒店(礁溪),231.0,2709,37.82991202346041,5636.956072351421,15270514,16156383,35617343,241,5425,1661,7086,6980,8,8,40,24,0.9850409257691222,0.014959074230877834,0.7655941292689811,2132.455522971652,5.0,五星級,1
2023,5,屏東縣,凱撒大飯店,281.0,5955,68.36184135001722,6468.958186397985,38522646,7138655,48245812,201,11757,2836,14593,13253,201,260,231,118,0.9081751524703625,0.09182484752963749,0.8056602480641404,4422.298932384341,5.0,五星級,1
2023,5,屏東縣,墾丁怡灣渡假酒店,234.0,3294,45.40942928039702,3226.382210078931,10627703,453153,11764517,75,4407,3399,7806,3080,0,0,18,2,0.39456828080963363,0.6054317191903664,0.56456571867794,1465.0817480011028,3.0,三星級,1
2023,5,屏東縣,墾丁福華渡假飯店,458.0,6579,46.33751232567968,3506.613011095911,23070007,8918695,33029843,242,6895,7174,14069,13555,53,54,22,90,0.9634657758191769,0.03653422418082308,0.49008458312602177,1624.877236230455,5.0,五星級,1
2023,5,新北市,八里福朋喜來登酒店,205.0,1355,21.32179386309992,4582.633948339483,6209469,10761912,17001257,146,2712,628,3340,2949,41,4,15,250,0.8829341317365269,0.1170658682634731,0.8119760479041916,977.0997639653814,3.0,三星級,1
2023,5,新北市,大板根渡假酒店,95.0,2273,77.18166383701188,5405.0,12285565,11989052,37632496,221,3096,3723,6819,6819,0,0,0,0,1.0,0.0,0.45402551693796744,4171.668930390492,4.0,四星級,1
2023,5,新北市,板橋凱撒大飯店,400.0,10841,87.4274193548387,3415.545244903607,37027926,10251226,47346882,145,19952,4439,24391,11527,1119,6516,2278,308,0.47259234963716124,0.5274076503628388,0.8180066417941044,2986.123064516129,5.0,五星級,1
2023,5,新北市,瓏山林台北中和飯店,126.0,1597,40.885816692268314,2264.299937382592,3616087,2317644,6506855,78,2605,398,3003,1685,48,55,63,141,0.5611055611055611,0.4388944388944389,0.8674658674658675,925.7775217613927,3.0,三星級,1
2023,5,新北市,碧特弗大飯店,55.0,262,15.36656891495601,2418.587786259542,633670,136156,769826,19,161,230,391,314,2,1,6,2,0.80306905370844,0.19693094629156005,0.4117647058823529,371.65395894428156,,無星等/未評鑑,0
2023,5,新北市,福容大飯店    淡水漁人碼頭,198.0,2567,41.821440208536984,4473.581612777562,11483684,15363217,30929374,146,4001,1434,5435,5092,25,12,32,213,0.9368905243790249,0.06310947562097513,0.7361545538178473,1870.916259367873,4.0,四星級,1
2023,5,新北市,福容大飯店 福隆,174.0,2258,41.86132740081572,4843.819309123118,10937344,6047254,18854099,124,3089,2246,5335,5226,3,8,2,15,0.9795688847235239,0.02043111527647612,0.5790065604498594,2027.6870596959584,3.0,三星級,1
2023,5,新北市,美麗春天大飯店,34.0,0,0.0,,0,0,0,3,0,0,0,0,0,0,0,0,,,,,,無星等/未評鑑,0
2023,5,新竹市,新竹國賓大飯店,257.0,4899,61.49115099786619,3058.571136966728,14983940,29422938,50901559,264,5524,1448,6972,3567,440,312,34,946,0.5116179001721171,0.48838209982788294,0.7923121055651177,1880.7505962093635,4.0,四星級,1
2023,5,新竹市,新竹老爺大酒店,208.0,4430,68.70347394540943,3078.925733634312,13639641,12991147,27837594,172,5230,1644,6874,4575,871,129,25,712,0.6655513529240616,0.33444864707593835,0.7608379400640093,2115.328939205956,4.0,四星級,1
2023,5,新竹縣,新竹喜來登大飯店,386.0,7606,63.56342971753301,3752.261635550881,28539702,34269264,72492418,285,8185,1204,9389,4100,263,598,57,2245,0.4366812227074236,0.5633187772925764,0.8717648311854298,2385.0661875313385,4.0,四星級,1
2023,5,新竹縣,豐邑喜來登大飯店,384.0,5070,42.590725806451616,3752.755029585799,19026468,3634425,24727120,95,5457,802,6259,2731,176,399,38,1496,0.4363316823773766,0.5636683176226234,0.8718645150982585,1598.32560483871,4.0,四星級,1
2023,5,桃園市,南方莊園渡假飯店,111.0,901,26.18424876489392,5810.463928967813,5235228,10529749,18510205,105,1619,763,2382,2356,0,4,8,0,0.9890848026868178,0.010915197313182246,0.6796809403862301,1521.4263295553612,4.0,四星級,1
2023,5,桃園市,古華花園飯店,255.0,6347,80.2909550917141,2867.534110603435,18200239,9345843,28905573,161,9982,877,10859,6432,394,123,557,851,0.5923197347822083,0.40768026521779166,0.9192374988488811,2302.370524984187,3.0,三星級,1
2023,5,桃園市,台北諾富特華航桃園機場飯店,476.0,7679,52.03984819734345,3532.950253939315,27129525,19013883,47457781,246,9204,584,9788,3891,829,205,145,1247,0.3975275847977115,0.6024724152022884,0.9403351042092358,1838.5419490376796,4.0,四星級,1
2023,5,桃園市,名人堂花園大飯店,128.0,2147,54.107862903225815,4849.876571960875,10412685,21152506,41593330,376,6529,260,6789,6625,20,5,25,58,0.975843275887465,0.024156724112535,0.9617027544557373,2624.164566532258,,無星等/未評鑑,0
2023,5,桃園市,和逸飯店桃園青埔館,218.0,6758,100.0,2681.15877478544,18119271,0,20694391,134,9086,0,9086,7275,141,195,363,0,0.8006823684789787,0.19931763152102133,1.0,2681.15877478544,4.0,四星級,1
2023,5,桃園市,尊爵大飯店,218.0,3298,48.80142053862089,2645.593389933293,8725167,6044590,15339646,83,2159,2768,4927,1101,250,1341,67,144,0.22346255327785672,0.7765374467221433,0.4381976862187944,1291.0871559633026,3.0,三星級,1
2023,5,桃園市,尊爵天際大飯店,250.0,3812,49.18709677419355,2299.35073452256,8765125,2916412,11868933,64,2594,2937,5531,905,86,396,0,0,0.16362321460856988,0.8363767853914301,0.4689929488338456,1130.9838709677417,3.0,三星級,1
2023,5,桃園市,桃園喜來登酒店,189.0,1787,30.500085338795017,3295.003917179631,5888172,7447079,14451622,123,2670,452,3122,1545,128,22,31,703,0.4948750800768738,0.5051249199231262,0.8552210121716848,1004.9790066564262,4.0,四星級,1
2023,5,桃園市,福容大飯店   桃園,182.0,4400,77.98652959943283,2871.249318181818,12633497,5528331,18501329,64,4430,1026,5456,1041,261,360,169,148,0.1907991202346041,0.8092008797653959,0.8119501466275659,2239.187699397377,3.0,三星級,1
2023,5,澎湖縣,寶華大飯店,74.0,1342,58.50043591979076,2395.090909090909,3214212,30910,3247122,16,1206,1357,2563,2483,0,0,15,4,0.9687865782286383,0.03121342177136166,0.47054233320327743,1401.1386224934613,,無星等/未評鑑,0
2023,5,澎湖縣,澎湖福朋喜來登酒店,331.0,8168,79.60237793587369,4228.755631733595,34540476,27486556,67806145,189,9468,10304,19772,19584,0,0,0,26,0.9904916042888934,0.00950839571110662,0.4788589925146672,3366.190039957119,5.0,五星級,1
2023,5,花蓮縣,太魯閣晶英酒店,160.0,3406,68.66935483870968,10301.5786846741,35087177,11271180,51471952,191,5638,3311,8949,8382,28,16,25,120,0.9366409654710024,0.0633590345289976,0.6300145267627668,7074.027620967739,5.0,五星級,1
2023,5,花蓮縣,瑞穗天合國際觀光酒店,198.0,3023,49.25057021831216,11240.32616606021,33979506,4944440,40407691,212,3446,4358,7804,7729,4,0,32,20,0.9903895438236802,0.009610456176319837,0.4415684264479754,5535.9247311827985,5.0,五星級,1
2023,5,花蓮縣,美侖大飯店,299.0,3542,38.21339950372208,3940.576228119706,13957521,5260778,20378411,199,5647,2718,8365,7739,36,44,30,50,0.9251643753735804,0.07483562462641957,0.6750747160789001,1505.8281368000858,5.0,五星級,1
2023,5,花蓮縣,花蓮翰品酒店,156.0,1652,34.16046319272126,2519.350484261501,4161967,3233800,7612253,96,3702,710,4412,4159,11,0,45,35,0.9426563916591115,0.057343608340888474,0.8390752493200363,860.6217948717948,,無星等/未評鑑,0
2023,5,花蓮縣,遠雄悅來大飯店,381.0,3755,31.79239691812717,5269.366711051931,19786472,13142174,37708463,327,6311,3389,9700,9578,20,0,10,0,0.9874226804123711,0.012577319587628866,0.650618556701031,1675.2579798492932,5.0,五星級,1
2023,5,苗栗縣,馥藝金鬱金香酒店,191.0,4038,68.19793953724033,1892.315007429421,7641168,4158745,12190219,93,6304,1260,7564,7357,30,12,45,4,0.9726335272342675,0.027366472765732452,0.8334214701216288,1290.5198446208415,3.0,三星級,1
2023,5,金門縣,陸島酒店,47.0,785,53.87783115991765,1442.471337579618,1132340,128960,1261990,13,22,1590,1612,1550,0,0,0,0,0.9615384615384616,0.038461538461538436,0.013647642679900745,777.1722717913523,,無星等/未評鑑,0
2023,5,高雄市,寒軒國際大飯店,375.0,7097,61.0494623655914,1940.282231928984,13770183,11832971,26339486,183,5373,5197,10570,8442,874,151,167,99,0.7986754966887417,0.20132450331125828,0.5083254493850521,1184.531870967742,5.0,五星級,1
2023,5,高雄市,承攜行旅 高雄六合館,269.0,2095,25.12291641683655,1624.686873508353,3403719,0,3403719,39,1947,697,2644,1132,366,43,116,9,0.4281391830559758,0.5718608169440242,0.7363842662632375,408.1687252668185,,無星等/未評鑑,0
2023,5,高雄市,晶英國際行館,147.0,1111,24.38007461048936,7243.906390639064,8047980,14648130,25027376,207,1985,72,2057,1643,70,41,94,54,0.7987360233349539,0.20126397666504614,0.9649975692756442,1766.0697827518106,4.0,四星級,1
2023,5,高雄市,漢來大飯店,535.0,8836,53.277057582152544,3465.072770484382,30617383,72964128,117969440,783,10778,3139,13917,9301,762,455,135,1026,0.6683193216928935,0.33168067830710646,0.7744485162032048,1846.0888151944528,5.0,五星級,1
2023,5,高雄市,福容大飯店 高雄,250.0,4950,63.87096774193548,2109.760404040404,10443314,4660298,15140101,72,3976,6148,10124,8737,189,150,276,46,0.862998814697748,0.13700118530225203,0.39273014618727775,1347.524387096774,3.0,三星級,1
2023,5,高雄市,義大皇家酒店,656.0,8397,41.29130605822187,2655.071096820293,22294632,18315944,44544550,393,7729,13710,21439,20903,12,180,143,10,0.974998833900835,0.02500116609916503,0.360511217873968,1096.3135326514555,4.0,四星級,1
2023,5,高雄市,高雄圓山大飯店,105.0,2027,62.27342549923195,2639.418845584608,5350102,11346573,17848479,131,2985,1604,4589,4155,194,56,8,19,0.9054260187404664,0.09457398125953365,0.6504685116583133,1643.6565284178187,5.0,五星級,1
2023,5,高雄市,高雄福華大飯店,271.0,5530,65.82549696464707,2333.613019891501,12904880,22902848,39461617,276,7421,3165,10586,7435,1167,349,459,72,0.702342716795768,0.297657283204232,0.7010202153788022,1536.112367575289,5.0,五星級,1
2023,5,高雄市,高雄萬豪酒店,700.0,9948,45.84331797235023,4513.595999195818,44901253,68032851,125027434,670,14868,3322,18190,12769,273,337,549,2483,0.7019791094007697,0.2980208905992303,0.8173721825178669,2069.1821658986173,5.0,五星級,1
2023,5,高雄市,麗尊大酒店,188.0,3013,51.69869595058339,2407.0,7252291,13479003,21640519,168,4350,797,5147,3720,645,195,134,104,0.7227511171556247,0.2772488828443753,0.8451525160287546,1244.3876115305422,3.0,三星級,1
2023,6,南投縣,涵碧樓大飯店,96.0,2341,81.28472222222223,16246.80563861598,38033772,10433717,54418145,284,3980,843,4823,4258,55,11,17,281,0.8828529960605432,0.11714700393945676,0.8252125233257309,13206.170833333337,5.0,五星級,1
2023,6,南投縣,雲品溫泉酒店日月潭,211.0,3349,52.90679304897314,12706.64019110182,42554538,17836848,63925357,291,7368,1641,9009,8050,66,6,76,638,0.8935508935508936,0.10644910644910643,0.8178488178488178,6722.675829383886,5.0,五星級,1
2023,6,台中市,全國大飯店,178.0,2649,49.60674157303371,2256.135900339751,5976504,4967985,12828548,63,4537,413,4950,3530,495,140,165,164,0.7131313131313132,0.28686868686868683,0.9165656565656566,1119.1955056179777,5.0,五星級,1
2023,6,台中市,台中港酒店,200.0,4952,82.53333333333333,3035.001211631664,15029326,2550660,18967139,113,6185,283,6468,2557,769,379,64,114,0.3953308596165739,0.6046691403834261,0.9562461348175634,2504.8876666666665,3.0,三星級,1
2023,6,台中市,台中福華大飯店,155.0,3949,84.9247311827957,2927.058242593062,11558953,12442175,26736867,184,6892,649,7541,5787,243,152,104,119,0.7674048534677098,0.2325951465322902,0.9139371436149052,2485.7963440860217,5.0,五星級,1
2023,6,台中市,台中金典酒店,222.0,5122,76.9069069069069,2955.031823506443,15135673,20274815,47080820,246,7247,2636,9883,7685,697,247,148,261,0.777597895375898,0.22240210462410204,0.7332793686127694,2272.6235735735736,5.0,五星級,1
2023,6,台中市,裕元花園酒店,149.0,3474,77.71812080536913,3707.055267702936,12878310,24254476,41975340,237,5778,543,6321,4831,159,89,91,211,0.7642778041449138,0.23572219585508625,0.9140958709065021,2881.0536912751677,5.0,五星級,1
2023,6,台中市,通豪大飯店,226.0,0,0.0,,0,0,0,1,0,0,0,0,0,0,0,0,,,,,3.0,三星級,1
2023,6,台中市,長榮桂冠酒店(台中),354.0,7300,68.7382297551789,2562.830273972603,18708661,27559873,51890698,254,5313,1987,7300,5700,357,55,38,144,0.7808219178082192,0.2191780821917808,0.7278082191780821,1761.644161958569,5.0,五星級,1
2023,6,台中市,龍谷大飯店,189.0,1434,25.29100529100529,1663.495815899582,2385453,1839076,4499206,40,1072,2160,3232,3220,5,0,6,0,0.9962871287128713,0.003712871287128716,0.3316831683168317,420.714814814815,,無星等/未評鑑,0
2023,6,台北市,JR東日本大飯店台北,288.0,6536,75.64814814814815,5336.091340269278,34876693,18143012,56879633,234,12148,259,12407,3494,2082,621,2378,1515,0.2816152172160877,0.7183847827839123,0.9791246876763118,4036.654282407407,4.0,四星級,1
2023,6,台北市,三德大飯店,287.0,3107,36.08594657375145,1932.134534921146,6003142,2580215,13735427,72,4853,129,4982,787,380,115,567,750,0.1579686872741871,0.8420313127258129,0.9741067844239262,697.2290360046458,3.0,三星級,1
2023,6,台北市,亞都麗緻大飯店,219.0,2501,38.06697108066971,4444.210315873651,11114970,10771530,24807618,171,2741,0,2741,1067,668,63,163,118,0.389273987595768,0.610726012404232,1.0,1691.7762557077626,4.0,四星級,1
2023,6,台北市,兄弟大飯店,250.0,4294,57.25333333333333,3590.962971588263,15419595,43205500,63790473,450,4367,2209,6576,3054,1215,273,190,403,0.46441605839416056,0.5355839416058394,0.664081508515815,2055.946,4.0,四星級,1
2023,6,台北市,北投老爺酒店,50.0,993,66.2,5279.633434038268,5242676,2691781,9193243,60,1985,154,2139,1527,35,26,338,86,0.7138849929873773,0.2861150070126227,0.9280037400654512,3495.117333333334,4.0,四星級,1
2023,6,台北市,北投麗禧溫泉酒店,66.0,1005,50.75757575757576,15512.45771144279,15590020,5906710,24462567,150,1680,6,1686,725,45,106,493,125,0.43001186239620404,0.569988137603796,0.99644128113879,7873.747474747477,4.0,四星級,1
2023,6,台北市,台北W飯店,402.0,8892,73.73134328358208,8820.414754835807,78431128,31132444,123708448,363,653,14405,15058,3426,578,315,1648,4855,0.22752025501394607,0.7724797449860539,0.043365652809138,6503.410281923713,5.0,五星級,1
2023,6,台北市,台北中山雅樂軒酒店,88.0,2320,87.87878787878788,4534.693965517241,10520490,413700,12187809,42,3492,0,3492,508,369,63,353,1107,0.145475372279496,0.854524627720504,1.0,3985.0340909090905,,無星等/未評鑑,0
2023,6,台北市,台北凱撒大飯店,478.0,12609,87.92887029288703,3088.971211039734,38948838,13704775,55331553,133,20935,3100,24035,6350,4983,2787,3393,944,0.26419804451841067,0.7358019554815893,0.8710214270855003,2716.0974895397494,4.0,四星級,1
2023,6,台北市,台北君品大酒店,286.0,4796,55.8974358974359,4974.806922435363,23859174,39587402,66726002,317,6837,1706,8543,2193,1484,387,1358,796,0.2567013929532951,0.7432986070467049,0.8003043427367436,2780.7895104895106,5.0,五星級,1
2023,6,台北市,台北君悅酒店,850.0,13324,52.25098039215686,7543.550660462323,100510269,101775910,223232384,535,25941,4401,30342,10185,635,1070,1591,11224,0.33567332410520073,0.6643266758947992,0.8549535297607277,3941.5791764705878,5.0,五星級,1
2023,6,台北市,台北寒舍喜來登大飯店,688.0,14331,69.43313953488372,4176.810829669947,59857876,120263892,201020116,765,18520,5298,23818,8793,2259,1171,1626,4779,0.36917457385170876,0.6308254261482913,0.7775631875052481,2900.090891472869,5.0,五星級,1
2023,6,台北市,台北寒舍艾美酒店,160.0,3440,71.66666666666667,8850.840406976744,30446891,63164997,102714527,318,4913,36,4949,2318,114,43,476,1068,0.46837744998989694,0.5316225500101031,0.9927258031925642,6343.102291666667,5.0,五星級,1
2023,6,台北市,台北美福大飯店,146.0,2729,62.305936073059364,6053.403078050568,16519737,74997153,98620488,337,4782,678,5460,3297,174,585,352,491,0.6038461538461538,0.3961538461538462,0.8758241758241758,3771.629452054795,6.0,卓越五星,1
2023,6,台北市,台北艾麗酒店,235.0,5752,81.58865248226951,5806.438108484005,33398632,15883600,54894213,171,7500,1240,8740,3086,153,320,1394,781,0.3530892448512586,0.6469107551487414,0.8581235697940504,4737.394609929078,5.0,五星級,1
2023,6,台北市,台北花園大酒店,241.0,5974,82.62793914246195,2445.416638767995,14608919,18432500,41516203,141,11790,931,12721,1332,290,2352,1974,545,0.104708749312161,0.895291250687839,0.9268139297225061,2020.5973720608579,4.0,四星級,1
2023,6,台北市,台北萬豪酒店,318.0,8341,87.43186582809224,5726.902529672701,47768094,72244891,150368877,490,9505,2111,11616,4036,272,1079,469,4249,0.3474517906336088,0.6525482093663912,0.8182679063360881,5007.137735849056,5.0,五星級,1
2023,6,台北市,台北遠東香格里拉,420.0,8162,64.77777777777777,6051.794045577064,49394743,61394003,126180273,467,12304,2519,14823,4027,346,830,1698,4083,0.27167240099844836,0.7283275990015516,0.8300613910814275,3920.2176984126977,5.0,五星級,1
2023,6,台北市,合尊酒店 S Hotel,101.0,1051,34.68646864686469,3178.774500475738,3340892,239676,3968251,56,1847,0,1847,903,81,23,0,61,0.4889009204114781,0.511099079588522,1.0,1102.6046204620466,,無星等/未評鑑,0
2023,6,台北市,國王大飯店,97.0,1775,60.996563573883165,1744.727323943662,3096891,589776,3706482,47,532,1243,1775,269,1435,8,15,20,0.15154929577464787,0.8484507042253522,0.29971830985915493,1064.2237113402061,3.0,三星級,1
2023,6,台北市,國聯大飯店,243.0,2348,32.20850480109739,2590.119676320272,6081601,4330,6714989,40,1833,1876,3709,2116,163,188,251,210,0.5705041790239956,0.42949582097600436,0.4942032892963063,834.238820301783,4.0,四星級,1
2023,6,台北市,圓山大飯店,473.0,9875,69.59126145172657,3617.753012658228,35725311,65062162,116173226,539,11991,8289,20280,12368,3027,782,777,1081,0.609861932938856,0.39013806706114396,0.5912721893491124,2517.6399577167017,5.0,五星級,1
2023,6,台北市,天成大飯店,225.0,5679,84.13333333333334,3361.738862475788,19091315,22447830,44224859,290,10663,462,11125,1918,1711,1201,1862,842,0.17240449438202246,0.8275955056179776,0.9584719101123595,2828.3429629629636,4.0,四星級,1
2023,6,台北市,日勝生加賀屋國際溫泉飯店,91.0,759,27.8021978021978,11355.11462450593,8618532,6319795,19489032,130,1839,22,1861,1328,49,5,270,73,0.7135948414830736,0.2864051585169264,0.9881783987103707,3156.9714285714285,,無星等/未評鑑,0
2023,6,台北市,晶華酒店,538.0,12138,75.20446096654275,5365.483522820893,65126239,187942569,275766990,901,18122,3657,21779,8832,4576,1746,876,2520,0.405528261169016,0.5944717388309839,0.8320859543597043,4035.0829615861217,5.0,五星級,1
2023,6,台北市,歐華酒店,112.0,1099,32.70833333333333,3274.202001819836,3598348,5208991,9746069,97,1698,370,2068,698,527,53,88,230,0.33752417794970985,0.6624758220502902,0.8210831721470019,1070.9369047619045,4.0,四星級,1
2023,6,台北市,漢普頓酒店,129.0,2664,68.83720930232559,2101.777027027027,5599134,1894180,8993366,61,4281,1090,5371,2150,1293,163,37,531,0.40029789610873207,0.599702103891268,0.7970582759262708,1446.8046511627908,,無星等/未評鑑,0
2023,6,台北市,福容大飯店  台北一館,120.0,2189,60.80555555555556,3059.719049794427,6697725,7695792,15194046,75,3178,271,3449,1709,205,148,257,188,0.4955059437518121,0.5044940562481879,0.9214265004349087,1860.479166666667,4.0,四星級,1
2023,6,台北市,福華大飯店,606.0,11032,60.68206820682068,4088.469905728789,45104000,39292000,99385000,517,17400,2471,19871,7024,1105,2686,486,3462,0.35347994564943885,0.6465200543505611,0.8756479291429722,2480.968096809681,5.0,五星級,1
2023,6,台北市,第一大飯店,176.0,2385,45.170454545454554,1745.56855345912,4163181,9312883,34436602,32,585,3412,3997,832,1086,42,83,101,0.20815611708781587,0.7918438829121841,0.14635976982737053,788.4812500000004,4.0,四星級,1
2023,6,台北市,美麗信花園酒店,203.0,5124,84.13793103448276,2264.361241217799,11602587,3495774,20653672,117,6898,2677,9575,2675,1772,1104,1062,837,0.2793733681462141,0.720626631853786,0.7204177545691905,1905.1866995073897,,無星等/未評鑑,0
2023,6,台北市,義華酒店,149.0,2451,54.83221476510067,3282.530395756834,8045482,172788,9216222,14,3003,401,3404,1129,105,143,223,1021,0.331668625146886,0.668331374853114,0.8821974148061105,1799.8841163310963,,無星等/未評鑑,0
2023,6,台北市,老爺大酒店,202.0,5216,86.07260726072607,4462.319976993865,23275461,24690566,54227204,227,7375,475,7850,1706,4087,99,335,684,0.2173248407643312,0.7826751592356688,0.9394904458598726,3840.8351485148514,5.0,五星級,1
2023,6,台北市,豪景大酒店,180.0,2309,42.75925925925926,2411.092247726288,5567212,5970,5742182,27,2230,2745,4975,735,149,200,1061,112,0.14773869346733667,0.8522613065326633,0.4482412060301508,1030.965185185185,3.0,三星級,1
2023,6,台北市,雀客旅館台北南京,56.0,1292,76.90476190476191,2784.184984520124,3597167,0,3597167,18,2559,25,2584,1984,30,32,72,160,0.7678018575851393,0.2321981424148607,0.9903250773993808,2141.1708333333336,,無星等/未評鑑,0
2023,6,台北市,雀客藏居台北陽明山,50.0,657,43.8,4603.954337899543,3024798,1898375,6120054,10,1314,0,1314,1106,0,4,120,14,0.8417047184170472,0.1582952815829528,1.0,2016.532,3.0,三星級,1
2023,6,台南市,台南大員皇冠假日酒店,230.0,4554,66.0,4127.432586736934,18796328,14349707,36577208,204,7086,1747,8833,7741,24,86,49,323,0.8763726933091814,0.12362730669081856,0.8022189516585532,2724.105507246377,5.0,五星級,1
2023,6,台南市,台南大飯店,152.0,2517,55.19736842105263,2255.607071911005,5677363,6899070,13086058,115,3984,332,4316,2856,538,26,237,88,0.6617238183503243,0.33827618164967566,0.9230769230769231,1245.0357456140348,3.0,三星級,1
2023,6,台南市,台南遠東香格里拉,330.0,7750,78.28282828282829,4087.520516129032,31678284,22755108,62340964,444,10573,563,11136,5835,622,567,261,1627,0.5239762931034483,0.4760237068965517,0.9494432471264368,3199.826666666667,5.0,五星級,1
2023,6,台南市,台糖長榮酒店(台南),197.0,4219,71.38747884940778,2842.661531168523,11993189,19738259,33087631,157,6979,1840,8819,8141,229,77,35,77,0.9231205352080735,0.07687946479192653,0.7913595645764826,2029.3043993231809,5.0,五星級,1
2023,6,台南市,趣淘漫旅,198.0,2980,50.16835016835017,3516.464429530201,10479064,2059816,13935513,86,6628,2067,8695,8653,0,0,2,0,0.9951696377228292,0.004830362277170819,0.7622771707878091,1764.1521885521884,3.0,三星級,1
2023,6,台南市,遠百企業觀光旅館,40.0,80,6.666666666666667,505.0,40400,0,40400,23,80,0,80,80,0,0,0,0,1.0,0.0,1.0,33.66666666666667,,無星等/未評鑑,0
2023,6,台東縣,台東桂田喜來登酒店,290.0,4219,48.49425287356322,3864.10026072529,16302639,16194479,33802779,156,5540,4208,9748,9354,4,10,4,191,0.9595814526056627,0.040418547394337256,0.5683217070168239,1873.8665517241377,5.0,五星級,1
2023,6,台東縣,娜路彎大酒店,292.0,3836,43.78995433789954,5505.005735140771,21117202,11797894,36605356,183,9763,1329,11092,11068,0,0,0,12,0.997836278398846,0.0021637216011539673,0.880183916336098,2410.6394977168948,5.0,五星級,1
2023,6,台東縣,樂樂日暉溫泉酒店,48.0,616,42.77777777777778,2507.982142857143,1544917,0,1544917,9,1235,0,1235,1235,0,0,0,0,1.0,0.0,1.0,1072.859027777778,,無星等/未評鑑,0
2023,6,台東縣,知本老爺大酒店,182.0,3762,68.9010989010989,5263.928229665072,19802898,9765468,33421502,194,7095,1473,8568,8478,4,0,32,0,0.9894957983193278,0.010504201680672232,0.8280812324929971,3626.9043956043956,5.0,五星級,1
2023,6,嘉義市,耐斯王子大飯店,245.0,3155,42.92517006802721,2588.896988906497,8167970,8027403,17607687,128,4207,3899,8106,7766,42,63,16,15,0.9580557611645695,0.041944238835430525,0.5189982728842832,1111.2884353741492,5.0,五星級,1
2023,6,嘉義市,鈺通大飯店,120.0,1372,38.111111111111114,1916.191690962099,2629015,3310990,5958827,58,1448,973,2421,2404,6,0,4,7,0.9929781082197439,0.00702189178025614,0.5980999586947542,730.2819444444445,3.0,三星級,1
2023,6,嘉義縣,名都觀光渡假大飯店,97.0,580,19.93127147766323,1782.153448275862,1033649,915810,2013772,47,871,697,1568,1568,0,0,0,0,1.0,0.0,0.5554846938775511,355.2058419243986,3.0,三星級,1
2023,6,嘉義縣,阿里山賓館(歷史館),35.0,0,0.0,,0,0,0,11,0,0,0,0,0,0,0,0,,,,,4.0,四星級,1
2023,6,嘉義縣,阿里山賓館(現代館),104.0,2050,65.7051282051282,9190.061951219512,18839627,7567259,26952098,109,4085,1751,5836,5585,11,0,39,93,0.9569910897875257,0.04300891021247433,0.6999657299520219,6038.341987179487,4.0,四星級,1
2023,6,基隆市,長榮桂冠酒店(基隆),140.0,3696,88.0,3004.25487012987,11103726,7794773,22341836,88,5178,3192,8370,8010,57,25,50,74,0.956989247311828,0.043010752688172005,0.6186379928315412,2643.744285714286,5.0,五星級,1
2023,6,宜蘭縣,凱渡廣場酒店,285.0,3201,37.43859649122807,4827.643861293346,15453288,13540388,34694150,128,4145,2881,7026,7014,3,0,2,7,0.9982920580700256,0.0017079419299743659,0.589951608311984,1807.4021052631579,,無星等/未評鑑,0
2023,6,宜蘭縣,山泉大飯店,146.0,2833,64.68036529680366,1727.260854218143,4893330,1837110,7084674,37,2390,3479,5869,4943,0,218,484,0,0.8422218435849378,0.1577781564150622,0.4072243993866076,1117.1986301369861,3.0,三星級,1
2023,6,宜蘭縣,幼獅大飯店,53.0,217,13.64779874213836,1385.714285714286,300700,0,329600,9,75,157,232,232,0,0,0,0,1.0,0.0,0.3232758620689655,189.1194968553459,3.0,三星級,1
2023,6,宜蘭縣,悅川酒店,103.0,2414,78.12297734627832,4161.12386081193,10044953,6652054,16697007,98,3871,3167,7038,6917,0,0,34,5,0.9828076157999431,0.017192384200056865,0.5500142085819835,3250.793851132686,4.0,四星級,1
2023,6,宜蘭縣,礁溪老爺大酒店,197.0,4049,68.51099830795262,7874.270931094097,31882923,22350806,65049423,299,9471,1197,10668,10016,54,2,229,201,0.9388826396700413,0.061117360329958736,0.8877952755905512,5394.741624365482,5.0,五星級,1
2023,6,宜蘭縣,綠舞國際觀光飯店,113.0,1558,45.95870206489676,6223.480744544288,9696183,4867001,19257514,247,2890,1927,4817,4803,0,0,10,0,0.997093626738634,0.002906373261366002,0.5999584803819805,2860.2309734513283,4.0,四星級,1
2023,6,宜蘭縣,蘭城晶英酒店,193.0,5643,97.46113989637306,10023.13538897749,56560553,45498735,113334285,357,21968,457,22425,21537,17,0,132,206,0.9604013377926421,0.03959866220735786,0.9796209587513935,9768.662003454227,5.0,五星級,1
2023,6,宜蘭縣,長榮鳳凰酒店(礁溪),231.0,2838,40.95238095238095,6034.999647639183,17127329,17273899,38169225,240,5968,1549,7517,7381,3,10,57,24,0.9819076759345483,0.018092324065451693,0.7939337501662898,2471.4760461760466,5.0,五星級,1
2023,6,屏東縣,凱撒大飯店,281.0,6856,81.32858837485172,7400.074679113185,50734912,7626944,61705553,206,16552,1895,18447,17503,37,212,108,381,0.9488263674310186,0.05117363256898144,0.8972732693662926,6018.376275207591,5.0,五星級,1
2023,6,屏東縣,墾丁怡灣渡假酒店,234.0,4201,59.84330484330484,3720.668888359914,15630530,186860,16860300,90,6842,3027,9869,5325,0,10,58,59,0.539568345323741,0.460431654676259,0.6932819941230115,2226.571225071225,3.0,三星級,1
2023,6,屏東縣,墾丁福華渡假飯店,458.0,8165,59.425036390101894,4353.865890998163,35549315,10935890,48233127,246,14580,5928,20508,19901,62,64,0,211,0.9704017944216891,0.029598205578310943,0.7109420713867759,2587.2863901018923,5.0,五星級,1
2023,6,新北市,八里福朋喜來登酒店,241.0,2177,30.110650069156293,4765.701423977951,10374932,13508394,23940567,147,3653,2022,5675,5119,9,0,16,340,0.9020264317180616,0.09797356828193837,0.6437004405286344,1434.9836791147993,3.0,三星級,1
2023,6,新北市,大板根渡假酒店,95.0,2246,78.80701754385964,6088.816562778273,13675482,12121117,39073810,215,3598,3140,6738,6738,0,0,0,0,1.0,0.0,0.5339863460967647,4798.414736842105,4.0,四星級,1
2023,6,新北市,板橋凱撒大飯店,400.0,10227,85.225,3689.6412437665,37733961,8265648,46342291,147,19382,1474,20856,10972,650,3273,2569,435,0.5260836210203299,0.4739163789796701,0.929324894514768,3144.4967499999993,5.0,五星級,1
2023,6,新北市,瓏山林台北中和飯店,126.0,1672,44.23280423280423,2131.702153110048,3564206,1641635,7035153,78,2865,593,3458,1862,39,43,356,100,0.5384615384615384,0.46153846153846156,0.8285135916714864,942.9116402116401,3.0,三星級,1
2023,6,新北市,碧特弗大飯店,55.0,283,17.151515151515152,2787.067137809187,788740,181410,970150,19,282,122,404,367,2,0,0,4,0.9084158415841584,0.09158415841584155,0.698019801980198,478.0242424242424,,無星等/未評鑑,0
2023,6,新北市,福容大飯店    淡水漁人碼頭,198.0,3860,64.98316498316498,4713.339896373057,18193492,17368367,39777559,154,5154,4676,9830,9490,14,2,57,188,0.965412004069176,0.034587995930823956,0.5243133265513733,3062.877441077441,4.0,四星級,1
2023,6,新北市,福容大飯店 福隆,174.0,3364,64.44444444444444,5267.949762187872,17721383,10311193,31659551,148,5900,2029,7929,7868,2,5,5,26,0.9923067221591626,0.007693277840837398,0.7441039223105057,3394.9009578544064,3.0,三星級,1
2023,6,新北市,美麗春天大飯店,34.0,0,0.0,,0,0,0,3,0,0,0,0,0,0,0,0,,,,,,無星等/未評鑑,0
2023,6,新竹市,新竹國賓大飯店,257.0,4713,61.1284046692607,3160.3367281986,14894667,26002917,46854752,264,6356,1245,7601,4767,424,375,85,695,0.6271543217997632,0.37284567820023684,0.8362057623996842,1931.863424124514,4.0,四星級,1
2023,6,新竹市,新竹老爺大酒店,208.0,4285,68.6698717948718,3157.472578763127,13529770,11940045,26495912,168,6021,1209,7230,5159,691,199,46,540,0.7135546334716459,0.28644536652835406,0.8327800829875519,2168.2323717948716,4.0,四星級,1
2023,6,新竹縣,新竹喜來登大飯店,386.0,7337,63.359240069084635,3891.39089546136,28551135,29393951,68021263,256,8054,1585,9639,4589,276,490,47,2186,0.47608673098869175,0.5239132690113082,0.8355638551716983,2465.5556994818653,4.0,四星級,1
2023,6,新竹縣,豐邑喜來登大飯店,384.0,4892,42.465277777777786,3890.860588716272,19034090,3351204,24414478,88,5370,1057,6427,3063,184,327,32,1457,0.47658316477361135,0.5234168352263886,0.8355375758518749,1652.264756944445,4.0,四星級,1
2023,6,桃園市,南方莊園渡假飯店,111.0,1504,45.16516516516517,5892.938164893617,8862979,10636529,22622085,88,2793,1099,3892,3852,0,2,24,6,0.9897225077081192,0.010277492291880796,0.7176258992805755,2661.555255255256,4.0,四星級,1
2023,6,桃園市,古華花園飯店,255.0,5991,78.31372549019608,2873.387414455016,17214464,5843203,26231992,145,9999,445,10444,6449,471,161,663,614,0.6174837227116048,0.3825162772883952,0.9573918039065492,2250.2567320261437,3.0,三星級,1
2023,6,桃園市,台北諾富特華航桃園機場飯店,476.0,8390,58.753501400560225,3554.937187127533,29825923,22175000,53403716,238,11278,395,11673,5146,849,200,174,1361,0.44084639766983635,0.5591536023301636,0.9661612267626146,2088.650070028011,4.0,四星級,1
2023,6,桃園市,名人堂花園大飯店,128.0,2725,70.96354166666666,5186.150458715596,14132260,19279902,42445462,372,8266,312,8578,8465,8,0,41,15,0.9868267661459548,0.01317323385404523,0.963627885287946,3680.2760416666656,,無星等/未評鑑,0
2023,6,桃園市,和逸飯店桃園青埔館,218.0,4232,64.70948012232415,5132.058601134216,21718872,0,24979274,104,10343,0,10343,8552,77,137,207,0,0.8268394082954655,0.17316059170453446,1.0,3320.928440366972,4.0,四星級,1
2023,6,桃園市,尊爵大飯店,218.0,2639,40.35168195718655,2694.73588480485,7111408,6700058,14391647,84,2157,1624,3781,1227,305,315,99,148,0.32451732345940226,0.6754826765405977,0.5704839989420788,1087.37125382263,3.0,三星級,1
2023,6,桃園市,尊爵天際大飯店,250.0,4199,55.986666666666665,2407.962610145273,10111035,3396666,13688310,63,3062,3201,6263,1206,159,724,0,0,0.19255947628931822,0.8074405237106818,0.48890308159029217,1348.1380000000001,3.0,三星級,1
2023,6,桃園市,桃園喜來登酒店,189.0,1995,35.18518518518519,3164.735839598998,6313648,11479308,19080043,127,2700,588,3288,1997,51,21,48,652,0.607360097323601,0.39263990267639903,0.8211678832116789,1113.5181657848327,4.0,四星級,1
2023,6,桃園市,福容大飯店   桃園,182.0,4290,78.57142857142857,2071.328904428904,8886001,4214985,13276682,66,4330,906,5236,1286,249,652,463,138,0.24560733384262795,0.7543926661573721,0.8269671504965622,1627.4727106227103,3.0,三星級,1
2023,6,澎湖縣,寶華大飯店,74.0,1405,63.288288288288285,2930.837010676157,4117826,26585,4146411,16,1503,1242,2745,2706,4,0,22,4,0.985792349726776,0.014207650273224015,0.5475409836065573,1854.876576576577,,無星等/未評鑑,0
2023,6,澎湖縣,澎湖福朋喜來登酒店,331.0,8034,80.90634441087613,4304.169653970624,34579699,26421638,66885299,196,11546,8998,20544,20177,6,11,31,113,0.9821359034267912,0.017864096573208754,0.5620132398753894,3482.346324269888,5.0,五星級,1
2023,6,花蓮縣,太魯閣晶英酒店,160.0,3524,73.41666666666666,11469.83910329171,40419713,12310840,58833089,196,7965,2188,10153,9413,8,3,6,363,0.9271151383827441,0.07288486161725594,0.7844971929478972,8420.773541666662,5.0,五星級,1
2023,6,花蓮縣,瑞穗天合國際觀光酒店,198.0,3461,58.26599326599327,12848.1750939035,44467534,5644233,51805304,218,7131,2750,9881,9654,14,0,7,130,0.9770266167391964,0.02297338326080356,0.7216880882501772,7486.116835016836,5.0,五星級,1
2023,6,花蓮縣,美侖大飯店,299.0,5531,61.66109253065775,4434.75519797505,24528631,6179876,32598313,203,11765,2771,14536,13591,19,18,30,342,0.9349889928453495,0.06501100715465047,0.8093698403962576,2734.518506131549,5.0,五星級,1
2023,6,花蓮縣,花蓮翰品酒店,156.0,3090,66.02564102564102,3172.768284789644,9803854,4429722,14492372,99,8022,923,8945,8663,12,14,23,0,0.9684740078256009,0.03152599217439911,0.8968138624930129,2094.8405982905983,,無星等/未評鑑,0
2023,6,花蓮縣,遠雄悅來大飯店,381.0,5499,48.110236220472444,5851.560283687943,32177730,16219288,55817140,356,11414,2930,14344,14115,23,6,28,92,0.9840351366424986,0.015964863357501358,0.7957334076965978,2815.199475065617,5.0,五星級,1
2023,6,苗栗縣,馥藝金鬱金香酒店,191.0,3969,69.26701570680628,2037.719324766944,8087708,4132930,12515436,94,6785,1281,8066,7721,97,50,34,19,0.9572278700719068,0.042772129928093205,0.8411852219191669,1411.467364746946,3.0,三星級,1
2023,6,金門縣,陸島酒店,47.0,801,56.80851063829787,1414.138576779026,1132725,129200,1265705,11,46,1569,1615,1615,0,0,0,0,1.0,0.0,0.02848297213622291,803.351063829787,,無星等/未評鑑,0
2023,6,高雄市,寒軒國際大飯店,375.0,6411,56.986666666666665,2213.846669786305,14192971,10375416,25312463,182,6175,3561,9736,7247,982,295,264,76,0.7443508627773213,0.2556491372226787,0.6342440427280197,1261.5974222222223,5.0,五星級,1
2023,6,高雄市,承攜行旅 高雄六合館,269.0,2095,25.960346964064428,2706.187589498807,5669463,0,5669463,39,5530,1217,6747,6141,43,40,26,4,0.9101823032458871,0.08981769675411289,0.8196235363865422,702.5356877323419,,無星等/未評鑑,0
2023,6,高雄市,晶英國際行館,147.0,1504,34.10430839002268,8865.78789893617,13334145,11869681,28338505,207,2553,371,2924,2347,39,32,120,52,0.8026675786593708,0.19733242134062923,0.8731190150478796,3023.615646258504,4.0,四星級,1
2023,6,高雄市,漢來大飯店,535.0,8692,54.155763239875384,3665.646341463415,31861798,64712727,117077922,789,12521,2198,14719,10142,739,435,179,743,0.6890413750934167,0.3109586249065833,0.8506692030708608,1985.158753894081,5.0,五星級,1
2023,6,高雄市,福容大飯店 高雄,250.0,4425,59.0,2441.065084745763,10801713,4317560,15132234,59,5069,4047,9116,7497,147,110,86,56,0.822400175515577,0.17759982448442302,0.5560552874067574,1440.2284000000002,3.0,三星級,1
2023,6,高雄市,義大皇家酒店,656.0,9305,47.28150406504065,3032.498656636217,28217400,16574848,48378555,387,12372,10359,22731,22116,7,69,134,77,0.9729444371123136,0.027055562887686402,0.544278738286921,1433.810975609756,4.0,四星級,1
2023,6,高雄市,高雄圓山大飯店,105.0,1958,62.15873015873016,2807.754851889683,5497584,9408455,17505368,131,3702,1166,4868,4500,179,25,26,34,0.924404272801972,0.07559572719802798,0.7604765817584224,1745.2647619047616,5.0,五星級,1
2023,6,高雄市,高雄福華大飯店,271.0,5850,71.95571955719558,2466.771623931624,14430614,19564441,37338887,275,7665,4121,11786,8319,1209,316,476,70,0.7058374342440183,0.29416256575598165,0.650347870354658,1774.9832718327189,5.0,五星級,1
2023,6,高雄市,高雄萬豪酒店,700.0,11956,56.93333333333334,4723.565741050518,56474952,62617786,131667254,678,17347,4774,22121,15798,249,419,422,3173,0.7141630125220378,0.28583698747796216,0.7841869716558926,2689.2834285714284,5.0,五星級,1
2023,6,高雄市,麗尊大酒店,188.0,3173,56.258865248226954,2452.0,7780196,12388551,21025540,171,4360,1429,5789,4513,596,60,184,133,0.7795819657972016,0.22041803420279837,0.7531525306615996,1379.467375886525,3.0,三星級,1
2023,7,南投縣,涵碧樓大飯店,96.0,2453,82.4260752688172,16193.83693436608,39723482,7860914,52182253,291,4317,625,4942,4439,64,11,41,246,0.8982193443949817,0.10178065560501826,0.8735329825981384,13347.944220430103,5.0,五星級,1
2023,7,南投縣,雲品溫泉酒店日月潭,211.0,3745,57.25424247057025,13445.36849132176,50352905,20954004,75980232,317,9298,1600,10898,10010,93,6,130,508,0.9185171591117637,0.08148284088823632,0.8531840704716461,7698.043877083013,5.0,五星級,1
2023,7,台中市,全國大飯店,178.0,2939,53.262051467923165,2274.731881592378,6685437,3991840,11170483,70,5160,416,5576,4266,377,110,90,115,0.7650645624103299,0.23493543758967006,0.9253945480631277,1211.5688655309893,5.0,五星級,1
2023,7,台中市,台中港酒店,200.0,5289,85.30645161290322,3033.709207789752,16045288,3162884,20706374,107,7979,452,8431,4916,859,299,97,140,0.5830862293915312,0.4169137706084688,0.9463883287866208,2587.9496774193544,3.0,三星級,1
2023,7,台中市,台中福華大飯店,155.0,4620,96.14984391259105,2920.225108225108,13491440,12186552,28264065,184,8993,877,9870,7923,311,133,138,207,0.8027355623100304,0.1972644376899696,0.911144883485309,2807.791883454735,5.0,五星級,1
2023,7,台中市,台中金典酒店,222.0,5934,86.22493461203139,2937.222615436468,17429479,25934006,58212037,264,8706,3354,12060,9600,979,72,472,214,0.7960199004975125,0.20398009950248752,0.7218905472636816,2532.618279569893,5.0,五星級,1
2023,7,台中市,裕元花園酒店,149.0,3883,84.065815111496,3596.125676023693,13963756,27166073,46698944,262,6971,420,7391,5877,211,85,208,231,0.7951562711405764,0.2048437288594236,0.9431741306994994,3023.1123619831133,5.0,五星級,1
2023,7,台中市,通豪大飯店,226.0,0,0.0,,0,0,0,12,0,0,0,0,0,0,0,0,,,,,3.0,三星級,1
2023,7,台中市,長榮桂冠酒店(台中),354.0,8323,75.84290140331693,2719.608074011775,22635298,24112805,53364922,251,6986,1337,8323,6851,398,48,74,197,0.8231406944611318,0.1768593055388682,0.8393608074011775,2062.6296701293973,5.0,五星級,1
2023,7,台中市,龍谷大飯店,189.0,933,15.924219150025602,2290.630225080386,2137158,437286,2810283,39,1084,1057,2141,2128,1,0,7,2,0.9939280709948622,0.006071929005137755,0.5063054647361046,364.7649769585254,,無星等/未評鑑,0
2023,7,台北市,JR東日本大飯店台北,288.0,7222,80.8915770609319,5335.127803932429,38530293,19291814,62366350,243,12917,1232,14149,4515,2348,433,3696,1202,0.31910382359177325,0.6808961764082267,0.9129267086013145,4315.669018817204,4.0,四星級,1
2023,7,台北市,三德大飯店,287.0,4243,47.690232662695294,1776.615602168277,7538180,4004825,17044464,73,6500,81,6581,1312,460,141,258,1267,0.19936179911867496,0.8006382008813251,0.9876918401458745,847.2721141957963,3.0,三星級,1
2023,7,台北市,亞都麗緻大飯店,219.0,3087,45.47061422889969,4248.537091026887,13115234,12380856,27939770,164,3353,0,3353,1288,567,79,239,266,0.38413361169102295,0.615866388308977,1.0,1931.8359110325525,4.0,四星級,1
2023,7,台北市,兄弟大飯店,250.0,4616,59.56129032258064,3636.724653379549,16787121,48099149,70725316,450,4466,2546,7012,3877,1168,130,308,381,0.5529092983456931,0.44709070165430687,0.636908157444381,2166.080129032258,4.0,四星級,1
2023,7,台北市,北投老爺酒店,50.0,1040,67.0967741935484,5327.358653846154,5540453,2794611,9686240,63,2301,9,2310,1537,18,29,478,116,0.6653679653679654,0.3346320346320346,0.9961038961038962,3574.485806451614,4.0,四星級,1
2023,7,台北市,北投麗禧溫泉酒店,66.0,878,42.91300097751711,15641.17312072893,13732950,7952694,24649894,150,1610,18,1628,701,24,57,501,96,0.4305896805896806,0.5694103194103194,0.9889434889434889,6712.096774193549,4.0,四星級,1
2023,7,台北市,台北W飯店,402.0,9535,76.51259829882844,8997.4670162559,85790848,30106391,131313611,374,16989,154,17143,3878,931,502,2276,5328,0.22621478154348715,0.7737852184565128,0.9910167415271539,6884.195795217462,5.0,五星級,1
2023,7,台北市,台北中山雅樂軒酒店,88.0,2506,91.86217008797654,4344.156424581006,10886456,332660,12552879,43,3889,0,3889,671,353,86,402,1249,0.17253792748778607,0.8274620725122139,1.0,3990.636363636364,,無星等/未評鑑,0
2023,7,台北市,台北凱撒大飯店,478.0,12952,87.40720745039816,3216.484326744904,41659905,15832236,60213531,132,23648,3052,26700,7618,6536,3245,4571,967,0.2853183520599251,0.7146816479400748,0.8856928838951311,2811.439128087461,4.0,四星級,1
2023,7,台北市,台北君品大酒店,286.0,5665,63.89578163771712,4597.976875551632,26047539,45554671,75221314,314,8176,2024,10200,3264,2111,467,1669,570,0.32,0.6799999999999999,0.8015686274509803,2937.9132641551987,5.0,五星級,1
2023,7,台北市,台北君悅酒店,850.0,18407,69.85578747628084,5402.019449122617,99434972,90996653,216911936,524,14768,3877,18645,6138,606,0,661,6933,0.3292035398230089,0.6707964601769911,0.7920622150710647,3773.623225806452,5.0,五星級,1
2023,7,台北市,台北寒舍喜來登大飯店,688.0,15476,72.56189047261815,4085.30356681313,63224158,110955037,195242708,767,20097,5699,25796,9534,3410,1078,2144,4883,0.3695921848348581,0.6304078151651419,0.7790742750814079,2964.373499624906,5.0,五星級,1
2023,7,台北市,台北寒舍艾美酒店,160.0,3582,72.21774193548387,9461.713567839195,33891858,59961291,103163879,330,4688,540,5228,2452,153,38,524,948,0.46901300688599845,0.5309869931140015,0.8967100229533282,6833.035887096773,5.0,五星級,1
2023,7,台北市,台北美福大飯店,146.0,2837,62.68228015908086,6364.314064152273,18055559,68922669,93600579,336,5640,403,6043,3958,108,731,329,537,0.6549726956809532,0.3450273043190468,0.9333112692371339,3989.297171895713,6.0,卓越五星,1
2023,7,台北市,台北艾麗酒店,235.0,5755,78.99794097460536,5699.030755864465,32797922,22050737,60986866,176,8212,621,8833,3234,138,639,1618,484,0.36612702366127026,0.6338729763387297,0.9296954602060455,4502.116952642416,5.0,五星級,1
2023,7,台北市,台北花園大酒店,241.0,6547,87.63217775398206,2264.132732549259,14823277,20528735,44695742,153,11064,1868,12932,2073,264,2684,2073,554,0.16030003093102382,0.8396999690689761,0.8555521187751315,1984.108820773658,4.0,四星級,1
2023,7,台北市,台北萬豪酒店,318.0,8609,87.33008723879084,5322.286676733651,45819566,66453431,139075642,524,10002,1636,11638,3206,185,720,1041,4885,0.2754768860628974,0.7245231139371027,0.8594260182161884,4647.957597890039,5.0,五星級,1
2023,7,台北市,台北遠東香格里拉,420.0,7951,61.06758832565284,6371.199345994214,50657406,52347136,118177660,475,14608,932,15540,4079,1012,398,1645,4521,0.2624839124839125,0.7375160875160875,0.94002574002574,3890.737788018433,5.0,五星級,1
2023,7,台北市,合尊酒店 S Hotel,101.0,827,26.41328648993931,3682.877871825877,3045740,247147,3670011,40,1562,0,1562,811,43,24,186,37,0.5192061459667093,0.48079385403329067,1.0,972.7690833599487,,無星等/未評鑑,0
2023,7,台北市,國王大飯店,97.0,1946,64.71566345194546,1641.833504624871,3195008,723214,3940004,47,778,1168,1946,275,1615,5,12,2,0.14131551901336073,0.8586844809866393,0.3997944501541624,1062.523445294313,3.0,三星級,1
2023,7,台北市,國聯大飯店,243.0,1616,21.452276649409267,2706.711014851485,4374045,14322,4838930,45,1442,1195,2637,1850,98,92,93,126,0.701554797117937,0.298445202882063,0.546833522942738,580.6511350059737,4.0,四星級,1
2023,7,台北市,圓山大飯店,473.0,10427,71.11095955807134,3778.29097535245,39396240,69886001,125640948,520,11775,9751,21526,13972,3147,733,937,1047,0.6490755365604386,0.3509244634395614,0.5470129146148843,2686.7789674691403,5.0,五星級,1
2023,7,台北市,天成大飯店,225.0,5920,84.87455197132616,3354.529222972973,19858813,23162441,45950330,284,11036,906,11942,2203,2523,2059,2224,636,0.1844749623178697,0.8155250376821304,0.9241333110031821,2847.1416487455194,4.0,四星級,1
2023,7,台北市,日勝生加賀屋國際溫泉飯店,91.0,843,29.88302020560085,11260.88612099644,9492927,5968113,16754489,132,1906,105,2011,1399,41,4,420,46,0.6956737941322725,0.3043262058677275,0.9477871705619095,3365.092874867068,,無星等/未評鑑,0
2023,7,台北市,晶華酒店,538.0,12534,75.15289603069913,5454.440561672252,68365958,182627885,275011162,878,22160,1527,23687,11277,4699,1711,1143,2149,0.4760839278929371,0.5239160721070629,0.9355342592983493,4099.170044369829,5.0,五星級,1
2023,7,台北市,歐華酒店,112.0,1131,32.574884792626726,3403.811671087533,3849711,5298844,10134043,97,1895,333,2228,775,576,88,178,193,0.3478456014362657,0.6521543985637344,0.8505385996409336,1108.7877304147464,4.0,四星級,1
2023,7,台北市,漢普頓酒店,129.0,2781,69.5423855963991,1873.918015102481,5211366,2227155,8996316,65,4279,1019,5298,2564,1331,170,451,214,0.48395620989052474,0.5160437901094752,0.8076632691581729,1303.1672918229556,,無星等/未評鑑,0
2023,7,台北市,福容大飯店  台北一館,120.0,2439,65.56451612903226,2931.259942599426,7149343,6593525,14444192,1,3619,383,4002,2344,209,46,351,80,0.5857071464267866,0.41429285357321344,0.9042978510744628,1921.8663978494621,4.0,四星級,1
2023,7,台北市,福華大飯店,606.0,12012,63.941232832960715,4157.925407925408,49945000,41279000,107612000,513,21023,1327,22350,9643,1563,1585,1036,2850,0.43145413870246085,0.5685458612975391,0.9406263982102908,2658.6287661024166,5.0,五星級,1
2023,7,台北市,第一大飯店,176.0,2652,48.607038123167165,1809.79826546003,4799585,9601529,35295376,32,657,4056,4713,1026,1620,30,46,251,0.21769573520050922,0.7823042647994908,0.1394016549968173,879.6893328445748,4.0,四星級,1
2023,7,台北市,美麗信花園酒店,203.0,5673,90.14778325123153,2389.539220870791,13555856,3339206,22860843,115,9660,1696,11356,3628,2823,895,1532,884,0.3194786896794646,0.6805213103205354,0.8506516379006692,2154.116637533767,,無星等/未評鑑,0
2023,7,台北市,義華酒店,149.0,2276,49.27473479108032,3280.080843585237,7465464,172179,8752716,14,2842,476,3318,1076,89,115,210,1294,0.324291742013261,0.6757082579867391,0.8565400843881856,1616.2511366096555,,無星等/未評鑑,0
2023,7,台北市,老爺大酒店,202.0,5280,84.31810923027787,4485.276704545455,23682261,22751561,52797744,225,7383,568,7951,1880,4622,74,329,305,0.2364482455037102,0.7635517544962898,0.9285624449754748,3781.900511018844,5.0,五星級,1
2023,7,台北市,豪景大酒店,180.0,2817,50.483870967741936,2368.438054668087,6671890,13850,7195137,28,1996,834,2830,697,208,184,520,52,0.2462897526501767,0.7537102473498233,0.7053003533568905,1195.6792114695343,3.0,三星級,1
2023,7,台北市,雀客旅館台北南京,56.0,1192,68.66359447004609,2802.548657718121,3340638,0,3340638,10,1181,81,1262,982,22,0,94,26,0.7781299524564184,0.22187004754358164,0.9358161648177497,1924.3306451612907,,無星等/未評鑑,0
2023,7,台北市,雀客藏居台北陽明山,47.0,748,51.33836650652025,4159.104278074867,3111010,2510555,6449698,41,1120,376,1496,1261,10,30,120,50,0.8429144385026738,0.15708556149732622,0.7486631016042781,2135.2161976664383,3.0,三星級,1
2023,7,台南市,台南大員皇冠假日酒店,230.0,4663,65.39971949509116,4247.852669954965,19807737,15889516,39604890,212,9080,667,9747,8585,20,82,73,280,0.880783830922335,0.11921616907766497,0.9315686878013748,2778.0837307152874,5.0,五星級,1
2023,7,台南市,台南大飯店,152.0,2818,59.80475382003395,2176.619233498936,6133713,8585591,15563131,117,4513,173,4686,3185,647,174,193,71,0.6796841655996586,0.3203158344003414,0.9630815194195476,1301.7217741935485,3.0,三星級,1
2023,7,台南市,台南遠東香格里拉,330.0,7861,76.84261974584555,4019.952041724971,31600843,21203609,60316540,478,11402,777,12179,6858,757,563,238,1253,0.5631004187535923,0.4368995812464077,0.9362016585926595,3089.0364613880743,5.0,五星級,1
2023,7,台南市,台糖長榮酒店(台南),197.0,4301,70.4273784182086,3051.151127644734,13123001,19268059,33565008,155,8366,790,9156,8236,227,112,32,220,0.8995194408038445,0.1004805591961555,0.9137177806902578,2148.8457507777957,5.0,五星級,1
2023,7,台南市,趣淘漫旅,198.0,5186,84.49006190941675,4353.472425761666,22577108,3709419,29413994,89,14477,2199,16676,16627,0,0,7,0,0.997061645478532,0.0029383545214679563,0.8681338450467738,3678.251547735419,3.0,三星級,1
2023,7,台南市,遠百企業觀光旅館,40.0,83,6.693548387096775,501.2048192771084,41600,0,41600,23,83,0,83,83,0,0,0,0,1.0,0.0,1.0,33.54838709677419,,無星等/未評鑑,0
2023,7,台東縣,台東桂田喜來登酒店,290.0,4163,46.307007786429374,4864.975018015854,20252891,15393223,36580293,164,7461,3444,10905,10425,20,10,38,212,0.9559834938101788,0.044016506189821225,0.684181568088033,2252.8243604004456,5.0,五星級,1
2023,7,台東縣,娜路彎大酒店,292.0,4809,53.126380910296064,7175.488875025993,34506926,17890112,77098642,219,14859,829,15688,15565,2,2,85,8,0.9921596124426313,0.007840387557368711,0.9471570627231004,3812.077551922227,5.0,五星級,1
2023,7,台東縣,樂樂日暉溫泉酒店,48.0,636,42.74193548387097,2503.610062893082,1592296,0,1592296,9,1276,0,1276,1276,0,0,0,0,1.0,0.0,1.0,1070.0913978494625,,無星等/未評鑑,0
2023,7,台東縣,知本老爺大酒店,182.0,3735,66.19992910315491,6031.340294511378,22527056,10655169,37250221,196,7774,1501,9275,9027,14,6,69,63,0.9732614555256065,0.0267385444743935,0.838167115902965,3992.742998936547,5.0,五星級,1
2023,7,嘉義市,耐斯王子大飯店,245.0,3556,46.82027649769585,2831.849268841395,10070056,9869954,21949926,116,6367,3015,9382,9016,74,0,2,190,0.9609891281176721,0.03901087188232788,0.6786399488382008,1325.8796576695195,5.0,五星級,1
2023,7,嘉義市,鈺通大飯店,120.0,1375,36.96236559139785,1929.425454545455,2652960,4271159,6957369,58,1512,1133,2645,2577,23,2,24,7,0.9742911153119093,0.02570888468809074,0.5716446124763706,713.1612903225807,3.0,三星級,1
2023,7,嘉義縣,名都觀光渡假大飯店,97.0,741,24.64250083139342,2099.526315789474,1555749,1681448,3332847,41,971,1044,2015,2015,0,0,0,0,1.0,0.0,0.4818858560794045,517.3757898237449,3.0,三星級,1
2023,7,嘉義縣,阿里山賓館(歷史館),35.0,0,0.0,,0,0,0,11,0,0,0,0,0,0,0,0,,,,,4.0,四星級,1
2023,7,嘉義縣,阿里山賓館(現代館),104.0,1880,58.31265508684863,12557.74840425532,23608567,7785556,31974964,105,3917,1678,5595,5432,2,0,24,117,0.9708668453976765,0.029133154602323463,0.7000893655049151,7322.756513647643,4.0,四星級,1
2023,7,基隆市,長榮桂冠酒店(基隆),140.0,3930,90.55299539170507,3902.648091603053,15337407,8597571,27927905,90,7849,1120,8969,8730,61,11,47,14,0.9733526591593266,0.02664734084067344,0.8751254320437061,3533.9647465437783,5.0,五星級,1
2023,7,宜蘭縣,凱渡廣場酒店,285.0,1871,21.177136389360502,7370.826830571887,13790817,8460449,25324095,138,3580,1058,4638,4621,0,0,5,4,0.9963346269943941,0.0036653730056058764,0.771884432945235,1560.9300509337863,,無星等/未評鑑,0
2023,7,宜蘭縣,山泉大飯店,146.0,2611,57.68890852850199,1872.228265032555,4888388,1920030,7166756,37,2854,3088,5942,5282,6,146,422,0,0.8889262874453047,0.11107371255469534,0.48030966004712217,1080.0680512593906,3.0,三星級,1
2023,7,宜蘭縣,幼獅大飯店,53.0,301,18.32014607425441,1329.003322259136,400030,0,423170,9,172,129,301,301,0,0,0,0,1.0,0.0,0.5714285714285714,243.4753499695678,3.0,三星級,1
2023,7,宜蘭縣,悅川酒店,103.0,2414,75.60288130285,5030.15990057995,12142806,7631073,19773879,96,5423,2671,8094,7978,11,0,89,0,0.9856683963429701,0.014331603657029901,0.6700024709661477,3802.9458189790166,4.0,四星級,1
2023,7,宜蘭縣,礁溪老爺大酒店,197.0,4383,71.77009988537743,8983.123887748117,39373032,25878242,79181361,307,10818,1670,12488,11842,25,2,335,139,0.9482703395259449,0.05172966047405514,0.8662716207559257,6447.196987064024,5.0,五星級,1
2023,7,宜蘭縣,綠舞國際觀光飯店,113.0,1741,49.70025692263774,7413.576105686388,12907036,6649909,24941998,294,3419,2280,5699,5691,0,0,0,0,0.9985962449552553,0.001403755044744659,0.5999298122477628,3684.566371681416,4.0,四星級,1
2023,7,宜蘭縣,蘭城晶英酒店,193.0,5914,98.84673240849072,10992.46127832262,65009416,56122048,134309471,342,24763,503,25266,24166,12,0,616,203,0.9564632312198211,0.04353676878017887,0.9800918230032455,10865.688784890519,5.0,五星級,1
2023,7,宜蘭縣,長榮鳳凰酒店(礁溪),231.0,3400,47.479402318112,6770.745,23020533,17680296,44517731,242,9023,1291,10314,10130,8,14,113,29,0.982160170641846,0.01783982935815398,0.8748303277099089,3214.7092584834522,5.0,五星級,1
2023,7,屏東縣,凱撒大飯店,281.0,6687,76.76500975777752,10910.28906834156,72957103,9789837,86398998,220,2202,18540,20742,19905,24,242,185,167,0.9596470928550767,0.040352907144923345,0.1061614116285797,8375.284467914134,5.0,五星級,1
2023,7,屏東縣,墾丁怡灣渡假酒店,234.0,4935,68.03143093465674,4606.772239108409,22734421,1301839,25556312,86,10646,2648,13294,7225,0,8,220,37,0.5434782608695652,0.4565217391304348,0.8008123965698811,3134.0530741659773,3.0,三星級,1
2023,7,屏東縣,墾丁福華渡假飯店,458.0,7380,51.97915199323848,6305.262195121952,46532835,10453906,59758405,268,19602,4062,23664,22801,80,54,317,200,0.9635311020960108,0.03646889790398922,0.8283468559837728,3277.4218199746447,5.0,五星級,1
2023,7,新北市,八里福朋喜來登酒店,188.0,2207,37.86890871654084,4732.473040326235,10444568,12411903,22918760,150,3262,2900,6162,5484,76,5,25,436,0.8899707887049659,0.11002921129503407,0.5293735800064914,1792.1358956760464,3.0,三星級,1
2023,7,新北市,大板根渡假酒店,95.0,2333,79.21901528013582,6836.0,15948388,15154867,46489504,218,4150,2849,6999,6792,6,0,123,33,0.9704243463351907,0.029575653664809298,0.5929418488355479,5415.411884550084,4.0,四星級,1
2023,7,新北市,板橋凱撒大飯店,400.0,11146,89.88709677419355,3881.348106944195,43261506,11192257,54517835,148,21240,2747,23987,14097,708,3345,2661,545,0.58769333388919,0.41230666611081,0.8854796348021845,3488.831129032258,5.0,五星級,1
2023,7,新北市,瓏山林台北中和飯店,126.0,2034,52.07373271889401,2213.387413962635,4502030,2462741,7778262,83,3112,1176,4288,2199,52,108,147,121,0.5128264925373134,0.4871735074626866,0.7257462686567164,1152.5934459805426,3.0,三星級,1
2023,7,新北市,碧特弗大飯店,55.0,214,12.55131964809384,4100.509345794392,877509,188769,1066278,19,265,116,381,352,4,0,0,6,0.9238845144356955,0.07611548556430447,0.6955380577427821,514.6680351906157,,無星等/未評鑑,0
2023,7,新北市,福容大飯店    淡水漁人碼頭,198.0,4544,74.03062886933854,5004.301716549296,22739547,20052818,47554140,159,7379,3507,10886,10489,19,2,98,187,0.9635311409149366,0.036468859085063365,0.6778431012309388,3704.716031280547,4.0,四星級,1
2023,7,新北市,福容大飯店 福隆,174.0,4064,75.34297367445309,6191.497785433071,25162247,12843395,41798607,179,8297,1930,10227,10146,5,0,40,20,0.9920797887943679,0.007920211205632133,0.8112838564583944,4664.858546533184,3.0,三星級,1
2023,7,新北市,美麗春天大飯店,34.0,0,0.0,,0,0,0,3,0,0,0,0,0,0,0,0,,,,,,無星等/未評鑑,0
2023,7,新竹市,新竹國賓大飯店,257.0,5048,63.3613656332371,3389.287242472266,17109122,28327829,51998454,270,7933,1098,9031,5989,759,335,147,520,0.6631602258886059,0.3368397741113941,0.8784187797586093,2147.4986820635113,4.0,四星級,1
2023,7,新竹市,新竹老爺大酒店,208.0,4764,73.8833746898263,3180.949622166247,15154044,14305327,30938127,168,7066,1532,8598,6480,674,113,59,547,0.7536636427076064,0.24633635729239356,0.821819027680856,2350.192928039702,4.0,四星級,1
2023,7,新竹縣,新竹喜來登大飯店,386.0,7421,62.01738258398797,3796.388761622423,28173001,28240055,65506190,266,8855,941,9796,4750,214,454,64,2314,0.48489179256839526,0.5151082074316047,0.9039403838301348,2354.420942670901,4.0,四星級,1
2023,7,新竹縣,豐邑喜來登大飯店,384.0,4947,41.55745967741936,3796.644430968264,18782000,3319598,24114701,99,5904,627,6531,3166,142,302,43,1543,0.4847649670800796,0.5152350329199205,0.9039963252181902,1577.788978494624,4.0,四星級,1
2023,7,桃園市,南方莊園渡假飯店,111.0,1883,54.722464399883755,5796.704726500266,10915195,12558006,27120119,107,3973,1246,5219,5100,0,0,54,21,0.9771986970684039,0.0228013029315961,0.7612569457750527,3172.0996803254866,4.0,四星級,1
2023,7,桃園市,古華花園飯店,255.0,6536,82.6818469323213,2844.844553243574,18593904,7356192,26996042,164,12320,223,12543,8702,411,174,742,725,0.6937734194371362,0.3062265805628638,0.9822211592123097,2352.1700189753315,3.0,三星級,1
2023,7,桃園市,台北諾富特華航桃園機場飯店,516.0,9092,56.83920980245061,3613.497360316762,32853918,22164537,56546891,262,12902,422,13324,6924,882,273,232,1394,0.5196637646352447,0.48033623536475534,0.9683278294806364,2053.883345836459,4.0,四星級,1
2023,7,桃園市,名人堂花園大飯店,128.0,3284,82.76209677419355,5998.922655298416,19700462,24763459,56747816,368,10287,433,10720,10418,2,0,118,73,0.9718283582089552,0.02817164179104481,0.9596082089552239,4964.834173387097,,無星等/未評鑑,0
2023,7,桃園市,和逸飯店桃園青埔館,218.0,4491,66.45457235868601,6006.230460921844,26973981,0,30907222,107,11916,0,11916,10297,111,134,505,0,0.8641322591473649,0.1358677408526351,1.0,3991.414767682747,4.0,四星級,1
2023,7,桃園市,尊爵大飯店,218.0,2882,42.64575318141462,2813.350798056905,8108077,6192090,14929512,88,2605,1449,4054,1748,112,196,76,156,0.43117908238776514,0.5688209176122349,0.6425752343364578,1199.7746374667063,3.0,三星級,1
2023,7,桃園市,尊爵天際大飯店,250.0,3976,51.303225806451614,2582.867706237424,10269482,2020577,12487354,68,3637,1820,5457,1236,164,252,0,219,0.22649807586586038,0.7735019241341397,0.666483415796225,1325.094451612903,3.0,三星級,1
2023,7,桃園市,桃園喜來登酒店,189.0,1802,30.75610172384366,3012.518312985572,5428558,8774944,15548535,130,2554,525,3079,1655,45,26,59,688,0.5375121792789866,0.46248782072101335,0.8294900941864242,926.5331967912614,4.0,四星級,1
2023,7,桃園市,福容大飯店   桃園,182.0,4622,81.92130450194966,2217.530722630896,10249427,5023210,15288998,55,4094,512,4606,3066,86,540,700,18,0.6656534954407295,0.3343465045592705,0.8888406426400347,1816.630095710741,3.0,三星級,1
2023,7,澎湖縣,寶華大飯店,74.0,734,31.99651264167393,2291.121253405995,1681683,17225,1700908,17,1025,440,1465,1445,0,0,8,0,0.9863481228668942,0.013651877133105783,0.6996587030716723,733.0789014821274,,無星等/未評鑑,0
2023,7,澎湖縣,澎湖福朋喜來登酒店,331.0,6802,66.28983529870382,4084.488091737724,27782688,25003198,57889594,214,13638,6215,19853,19595,14,4,10,63,0.9870044829496801,0.012995517050319871,0.6869490757064424,2707.600428808108,5.0,五星級,1
2023,7,花蓮縣,太魯閣晶英酒店,160.0,3348,67.5,12784.05555555555,42801018,12644760,61934115,196,9097,1697,10794,10373,10,0,0,210,0.9609968501019085,0.039003149898091505,0.8427830276079303,8629.237499999996,5.0,五星級,1
2023,7,花蓮縣,瑞穗天合國際觀光酒店,198.0,4590,74.7800586510264,13285.58997821351,60980858,7533286,70442847,222,10844,3432,14276,14111,4,0,42,51,0.9884421406556458,0.01155785934435416,0.7595965256374334,9934.971977842948,5.0,五星級,1
2023,7,花蓮縣,美侖大飯店,299.0,6550,70.66565972596828,5495.674809160305,35996670,9047876,47730983,243,15690,3492,19182,18387,46,68,22,388,0.9585548952142634,0.0414451047857366,0.8179543321864248,3883.554860286978,5.0,五星級,1
2023,7,花蓮縣,花蓮翰品酒店,156.0,3603,74.50372208436724,4256.44684984735,15335978,6304211,22062404,98,11355,669,12024,11363,10,117,130,170,0.9450266134397871,0.05497338656021289,0.9443612774451098,3171.2113316790737,,無星等/未評鑑,0
2023,7,花蓮縣,遠雄悅來大飯店,381.0,6557,55.51604436542207,7392.687357023029,48473851,23616222,84028032,357,15946,3741,19687,19537,6,9,26,50,0.9923807588764159,0.007619241123584142,0.8099761263778128,4104.127592921853,5.0,五星級,1
2023,7,苗栗縣,馥藝金鬱金香酒店,191.0,4454,75.22377976693126,2257.899640772339,10056685,5791791,16183107,91,8286,2218,10504,10129,130,8,45,18,0.9642993145468393,0.03570068545316074,0.7888423457730388,1698.477453132916,3.0,三星級,1
2023,7,金門縣,陸島酒店,47.0,557,38.22923816060398,1532.800718132855,853770,97280,955790,12,0,1216,1216,1216,0,0,0,0,1.0,0.0,0.0,585.9780370624572,,無星等/未評鑑,0
2023,7,高雄市,寒軒國際大飯店,375.0,6537,56.23225806451613,2105.896588649227,13766246,11903415,26154100,194,6507,3078,9585,7471,799,227,287,60,0.7794470526864893,0.22055294731351072,0.6788732394366197,1184.193204301075,5.0,五星級,1
2023,7,高雄市,承攜行旅 高雄六合館,269.0,2223,26.65787264660031,1951.677912730544,4338580,0,4338580,39,3838,176,4014,3912,56,6,24,0,0.9745889387144993,0.025411061285500747,0.9561534628799203,520.2758124475356,,無星等/未評鑑,0
2023,7,高雄市,晶英國際行館,147.0,1377,30.217248189598422,7522.828612926653,10358935,12051442,26085655,221,2587,78,2665,2288,39,58,127,40,0.8585365853658536,0.14146341463414636,0.9707317073170731,2273.191792846171,4.0,四星級,1
2023,7,高雄市,漢來大飯店,535.0,9123,55.007536930961706,3596.306478132193,32809104,76501283,124333092,789,13182,2207,15389,11112,741,385,211,768,0.7220742088504776,0.2779257911495224,0.8565858730261875,1978.2396141091344,5.0,五星級,1
2023,7,高雄市,福容大飯店 高雄,250.0,4228,54.55483870967742,2779.065042573321,11749887,3663197,15456396,77,6888,1813,8701,7058,178,102,205,200,0.8111711297552006,0.18882887024479944,0.7916331456154465,1516.1144516129034,3.0,三星級,1
2023,7,高雄市,義大皇家酒店,656.0,11055,54.361723052714396,3450.547263681592,38145800,21633226,65013332,412,21449,5485,26934,25878,10,32,708,51,0.9607930496769882,0.0392069503230118,0.7963540506423108,1875.7769472856019,4.0,四星級,1
2023,7,高雄市,高雄圓山大飯店,105.0,2050,62.98003072196621,2977.97756097561,6104854,11816099,19641215,123,4822,762,5584,5030,216,70,64,57,0.9007879656160458,0.0992120343839542,0.8635386819484241,1875.531182795699,5.0,五星級,1
2023,7,高雄市,高雄福華大飯店,271.0,5900,70.22973455541008,2626.566440677966,15496742,23327275,42190501,273,10055,2374,12429,8278,1596,278,663,96,0.6660230107007804,0.3339769892992196,0.8089950921232602,1844.630639209618,5.0,五星級,1
2023,7,高雄市,高雄萬豪酒店,700.0,13284,61.216589861751146,4708.710930442638,62550516,68205892,144003963,722,23049,3216,26265,18920,242,699,927,3607,0.7203502760327432,0.27964972396725685,0.8775556824671616,2882.5122580645157,5.0,五星級,1
2023,7,高雄市,麗尊大酒店,188.0,3214,55.147563486616335,2473.0,7948222,16084328,24990781,171,5702,476,6178,4657,580,66,236,429,0.7538038200064746,0.2461961799935254,0.9229524117837488,1363.799245024022,3.0,三星級,1
2023,8,南投縣,日月潭力麗溫德姆溫泉酒店,197.0,597,9.775667267070574,5578.221105527638,3330198,2570335,6438396,146,810,604,1414,1261,4,0,7,6,0.8917963224893918,0.10820367751060822,0.5728429985855729,545.3083346978876,5.0,五星級,1
2023,8,南投縣,涵碧樓大飯店,96.0,2404,80.77956989247312,16061.81073211314,38612593,7110026,50370270,292,4151,745,4896,4348,161,25,43,172,0.8880718954248366,0.11192810457516345,0.8478349673202614,12974.661626344081,5.0,五星級,1
2023,8,南投縣,雲品溫泉酒店日月潭,211.0,4400,67.26800183458187,12372.96818181818,54441060,22196146,82236900,294,1788,11136,12924,12130,86,10,113,329,0.9385639121015166,0.06143608789848343,0.13834726090993502,8323.048463537683,5.0,五星級,1
2023,8,台中市,全國大飯店,178.0,2778,50.34432765494744,2193.746220302376,6094227,4325646,11139228,71,4606,640,5246,4287,364,21,196,79,0.8171940526115136,0.18280594738848643,0.8780022874571102,1104.4267850670533,5.0,五星級,1
2023,8,台中市,台中港酒店,200.0,4584,73.93548387096774,3240.958769633508,14856555,2771785,18927193,104,7493,334,7827,5016,706,201,146,142,0.6408585665005749,0.35914143349942507,0.9573272007154721,2396.218548387097,3.0,三星級,1
2023,8,台中市,台中福華大飯店,155.0,4688,97.56503642039543,2837.613054607509,13302730,16865161,33855644,186,9157,520,9677,7595,457,157,178,77,0.7848506768626641,0.21514932313733592,0.9462643381213186,2768.5182101977116,5.0,五星級,1
2023,8,台中市,台中金典酒店,222.0,5655,82.17088055797733,2894.374182139699,16367686,21616837,50777086,267,7537,4158,11695,9457,847,189,259,290,0.808636169303121,0.191363830696879,0.6444634459170586,2378.332752106945,5.0,五星級,1
2023,8,台中市,裕元花園酒店,149.0,3771,81.64104784585408,3620.025987801644,13651118,30433550,50000470,268,6832,440,7272,5899,191,87,119,337,0.8111936193619362,0.18880638063806376,0.9394939493949395,2955.427148733492,5.0,五星級,1
2023,8,台中市,通豪大飯店,226.0,0,0.0,,0,0,0,10,0,0,0,0,0,0,0,0,,,,,3.0,三星級,1
2023,8,台中市,長榮桂冠酒店(台中),354.0,7853,71.56005102970659,2708.961288679486,21273473,26386402,54153141,250,6667,1186,7853,6355,463,83,112,155,0.809244874570228,0.19075512542977202,0.8489749140455877,1938.5340805540372,5.0,五星級,1
2023,8,台中市,龍谷大飯店,189.0,852,14.54173067076293,1935.948356807512,1649428,779452,2670858,40,766,1209,1975,1968,0,0,4,0,0.9964556962025316,0.0035443037974683955,0.3878481012658228,281.52039597200894,,無星等/未評鑑,0
2023,8,台北市,JR東日本大飯店台北,288.0,7285,81.59722222222221,5465.685518188057,39817519,20882396,64662321,243,14247,151,14398,3626,3602,524,4188,729,0.2518405334074177,0.7481594665925824,0.9895124322822614,4459.847558243727,4.0,四星級,1
2023,8,台北市,三德大飯店,287.0,3687,41.44093514667865,1970.660428532682,7265825,2600392,29080032,72,5183,224,5407,1554,1058,393,802,473,0.2874052154614389,0.7125947845385612,0.9585722211947475,816.6601101494883,3.0,三星級,1
2023,8,台北市,亞都麗緻大飯店,219.0,3722,54.82397996759464,4230.570929607738,15746185,12891277,31051389,169,3996,0,3996,1423,904,94,376,152,0.3561061061061061,0.6438938938938938,1.0,2319.367358963029,4.0,四星級,1
2023,8,台北市,兄弟大飯店,250.0,3900,50.32258064516129,3603.771538461539,14054709,47272467,67039722,450,3695,2161,5856,3197,1047,128,278,255,0.5459357923497268,0.4540642076502732,0.6309767759562842,1813.5108387096777,4.0,四星級,1
2023,8,台北市,北投老爺酒店,50.0,1026,66.19354838709678,5254.216374269005,5390826,2999113,9661146,62,2258,21,2279,1483,64,23,533,52,0.6507240017551558,0.34927599824484423,0.9907854322071084,3477.952258064516,4.0,四星級,1
2023,8,台北市,北投麗禧溫泉酒店,66.0,1101,53.81231671554252,15074.1961852861,16596690,11344258,30842257,158,1999,190,2189,1068,70,81,672,68,0.48789401553220646,0.5121059844677935,0.9132023755139334,8111.7741935483855,4.0,四星級,1
2023,8,台北市,台北W飯店,402.0,9225,74.02503610977371,8623.474471544716,79551552,26093483,120058740,389,14938,886,15824,4211,1284,378,2410,3816,0.26611476238624876,0.7338852376137512,0.9440091001011123,6383.530091478094,5.0,五星級,1
2023,8,台北市,台北中山雅樂軒酒店,88.0,2428,89.00293255131965,4267.072487644152,10360452,394773,12030016,42,3853,0,3853,714,562,39,390,974,0.18531014793667272,0.8146898520633272,1.0,3797.819648093842,,無星等/未評鑑,0
2023,8,台北市,台北凱撒大飯店,478.0,12840,86.65136995545957,3255.765887850467,41804034,15764255,60259059,134,24186,2863,27049,6004,10027,2727,4667,716,0.2219675403896632,0.7780324596103367,0.8941550519427706,2821.1657443649615,4.0,四星級,1
2023,8,台北市,台北君品大酒店,286.0,5720,64.51612903225806,4756.731293706293,27208503,40590897,71082079,316,9803,1099,10902,3065,3480,404,1751,458,0.2811410750321042,0.7188589249678958,0.8991928086589617,3068.8588991653505,5.0,五星級,1
2023,8,台北市,台北君悅酒店,850.0,18694,70.9449715370019,5477.246549695089,102391647,88679203,216567897,527,14480,3672,18152,6806,774,0,792,5321,0.374944909651829,0.6250550903481711,0.7977082415160864,3885.8310056926,5.0,五星級,1
2023,8,台北市,台北寒舍喜來登大飯店,688.0,15333,71.89141035258815,4281.487706254484,65648051,113220624,199933717,766,21550,4577,26127,9080,5801,1361,1918,3466,0.34753320319975506,0.6524667968002449,0.8248172388716654,3078.021896099025,5.0,五星級,1
2023,8,台北市,台北寒舍艾美酒店,160.0,3856,77.74193548387098,9058.721213692947,34930429,63920580,108501081,336,5235,206,5441,2355,156,52,713,949,0.43282484837346075,0.5671751516265393,0.9621393126263554,7042.425201612904,5.0,五星級,1
2023,8,台北市,台北美福大飯店,146.0,2907,64.22889969067609,6307.298589611283,18335317,67847508,92741852,339,5848,388,6236,3694,576,614,517,490,0.5923669018601668,0.40763309813983317,0.9377806286080821,4051.1084843128588,6.0,卓越五星,1
2023,8,台北市,台北艾麗酒店,235.0,5853,80.34317089910775,5626.644284982061,32932749,18396099,57284973,174,8827,283,9110,3108,210,640,1918,525,0.34116355653128433,0.6588364434687157,0.9689352360043908,4520.624433768016,5.0,五星級,1
2023,8,台北市,台北花園大酒店,241.0,6752,90.37612100120465,2227.03317535545,15036928,18709408,43263719,146,14356,224,14580,2041,894,3797,2340,505,0.13998628257887516,0.8600137174211249,0.984636488340192,2012.706197296212,4.0,四星級,1
2023,8,台北市,台北萬豪酒店,318.0,8978,91.07324000811523,5328.342726665182,47837861,63145188,136073216,516,11098,1055,12153,3764,391,758,690,4899,0.30971776516086563,0.6902822348391344,0.9131901588085246,4852.6943599107335,5.0,五星級,1
2023,8,台北市,台北遠東香格里拉,420.0,8251,63.371735791090636,6412.833232335474,52912287,56345650,125427232,476,14765,1283,16048,3274,2888,534,2268,3558,0.20401296111665004,0.79598703888335,0.9200523429710867,4063.923732718894,5.0,五星級,1
2023,8,台北市,合尊酒店 S Hotel,101.0,725,23.15554136058767,4038.828965517241,2928151,252124,3506287,38,1424,0,1424,743,0,54,232,34,0.5217696629213483,0.4782303370786517,1.0,935.21271159374,,無星等/未評鑑,0
2023,8,台北市,國王大飯店,97.0,2363,78.58330562021949,1401.671180702497,3312149,978168,4306787,47,827,1536,2363,127,2204,6,13,3,0.05374523910283538,0.9462547608971646,0.34997884045704614,1101.4795477219823,3.0,三星級,1
2023,8,台北市,國聯大飯店,243.0,1899,25.209080047789723,2752.637177461822,5227258,228382,5993828,57,1689,1467,3156,1934,129,211,212,90,0.6128010139416984,0.3871989860583016,0.535171102661597,693.9145094915704,4.0,四星級,1
2023,8,台北市,圓山大飯店,473.0,10686,72.87731023665008,3664.642242186038,39160367,63167424,117636922,518,10789,11156,21945,13393,4362,857,972,779,0.6102984734563682,0.38970152654363177,0.4916381863750285,2670.6926959012485,5.0,五星級,1
2023,8,台北市,天成大飯店,225.0,6277,89.99283154121865,3385.648558228453,21251716,20440080,44227188,290,12055,817,12872,2408,3933,1269,2558,587,0.18707271597265382,0.8129272840273462,0.9365288999378496,3046.84100358423,4.0,四星級,1
2023,8,台北市,日勝生加賀屋國際溫泉飯店,89.0,880,31.89561435302646,11078.75227272727,9749302,6488243,17713227,134,2001,88,2089,1480,121,6,309,65,0.7084729535662997,0.2915270464337003,0.9578745811393011,3533.636100036244,,無星等/未評鑑,0
2023,8,台北市,晶華酒店,538.0,12907,77.3893752248471,5588.573332300302,72131716,166472682,262031140,879,22456,2104,24560,9967,6612,1945,1496,2006,0.4058224755700326,0.5941775244299674,0.9143322475570033,4324.961985849623,5.0,五星級,1
2023,8,台北市,歐華酒店,112.0,1366,39.34331797235023,3374.773792093704,4609941,6028248,11838481,97,2027,634,2661,875,1002,76,210,98,0.3288237504697482,0.6711762495302518,0.7617437053739196,1327.7479838709676,4.0,四星級,1
2023,8,台北市,漢普頓酒店,129.0,2981,74.54363590897725,2268.878899698088,6763528,1055575,9458074,61,4557,1229,5786,2399,1676,137,1127,146,0.41462150017283095,0.585378499827169,0.7875907362599378,1691.3048262065518,,無星等/未評鑑,0
2023,8,台北市,福容大飯店  台北一館,120.0,2206,59.30107526881721,2992.647325475974,6601780,5554782,12740914,79,3571,255,3826,2009,271,177,258,159,0.5250914793518034,0.47490852064819655,0.9333507579717721,1774.6720430107525,4.0,四星級,1
2023,8,台北市,福華大飯店,606.0,11834,62.99371872671138,4130.387020449552,48879000,40549000,104496000,508,22047,537,22584,8503,2951,1642,1339,2029,0.37650549061282323,0.6234945093871768,0.9762221041445271,2601.8843819865856,5.0,五星級,1
2023,8,台北市,第一大飯店,176.0,2644,48.46041055718475,1785.36497730711,4720505,9799703,35463169,33,552,4280,4832,901,2058,33,91,241,0.18646523178807947,0.8135347682119205,0.11423841059602649,865.1951979472138,4.0,四星級,1
2023,8,台北市,美麗信花園酒店,203.0,5345,84.93564277768951,2443.086061739944,13058295,3126561,21912739,116,9247,1752,10999,2289,4029,1170,1659,530,0.20810982816619691,0.7918901718338031,0.8407127920720066,2075.0508501509617,,無星等/未評鑑,0
2023,8,台北市,義華酒店,149.0,2312,50.054124269322365,3415.910034602076,7897584,184656,9051785,15,2798,526,3324,1248,140,163,173,1024,0.37545126353790614,0.6245487364620939,0.8417569193742479,1709.8038536479758,,無星等/未評鑑,0
2023,8,台北市,老爺大酒店,202.0,5228,83.48770360907058,4538.543611323642,23727506,22262236,52187170,221,8235,342,8577,1883,5271,143,392,219,0.21954063192258366,0.7804593680774163,0.9601259181532005,3789.12583839029,5.0,五星級,1
2023,8,台北市,豪景大酒店,180.0,3497,62.67025089605735,2284.407206176723,7988572,118260,8585435,31,5810,2138,7948,2297,456,748,1778,69,0.28900352289884246,0.7109964771011575,0.7310015098137896,1431.6437275985663,3.0,三星級,1
2023,8,台北市,雀客旅館台北南京,56.0,1219,70.2188940092166,2714.325676784249,3308763,0,3308763,10,2650,366,3016,2809,44,16,63,42,0.9313660477453581,0.06863395225464186,0.8786472148541115,1905.969470046083,,無星等/未評鑑,0
2023,8,台北市,雀客藏居台北陽明山,47.0,606,41.59231297185998,4798.902640264027,2908135,1778012,6169023,41,1156,156,1312,1153,12,10,56,10,0.8788109756097561,0.12118902439024393,0.8810975609756098,1995.974605353466,3.0,三星級,1
2023,8,台南市,台南大員皇冠假日酒店,230.0,4837,67.84011220196354,4064.139756047137,19658244,16860031,40341821,216,8488,1322,9810,8815,8,63,68,268,0.898572884811417,0.10142711518858305,0.8652395514780836,2757.1169705469847,5.0,五星級,1
2023,8,台南市,台南大飯店,152.0,2811,59.65619694397284,2110.638562789043,5933005,9783522,16752386,124,7658,612,8270,6676,655,55,259,79,0.8072551390568319,0.19274486094316812,0.9259975816203144,1259.1266977928694,3.0,三星級,1
2023,8,台南市,台南遠東香格里拉,330.0,7703,75.29814271749756,3987.132675580942,30712883,21711812,60074652,458,12173,482,12655,7282,696,741,438,1214,0.5754247333069933,0.4245752666930067,0.9619122876333465,3002.2368523949162,5.0,五星級,1
2023,8,台南市,台糖長榮酒店(台南),197.0,4289,70.23088259374488,2927.004896246211,12553924,20871308,34620816,159,8436,718,9154,8504,189,30,23,30,0.9289927900371422,0.07100720996285781,0.9215643434564125,2055.6613721958406,5.0,五星級,1
2023,8,台南市,趣淘漫旅,198.0,5029,81.93222548061257,4197.897991648439,21111229,3480388,27711264,104,14699,1537,16236,16194,3,0,3,0,0.9974131559497413,0.002586844050258663,0.9053338260655334,3439.4312479635055,3.0,三星級,1
2023,8,台南市,遠百企業觀光旅館,40.0,80,6.451612903225806,505.0,40400,0,40400,23,80,0,80,80,0,0,0,0,1.0,0.0,1.0,32.58064516129032,,無星等/未評鑑,0
2023,8,台東縣,台東桂田喜來登酒店,290.0,4036,44.894327030033374,4811.894202180377,19420805,15823507,36265688,162,6264,4085,10349,10010,24,0,12,187,0.9672432119045319,0.032756788095468115,0.6052758720649338,2160.2675194660737,5.0,五星級,1
2023,8,台東縣,娜路彎大酒店,292.0,4851,53.59036676977463,6996.952174809318,33942215,15455710,57702732,209,17141,584,17725,16345,8,7,45,40,0.9221438645980254,0.07785613540197456,0.967052186177715,3749.6923331860366,5.0,五星級,1
2023,8,台東縣,樂樂日暉溫泉酒店,48.0,716,48.11827956989247,2505.856145251397,1794193,0,1794193,9,1434,0,1434,1434,0,0,0,0,1.0,0.0,1.0,1205.7748655913979,,無星等/未評鑑,0
2023,8,台東縣,知本老爺大酒店,182.0,4088,72.45657568238212,5801.271771037182,23715599,11086048,39390571,204,8103,1670,9773,9484,8,5,79,58,0.9704287322214263,0.029571267778573662,0.829121047784713,4203.402871322225,5.0,五星級,1
2023,8,嘉義市,耐斯王子大飯店,245.0,3049,40.14483212639895,2774.601508691374,8459760,9082880,19267244,114,5774,2268,8042,7815,29,38,6,83,0.97177319074857,0.028226809251429952,0.7179806018403382,1113.8591178406848,5.0,五星級,1
2023,8,嘉義市,鈺通大飯店,120.0,1436,38.60215053763441,1883.055013927577,2704067,2880186,5611986,60,1700,657,2357,2311,4,0,17,10,0.9804836656767076,0.01951633432329236,0.7212558336868902,726.8997311827958,3.0,三星級,1
2023,8,嘉義縣,名都觀光渡假大飯店,97.0,803,26.704356501496513,1977.297633872976,1587770,1223973,3018013,41,663,1533,2196,2196,0,0,0,0,1.0,0.0,0.30191256830601093,528.0246092450948,3.0,三星級,1
2023,8,嘉義縣,阿里山賓館(現代館),104.0,1377,42.71091811414392,11894.48148148148,16378701,5471841,22312339,95,2766,1186,3952,3856,8,10,12,29,0.9757085020242915,0.02429149797570851,0.6998987854251012,5080.242245657568,4.0,四星級,1
2023,8,基隆市,長榮桂冠酒店(基隆),140.0,3612,83.22580645161291,3909.936877076412,14122692,7604376,25540110,88,7058,1361,8419,8203,54,24,56,4,0.9743437462881578,0.025656253711842214,0.8383418458249198,3254.076497695853,5.0,五星級,1
2023,8,宜蘭縣,凱渡廣場酒店,285.0,2825,31.97509903791738,6907.392920353982,19513385,12693050,35796814,142,6068,1258,7326,7291,4,0,5,12,0.9952224952224952,0.004777504777504826,0.8282828282828283,2208.6457272212797,,無星等/未評鑑,0
2023,8,宜蘭縣,山泉大飯店,146.0,2624,57.97613787008395,1727.278963414634,4532380,2133936,7017174,39,3327,2754,6081,5415,0,76,470,0,0.8904785397138628,0.10952146028613718,0.5471139615194869,1001.4096332302252,3.0,三星級,1
2023,8,宜蘭縣,幼獅大飯店,53.0,263,16.00730371272063,1474.904942965779,387900,0,408550,8,74,125,199,199,0,0,0,0,1.0,0.0,0.37185929648241206,236.09251369446122,3.0,三星級,1
2023,8,宜蘭縣,悅川酒店,103.0,2393,74.94519260883182,4740.608859172587,11344277,8147999,19492276,94,3727,4218,7945,7679,0,0,221,8,0.9665198237885463,0.033480176211453716,0.46910006293266204,3552.8584403382397,4.0,四星級,1
2023,8,宜蘭縣,礁溪老爺大酒店,197.0,4758,77.910594399869,8658.005254308533,41194789,26272627,80863744,313,11018,2314,13332,12782,27,8,306,81,0.9587458745874587,0.041254125412541254,0.8264326432643264,6745.503356803667,5.0,五星級,1
2023,8,宜蘭縣,礁溪麒麟酒店,167.0,1326,25.61328954993239,4034.690799396682,5350000,0,5350000,30,2250,0,2250,2010,0,0,10,0,0.8933333333333333,0.10666666666666669,1.0,1033.417036893954,,無星等/未評鑑,0
2023,8,宜蘭縣,綠舞國際觀光飯店,113.0,1646,46.98829574650299,7476.90765492102,12306990,5509754,23190048,286,3176,2117,5293,5259,0,0,31,0,0.9935764216890233,0.00642357831097673,0.6000377857547704,3513.2714815872105,4.0,四星級,1
2023,8,宜蘭縣,蘭城晶英酒店,193.0,5655,94.5178004345646,10936.23183023873,61844391,57063284,131706643,343,22558,922,23480,22497,26,0,666,94,0.9581345826235094,0.04186541737649063,0.960732538330494,10336.685776366376,5.0,五星級,1
2023,8,宜蘭縣,長榮鳳凰酒店(礁溪),231.0,3708,51.780477586929194,6542.866235167206,24260948,19324978,47431015,239,9010,1906,10916,10794,0,6,73,23,0.9888237449615244,0.011176255038475635,0.8253939171857824,3387.927384443513,5.0,五星級,1
2023,8,屏東縣,凱撒大飯店,281.0,6402,73.49328435311675,10232.97735082787,65511521,8970438,77873995,226,17999,1461,19460,18166,232,334,345,151,0.9335046248715313,0.0664953751284687,0.9249229188078109,7520.5511422339605,5.0,五星級,1
2023,8,屏東縣,墾丁怡灣渡假酒店,234.0,4641,63.97849462365591,5016.016806722689,23279334,529763,25054043,85,9695,2745,12440,7691,2,2,305,17,0.6182475884244373,0.3817524115755627,0.7793408360128617,3209.1720430107525,3.0,三星級,1
2023,8,屏東縣,墾丁福華渡假飯店,458.0,7012,49.3872376391041,6074.274244152881,42592811,9183606,54640939,261,19838,2579,22417,22286,26,19,11,23,0.9941562207253424,0.005843779274657623,0.8849533835928091,2999.9162558106777,5.0,五星級,1
2023,8,新北市,八里福朋喜來登酒店,241.0,2239,29.96921429527507,4837.755694506476,10831735,11851252,22753830,151,4761,1395,6156,5483,38,12,69,317,0.890675763482781,0.10932423651721901,0.7733918128654971,1449.8373711685185,3.0,三星級,1
2023,8,新北市,大板根渡假酒店,95.0,2341,79.49066213921901,6688.029474583512,15656677,14744083,46636068,216,3729,3294,7023,6813,9,12,123,24,0.9700982486117044,0.02990175138829565,0.5309696710807348,5316.358913412563,4.0,四星級,1
2023,8,新北市,板橋凱撒大飯店,400.0,11197,90.29838709677419,3981.076359739216,44576112,9702405,54378745,146,22766,1057,23823,12900,1648,4291,2694,293,0.5414935146706964,0.4585064853293036,0.9556311127901608,3594.847741935484,5.0,五星級,1
2023,8,新北市,瓏山林台北中和飯店,126.0,1630,41.73067076292883,2377.638650306748,3875551,1953858,6374738,84,3248,316,3564,1886,76,165,327,147,0.5291806958473625,0.4708193041526375,0.9113355780022446,992.2045570916537,3.0,三星級,1
2023,8,新北市,碧特弗大飯店,55.0,256,15.014662756598241,2724.91796875,697579,82848,780427,18,184,82,266,212,0,0,0,6,0.7969924812030075,0.20300751879699253,0.6917293233082706,409.1372434017596,,無星等/未評鑑,0
2023,8,新北市,福容大飯店    淡水漁人碼頭,198.0,4336,70.64190289996742,5070.202721402214,21984399,20444780,46871628,155,7000,2900,9900,9356,107,11,124,200,0.945050505050505,0.05494949494949497,0.7070707070707071,3581.6876832844573,4.0,四星級,1
2023,8,新北市,福容大飯店 福隆,174.0,3609,66.90767519466073,6136.860626212248,22147930,11192310,36341213,171,7478,1496,8974,8854,22,2,24,7,0.9866280365500334,0.013371963449966606,0.8332961889904168,4106.030774935112,3.0,三星級,1
2023,8,新北市,美麗春天大飯店,34.0,0,0.0,,0,0,0,3,0,0,0,0,0,0,0,0,,,,,,無星等/未評鑑,0
2023,8,新竹市,新竹國賓大飯店,257.0,4858,60.97652817873729,3353.493001235076,16291269,29309392,52299153,275,8188,648,8836,6043,589,430,99,620,0.6839067451335445,0.31609325486645545,0.9266636487098234,2044.843604870089,4.0,四星級,1
2023,8,新竹市,新竹老爺大酒店,208.0,4315,66.91997518610422,3139.768482039397,13548101,13352149,28257570,171,7666,869,8535,6831,573,130,33,473,0.8003514938488576,0.19964850615114238,0.8981839484475689,2101.132289081886,4.0,四星級,1
2023,8,新竹縣,新竹喜來登大飯店,386.0,7935,66.31288651178339,3889.621802142407,30864149,33423374,74505013,275,9510,752,10262,4609,277,569,51,2595,0.44913272266614696,0.550867277333853,0.9267199376339895,2579.320491392278,4.0,四星級,1
2023,8,新竹縣,豐邑喜來登大飯店,384.0,5290,44.43884408602151,3889.621739130435,20576099,3632174,26426900,98,6340,502,6842,3072,184,380,34,1730,0.44899152294650685,0.5510084770534931,0.926629640456007,1728.5029401881723,4.0,四星級,1
2023,8,桃園市,南方莊園渡假飯店,111.0,1901,55.24556814879396,5900.390320883746,11216642,11172503,26729422,112,5056,412,5468,5325,0,0,114,0,0.9738478419897586,0.0261521580102414,0.9246525237746891,3259.7041557686725,4.0,四星級,1
2023,8,桃園市,古華花園飯店,255.0,6770,85.64199873497786,2815.408714918759,19060317,7604587,28903890,169,12170,174,12344,7813,599,495,957,584,0.6329390797148412,0.3670609202851588,0.9859040829552819,2411.17229601518,3.0,三星級,1
2023,8,桃園市,台北諾富特華航桃園機場飯店,516.0,9732,60.840210052513136,3472.596999588985,33795314,23050175,58732079,263,12603,442,13045,6585,972,259,197,1385,0.5047911077041012,0.4952088922958988,0.9661172863165964,2112.735308827207,4.0,四星級,1
2023,8,桃園市,名人堂花園大飯店,128.0,3230,81.40120967741935,5947.907120743034,19211740,23409144,55054603,356,9798,498,10296,10035,7,0,81,20,0.9746503496503497,0.02534965034965031,0.9516317016317016,4841.668346774193,,無星等/未評鑑,0
2023,8,桃園市,和逸飯店桃園青埔館,218.0,4673,69.14767682746374,5683.14744275626,26557348,1875,31031600,112,12485,0,12485,10758,171,156,659,0,0.8616740088105727,0.13832599118942734,1.0,3929.7644273453684,4.0,四星級,1
2023,8,桃園市,尊爵大飯店,218.0,2936,43.44480615566736,2754.571185286104,8087421,8180130,16782397,89,2709,839,3548,1632,282,65,129,133,0.4599774520856821,0.5400225479143179,0.7635287485907554,1196.7181118674166,3.0,三星級,1
2023,8,桃園市,尊爵天際大飯店,250.0,4056,52.33548387096775,2627.124753451676,10655618,4575629,15394104,71,4058,1931,5989,1071,199,161,0,0,0.17882785106027718,0.8211721489397228,0.677575555184505,1374.9184516129033,3.0,三星級,1
2023,8,桃園市,桃園喜來登酒店,189.0,2110,36.012971496842475,3020.685781990521,6373647,8822327,16563373,130,2676,772,3448,1696,166,108,84,587,0.4918793503480278,0.5081206496519721,0.7761020881670534,1087.8387096774195,4.0,四星級,1
2023,8,桃園市,福容大飯店   桃園,182.0,4456,78.97908543069833,2128.236086175943,9483420,4678007,14287604,57,3863,584,4447,2657,130,514,203,34,0.5974814481673038,0.40251855183269625,0.868675511580841,1680.8613966678488,3.0,三星級,1
2023,8,澎湖縣,寶華大飯店,74.0,664,28.945074106364434,2021.165662650602,1342054,5135,1349189,16,843,472,1315,1243,59,0,0,9,0.9452471482889734,0.05475285171102662,0.6410646387832699,585.0278988666086,,無星等/未評鑑,0
2023,8,澎湖縣,澎湖福朋喜來登酒店,331.0,6283,61.23184874768541,3886.266751551806,24417414,22661187,51696188,214,12844,5135,17979,17571,33,0,31,196,0.9773068580010011,0.022693141998998856,0.7143890093998554,2379.632979241789,5.0,五星級,1
2023,8,花蓮縣,太魯閣晶英酒店,160.0,3596,72.5,12671.49221357063,45566686,12477385,65108255,207,8134,2660,10794,10373,10,0,0,210,0.9609968501019085,0.039003149898091505,0.7535667963683528,9186.831854838705,5.0,五星級,1
2023,8,花蓮縣,瑞穗天合國際觀光酒店,198.0,4971,80.98729227761486,12966.44296922149,64456188,9560464,76581523,224,12144,3269,15413,15184,2,6,61,35,0.9851424122493999,0.014857587750600088,0.7879063128527866,10501.17106549365,5.0,五星級,1
2023,8,花蓮縣,美侖大飯店,299.0,5963,64.33272197648074,5699.592487003187,33986670,9290614,45330297,231,12174,5928,18102,17663,50,21,57,124,0.9757485360733621,0.024251463926637906,0.6725223732184289,3666.7029884561443,5.0,五星級,1
2023,8,花蓮縣,花蓮翰品酒店,156.0,3564,73.69727047146401,3856.918069584736,13746056,5562596,19575841,99,11084,384,11468,10993,64,0,267,38,0.9585803976281828,0.04141960237181719,0.9665155214509941,2842.4433416046313,,無星等/未評鑑,0
2023,8,花蓮縣,遠雄悅來大飯店,381.0,6707,56.78604690542714,7424.861338899657,49798545,24872519,87265408,356,17762,2446,20208,20014,19,12,53,52,0.9903998416468726,0.009600158353127441,0.8789588281868567,4216.285242570485,5.0,五星級,1
2023,8,苗栗縣,馥藝金鬱金香酒店,191.0,4019,67.8770477959804,2506.738243344115,10074581,4287570,14625266,93,8665,1159,9824,9400,27,31,64,64,0.9568403908794788,0.04315960912052119,0.8820236156351792,1701.4999155548044,3.0,三星級,1
2023,8,金門縣,陸島酒店,47.0,341,23.40425531914894,1615.557184750733,550905,56720,610705,11,17,692,709,709,0,0,0,0,1.0,0.0,0.023977433004231313,378.1091283459163,,無星等/未評鑑,0
2023,8,高雄市,寒軒國際大飯店,375.0,6487,55.80215053763441,2141.051025127178,13888998,9826470,24480245,196,7608,2454,10062,7728,894,267,278,66,0.7680381633870006,0.2319618366129994,0.7561121049493142,1194.7525161290325,5.0,五星級,1
2023,8,高雄市,承攜行旅 高雄六合館,269.0,2002,24.00767478114882,2274.336163836164,4553221,0,4553221,39,4817,276,5093,4965,46,5,46,12,0.9748674651482427,0.02513253485175726,0.9458079717258983,546.0152296438422,,無星等/未評鑑,0
2023,8,高雄市,晶英國際行館,147.0,1601,35.13276278253237,7311.036227357901,11704969,14106946,30019286,231,2786,185,2971,2410,74,78,137,81,0.8111746886570178,0.1888253113429822,0.9377314035678223,2568.5690147026553,4.0,四星級,1
2023,8,高雄市,漢來大飯店,535.0,8845,53.33132348507688,3725.859694742793,32955229,79999597,128444748,784,13558,2346,15904,12473,727,323,278,657,0.7842681086519114,0.21573189134808857,0.8524899396378269,1987.050286403377,5.0,五星級,1
2023,8,高雄市,福容大飯店 高雄,250.0,4350,56.12903225806451,2674.559310344828,11634333,3891569,15537355,78,7084,1964,9048,7684,195,183,267,24,0.8492484526967286,0.15075154730327145,0.7829354553492485,1501.2042580645166,3.0,三星級,1
2023,8,高雄市,義大皇家酒店,656.0,12519,61.56077891424076,3310.051122294113,41438530,22102765,69229682,403,22733,7447,30180,28986,29,26,936,51,0.9604373757455268,0.03956262425447321,0.753247183565275,2037.693253343824,4.0,四星級,1
2023,8,高雄市,高雄圓山大飯店,105.0,2259,69.40092165898616,2796.137671536078,6316475,10799929,18479488,124,4643,1204,5847,5287,127,132,78,75,0.9042243885753378,0.09577561142466218,0.7940824354369762,1940.5453149001532,5.0,五星級,1
2023,8,高雄市,高雄福華大飯店,271.0,6385,76.00285680276157,2464.440407204385,15735452,20588539,40067593,275,9948,1801,11749,6606,1554,218,612,87,0.5622606179249298,0.43773938207507024,0.8467103583283684,1873.0451136769427,5.0,五星級,1
2023,8,高雄市,高雄萬豪酒店,700.0,12295,56.65898617511521,4744.919479463197,58338785,70509332,144841566,732,22366,3216,25582,19507,327,336,838,2668,0.7625283402392307,0.23747165976076934,0.874286607771089,2688.4232718894013,5.0,五星級,1
2023,8,高雄市,麗尊大酒店,188.0,3092,53.05422100205902,2462.0,7612504,13571307,22180222,171,5411,689,6100,5144,360,59,202,22,0.8432786885245902,0.1567213114754098,0.8870491803278688,1306.194921070693,3.0,三星級,1
2023,9,南投縣,日月潭力麗溫德姆溫泉酒店,197.0,991,16.76818950930626,7234.172552976791,7169065,3852317,12024865,158,753,1620,2373,2245,4,4,0,65,0.9460598398651496,0.05394016013485037,0.3173198482932996,1213.0397631133671,5.0,五星級,1
2023,9,南投縣,涵碧樓大飯店,96.0,2378,82.56944444444444,16402.8086627418,39005879,10271533,55421740,296,3684,1038,4722,4288,84,8,36,153,0.9080897924608217,0.09191020753917833,0.7801778907242694,13543.707986111112,5.0,五星級,1
2023,9,南投縣,雲品溫泉酒店日月潭,211.0,4251,67.1563981042654,12346.58856739591,52485348,22279028,80209137,290,7890,2874,10764,9996,25,8,47,509,0.9286510590858417,0.07134894091415833,0.7329988851727982,8291.524170616116,5.0,五星級,1
2023,9,台中市,全國大飯店,178.0,2567,48.07116104868914,2201.613167121153,5651541,4363329,10873575,70,3872,512,4384,3382,385,39,34,82,0.771441605839416,0.228558394160584,0.8832116788321168,1058.341011235955,5.0,五星級,1
2023,9,台中市,台中港酒店,200.0,3919,65.31666666666666,3141.183465169686,12310298,2028375,15450739,103,5594,204,5798,3283,614,183,25,77,0.5662297343911694,0.4337702656088306,0.9648154536046912,2051.716333333333,3.0,三星級,1
2023,9,台中市,台中福華大飯店,155.0,4516,97.11827956989248,2531.336359610274,11431515,17503744,32558224,182,7420,364,7784,4299,292,275,17,151,0.5522867420349434,0.44771325796505657,0.9532374100719424,2458.390322580645,5.0,五星級,1
2023,9,台中市,台中金典酒店,222.0,5066,76.06606606606606,2728.511251480458,13822638,21695929,46700649,269,4947,4320,9267,7076,1181,103,161,165,0.7635696557677781,0.23643034423222187,0.5338297183554548,2075.471171171171,5.0,五星級,1
2023,9,台中市,裕元花園酒店,149.0,3668,82.05816554809844,3967.431570338059,14552539,31274625,48537916,271,5646,1025,6671,5128,261,51,104,248,0.7687003447758957,0.23129965522410434,0.8463498725828211,3255.601565995526,5.0,五星級,1
2023,9,台中市,通豪大飯店,226.0,0,0.0,,0,0,0,11,0,0,0,0,0,0,0,0,,,,,3.0,三星級,1
2023,9,台中市,長榮桂冠酒店(台中),354.0,7489,70.51789077212806,2513.69021231139,18825026,37515420,62387703,247,4416,3073,7489,5116,539,0,66,278,0.6831352650554146,0.31686473494458545,0.5896648417679263,1772.6013182674196,5.0,五星級,1
2023,9,台中市,龍谷大飯店,189.0,991,17.47795414462081,1566.687184661958,1552587,618074,2386935,36,814,1419,2233,2222,0,0,5,2,0.9950738916256158,0.0049261083743842304,0.3645320197044335,273.8248677248678,,無星等/未評鑑,0
2023,9,台北市,JR東日本大飯店台北,288.0,6383,73.87731481481481,5467.9661601128,34902028,21420010,60666974,250,11060,839,11899,3541,2713,755,1984,827,0.29758803260778216,0.7024119673922178,0.9294898730985797,4039.586574074074,4.0,四星級,1
2023,9,台北市,三德大飯店,287.0,3107,36.08594657375145,1794.801416157065,5576448,1938289,11324244,75,4021,195,4216,1320,1061,274,456,158,0.31309297912713474,0.6869070208728653,0.9537476280834914,647.6710801393729,3.0,三星級,1
2023,9,台北市,亞都麗緻大飯店,219.0,3742,56.955859969558595,4161.5435595938,15572496,12980399,32074099,171,3971,0,3971,1381,1074,81,157,275,0.347771342231176,0.652228657768824,1.0,2370.242922374429,4.0,四星級,1
2023,9,台北市,兄弟大飯店,250.0,4289,57.18666666666666,3552.65050128235,15237318,43098244,62909046,450,4077,2249,6326,2839,1267,360,187,344,0.44878280113816,0.55121719886184,0.6444830856781536,2031.6423999999997,4.0,四星級,1
2023,9,台北市,北投老爺酒店,50.0,972,64.8,5285.939300411523,5137933,3789527,10297273,64,1877,194,2071,1590,35,40,258,27,0.7677450507001449,0.23225494929985513,0.9063254466441333,3425.2886666666664,4.0,四星級,1
2023,9,台北市,北投麗禧溫泉酒店,66.0,1177,59.44444444444444,14862.58198810535,17493259,6735810,27902439,155,2269,75,2344,1216,43,183,489,147,0.5187713310580204,0.4812286689419796,0.9680034129692833,8834.97929292929,4.0,四星級,1
2023,9,台北市,台北W飯店,402.0,9150,75.87064676616916,8796.812568306012,80490835,42002433,137810310,390,13664,502,14166,3118,918,439,1569,3685,0.22010447550472964,0.7798955244952703,0.9645630382606241,6674.1985903814275,5.0,五星級,1
2023,9,台北市,台北中山雅樂軒酒店,88.0,2291,86.78030303030303,4310.181143605412,9874625,482860,11533985,39,3305,0,3305,556,439,67,333,832,0.16822995461422088,0.8317700453857791,1.0,3740.3882575757575,,無星等/未評鑑,0
2023,9,台北市,台北凱撒大飯店,478.0,11919,83.11715481171548,3155.078194479403,37605377,16600717,56682415,135,19102,3937,23039,4792,8213,3304,2182,703,0.20799513867789401,0.792004861322106,0.8291158470419723,2622.411227336123,4.0,四星級,1
2023,9,台北市,台北君品大酒店,286.0,6210,72.37762237762237,4748.36231884058,29487330,48684781,81767400,327,8935,1798,10733,2854,2262,796,1321,1073,0.2659088791577378,0.7340911208422622,0.8324792695425324,3436.7517482517487,5.0,五星級,1
2023,9,台北市,台北君悅酒店,850.0,13931,54.63137254901961,7138.26365659321,99443151,117331463,242592520,533,21958,6412,28370,11385,841,895,583,7974,0.4013041945717307,0.5986958054282693,0.7739866055692634,3899.731411764706,5.0,五星級,1
2023,9,台北市,台北寒舍喜來登大飯店,688.0,15140,73.35271317829456,4329.575429326288,65549772,134692183,218629992,765,19882,4553,24435,6922,5004,1568,1284,3874,0.2832821772048291,0.7167178227951709,0.8136689175363209,3175.8610465116276,5.0,五星級,1
2023,9,台北市,台北寒舍艾美酒店,160.0,3864,80.5,9477.443581780539,36620842,61671605,107812248,339,4459,725,5184,2138,189,85,369,1134,0.41242283950617287,0.5875771604938271,0.8601466049382716,7629.342083333334,5.0,五星級,1
2023,9,台北市,台北美福大飯店,146.0,2658,60.68493150684932,6222.03423626787,16538167,65014147,88253425,341,4126,691,4817,2430,245,668,139,716,0.5044633589370978,0.4955366410629022,0.8565497197425783,3775.8372146118722,6.0,卓越五星,1
2023,9,台北市,台北艾麗酒店,235.0,5612,79.60283687943263,5927.888453314326,33267310,20457108,59668530,183,7249,931,8180,2548,231,616,1342,498,0.31149144254278727,0.6885085574572127,0.8861858190709047,4718.767375886525,5.0,五星級,1
2023,9,台北市,台北花園大酒店,241.0,5914,81.79806362378976,2161.497125464998,12783094,20656830,41819001,152,11100,1254,12354,1215,406,5534,1387,307,0.09834871296745994,0.90165128703254,0.8984944147644488,1768.062793914246,4.0,四星級,1
2023,9,台北市,台北萬豪酒店,318.0,8561,89.73794549266248,6270.551337460577,53682190,86719126,180115207,512,9564,1732,11296,3516,231,1298,234,4478,0.31126062322946174,0.6887393767705383,0.8466713881019831,5627.063941299791,5.0,五星級,1
2023,9,台北市,台北遠東香格里拉,420.0,6972,55.333333333333336,6184.136546184739,43115800,68760580,126972440,479,9636,1700,11336,2281,949,514,1345,2547,0.20121736062103035,0.7987826393789696,0.8500352858151023,3421.888888888889,5.0,五星級,1
2023,9,台北市,合尊酒店 S Hotel,101.0,946,31.22112211221122,3685.097251585624,3486102,431990,4340846,44,1771,0,1771,832,22,34,122,63,0.4697910784867307,0.5302089215132693,1.0,1150.528712871287,,無星等/未評鑑,0
2023,9,台北市,國王大飯店,97.0,2294,78.83161512027492,1543.40802092415,3540578,865498,4419367,47,688,1606,2294,86,2172,7,2,15,0.037489102005231034,0.962510897994769,0.2999128160418483,1216.6934707903781,3.0,三星級,1
2023,9,台北市,國聯大飯店,243.0,1836,25.185185185185183,2607.936819172113,4788172,223650,5622370,61,1490,1388,2878,1535,283,86,131,139,0.5333564975677554,0.4666435024322446,0.51772063933287,656.8137174211246,4.0,四星級,1
2023,9,台北市,圓山大飯店,473.0,9988,70.3875968992248,3741.968762515018,37374784,101906812,155398312,525,7496,11730,19226,10547,4729,677,479,1244,0.5485800478518673,0.4514199521481327,0.38988869239571416,2633.8818886539816,5.0,五星級,1
2023,9,台北市,天成大飯店,225.0,5835,86.44444444444444,3396.440616966581,19818231,28221971,50849574,296,10679,808,11487,1582,3843,1570,963,783,0.13772090188909203,0.862279098110908,0.9296596152172021,2936.034222222222,4.0,四星級,1
2023,9,台北市,日勝生加賀屋國際溫泉飯店,89.0,824,30.861423220973784,11320.12742718447,9327785,5984405,16693422,132,1449,405,1854,1449,32,4,227,51,0.7815533980582524,0.2184466019417476,0.7815533980582524,3493.5524344569303,,無星等/未評鑑,0
2023,9,台北市,晶華酒店,538.0,12369,76.635687732342,5313.527690193225,65723024,190770947,279494007,917,19099,2028,21127,9148,4892,2017,605,1788,0.4330004259951721,0.5669995740048279,0.9040090878970038,4072.058488228005,5.0,五星級,1
2023,9,台北市,歐華酒店,112.0,1348,40.11904761904762,3170.21587537092,4273451,8207064,13571267,97,1570,661,2231,485,835,219,94,71,0.21739130434782608,0.782608695652174,0.7037203047960556,1271.8604166666667,4.0,四星級,1
2023,9,台北市,漢普頓酒店,129.0,2727,70.46511627906978,2060.12834616795,5617970,2688726,9941934,61,4358,894,5252,1783,1909,372,453,167,0.3394897182025895,0.6605102817974104,0.8297791317593298,1451.6718346253228,,無星等/未評鑑,0
2023,9,台北市,福容大飯店  台北一館,120.0,2004,55.666666666666664,3076.112275449102,6164529,8472606,15525229,76,2744,252,2996,1648,174,116,176,177,0.5500667556742324,0.44993324432576765,0.9158878504672897,1712.3691666666668,4.0,四星級,1
2023,9,台北市,福華大飯店,606.0,11117,61.14961496149615,3885.3107852838,43193000,47254000,106651000,503,17447,1208,18655,6267,2575,2494,381,2392,0.33594210667381397,0.664057893326186,0.9352452425623158,2375.8525852585262,5.0,五星級,1
2023,9,台北市,第一大飯店,176.0,2480,46.96969696969697,1773.341532258064,4397887,9239816,34419797,32,509,3917,4426,627,1547,4,53,92,0.14166290103931314,0.8583370989606869,0.1150022593764121,832.9331439393936,4.0,四星級,1
2023,9,台北市,美麗信花園酒店,203.0,5203,85.4351395730706,2520.828176052278,13115869,4016344,22745530,116,7905,2029,9934,1855,3408,1475,767,447,0.18673243406482787,0.8132675659351721,0.7957519629555063,2153.6730706075537,,無星等/未評鑑,0
2023,9,台北市,義華酒店,149.0,2713,60.69351230425056,3338.364541098415,9056983,166938,10269037,14,3204,269,3473,1028,100,198,101,1266,0.2959976965159804,0.7040023034840196,0.9225453498416355,2026.1706935123043,,無星等/未評鑑,0
2023,9,台北市,老爺大酒店,202.0,5120,84.48844884488449,4510.330078125,23092890,34215203,63559014,221,7392,289,7681,1602,4619,124,216,324,0.20856659289155058,0.7914334071084494,0.9623746907954693,3810.7079207920788,5.0,五星級,1
2023,9,台北市,豪景大酒店,180.0,3377,62.53703703703704,2239.488599348534,7562753,13350,7905922,33,3786,3484,7270,1647,1329,586,524,116,0.2265474552957359,0.7734525447042642,0.5207702888583219,1400.509814814815,3.0,三星級,1
2023,9,台北市,雀客旅館台北南京,56.0,1114,66.30952380952381,2475.344703770198,2757534,0,2757534,9,1103,40,1143,931,0,0,160,0,0.8145231846019247,0.18547681539807526,0.9650043744531933,1641.3892857142862,,無星等/未評鑑,0
2023,9,台北市,雀客藏居台北陽明山,47.0,486,34.46808510638298,4702.395061728395,2285364,1577325,4590233,39,1072,126,1198,1076,20,12,50,0,0.8981636060100167,0.10183639398998334,0.8948247078464107,1620.8255319148936,3.0,三星級,1
2023,9,台南市,台南大員皇冠假日酒店,230.0,3853,55.84057971014494,3739.805865559304,14409472,16668694,34185673,221,2964,889,3853,3378,25,23,19,48,0.8767194393978718,0.12328056060212822,0.76927069815728,2088.329275362319,5.0,五星級,1
2023,9,台南市,台南大飯店,152.0,1998,43.815789473684205,1987.039039039039,3970104,7543949,12169159,120,2949,308,3257,2159,434,42,129,113,0.6628799508750384,0.33712004912496163,0.9054344488793368,870.6368421052631,3.0,三星級,1
2023,9,台南市,台南遠東香格里拉,330.0,6118,61.7979797979798,3800.735697940504,23252901,21095806,50844993,440,7774,640,8414,4286,325,818,245,1037,0.5093891133824578,0.49061088661754215,0.9239362966484431,2348.777878787879,5.0,五星級,1
2023,9,台南市,台糖長榮酒店(台南),143.0,3376,78.6946386946387,2843.087677725118,9598264,21754009,32415833,157,5616,1499,7115,6526,140,101,15,78,0.917217146872804,0.08278285312719602,0.7893183415319747,2237.3575757575754,5.0,五星級,1
2023,9,台南市,趣淘漫旅,198.0,2997,50.45454545454545,3396.391391391392,10178985,2568830,14043001,106,4141,4376,8517,8479,0,2,3,0,0.9955383350945168,0.004461664905483165,0.48620406246330866,1713.6338383838386,3.0,三星級,1
2023,9,台南市,遠百企業觀光旅館,40.0,78,6.5,502.5641025641025,39200,0,39200,23,78,0,78,78,0,0,0,0,1.0,0.0,1.0,32.66666666666666,,無星等/未評鑑,0
2023,9,台東縣,台東桂田喜來登酒店,290.0,3171,36.448275862068954,3628.801955219174,11506931,13462257,26281349,166,2927,4425,7352,7123,8,6,7,136,0.9688520130576714,0.031147986942328565,0.3981229597388466,1322.6357471264364,5.0,五星級,1
2023,9,台東縣,娜路彎大酒店,292.0,3325,37.95662100456621,6045.672481203008,20101861,9536676,32346956,177,6150,2247,8397,5642,4,0,22,24,0.6719066333214243,0.3280933666785757,0.7324044301536263,2294.73299086758,5.0,五星級,1
2023,9,台東縣,樂樂日暉溫泉酒店,48.0,378,26.25,2512.060846560847,949559,0,949559,9,758,0,758,758,0,0,0,0,1.0,0.0,1.0,659.4159722222223,,無星等/未評鑑,0
2023,9,台東縣,知本老爺大酒店,182.0,2802,51.318681318681314,5114.866880799429,14331857,8316885,25304458,198,4474,1766,6240,5942,12,0,16,34,0.9522435897435897,0.04775641025641031,0.7169871794871795,2624.882234432234,5.0,五星級,1
2023,9,嘉義市,耐斯王子大飯店,245.0,3949,53.72789115646258,2231.626740947075,8812694,10851100,21381592,114,3192,6591,9783,9477,64,6,4,70,0.968721251149954,0.031278748850046,0.32628028212204846,1199.0059863945578,5.0,五星級,1
2023,9,嘉義市,鈺通大飯店,120.0,1306,36.27777777777778,1860.051301684533,2429227,3073885,5531967,61,1270,1031,2301,2247,20,9,2,14,0.9765319426336375,0.023468057366362483,0.5519339417644502,674.7852777777778,3.0,三星級,1
2023,9,嘉義縣,名都觀光渡假大飯店,97.0,701,24.0893470790378,1593.748930099857,1117218,1577022,2765043,45,243,1313,1556,1556,0,0,0,0,1.0,0.0,0.15616966580976863,383.9237113402061,3.0,三星級,1
2023,9,嘉義縣,阿里山賓館(現代館),104.0,1380,44.230769230769226,8824.2,12177396,4965190,17573629,93,2416,1036,3452,3315,22,0,23,34,0.9603128621089224,0.039687137891077584,0.6998841251448435,3903.0115384615383,4.0,四星級,1
2023,9,基隆市,長榮桂冠酒店(基隆),140.0,3398,80.9047619047619,3039.970570924073,10329820,6620523,20236808,88,6016,1714,7730,7520,56,21,25,39,0.9728331177231565,0.027166882276843496,0.7782664941785252,2459.480952380952,5.0,五星級,1
2023,9,宜蘭縣,凱渡廣場酒店,285.0,3762,44.0,5195.298245614035,19544712,16330348,41070950,140,4309,4443,8752,8726,0,0,6,8,0.9970292504570384,0.002970749542961615,0.49234460694698357,2285.9312280701756,,無星等/未評鑑,0
2023,9,宜蘭縣,山泉大飯店,146.0,2398,54.74885844748858,1849.281901584654,4434578,1244078,5977533,40,1815,3329,5144,4720,0,28,226,0,0.9175738724727839,0.08242612752721612,0.35283825816485226,1012.4607305936073,3.0,三星級,1
2023,9,宜蘭縣,幼獅大飯店,53.0,196,12.32704402515723,1489.285714285714,291900,0,302400,8,69,126,195,195,0,0,0,0,1.0,0.0,0.35384615384615387,183.5849056603773,3.0,三星級,1
2023,9,宜蘭縣,悅川酒店,103.0,1958,63.36569579288026,4131.510725229827,8089498,5446996,13536494,96,3132,2445,5577,5557,0,0,15,0,0.9964138425676887,0.0035861574323112766,0.5615922538999462,2617.960517799353,4.0,四星級,1
2023,9,宜蘭縣,礁溪老爺大酒店,197.0,3820,64.63620981387479,9362.186910994764,35763554,24284308,71833491,317,9191,2238,11429,10911,25,24,170,97,0.9546766996237641,0.04532330037623589,0.8041823431621314,6051.362774957698,5.0,五星級,1
2023,9,宜蘭縣,礁溪麒麟酒店,167.0,1057,21.097804391217558,4451.277199621571,4705000,0,4705000,30,2030,20,2050,1980,15,10,0,0,0.9658536585365853,0.034146341463414664,0.9902439024390244,939.1217564870257,,無星等/未評鑑,0
2023,9,宜蘭縣,綠舞國際觀光飯店,113.0,1297,38.25958702064897,6090.831148804935,7899808,4759329,16602433,272,2308,1539,3847,3841,0,0,0,0,0.9984403431245126,0.0015596568754874252,0.5999480114374838,2330.3268436578173,4.0,四星級,1
2023,9,宜蘭縣,蘭城晶英酒店,193.0,4507,77.84110535405873,9739.488573330374,43895875,40975734,94656483,361,15538,964,16502,16157,3,0,41,20,0.9790934432190037,0.020906556780996288,0.941582838443825,7581.325561312608,5.0,五星級,1
2023,9,宜蘭縣,長榮鳳凰酒店(礁溪),231.0,2547,36.75324675324675,5831.95131527287,14853980,25897185,43800586,245,4564,2030,6594,6542,2,7,7,2,0.992114043069457,0.007885956930542948,0.692144373673036,2143.431457431457,5.0,五星級,1
2023,9,屏東縣,凱撒大飯店,281.0,5045,59.84578884934757,7200.086620416254,36324437,6210675,45241251,214,10070,2109,12179,11193,94,356,120,67,0.9190409721652024,0.08095902783479758,0.8268330733229329,4308.948635824437,5.0,五星級,1
2023,9,屏東縣,墾丁怡灣渡假酒店,234.0,3372,48.03418803418804,3358.321174377224,11324259,329115,12306183,74,3984,3065,7049,3838,0,0,22,0,0.5444743935309974,0.45552560646900264,0.5651865512838701,1613.142307692308,3.0,三星級,1
2023,9,屏東縣,墾丁福華渡假飯店,458.0,5743,41.79767103347889,3740.437750304719,21481334,7787152,30320669,260,6689,6676,13365,12929,52,136,26,35,0.9673774784885896,0.03262252151141043,0.5004863449307894,1563.415866084425,5.0,五星級,1
2023,9,新北市,八里福朋喜來登酒店,241.0,3627,50.16597510373444,3224.237110559691,11694308,12618874,24384061,153,4058,2250,6308,5770,32,0,36,288,0.914711477488903,0.08528852251109698,0.6433100824350032,1617.4699861687411,3.0,三星級,1
2023,9,新北市,大板根渡假酒店,95.0,2146,75.29824561403508,6204.0,13313784,15019668,41350317,221,2794,3644,6438,6315,3,12,24,3,0.9808946877912396,0.01910531220876044,0.4339857098477788,4671.503157894736,4.0,四星級,1
2023,9,新北市,板橋凱撒大飯店,400.0,9895,82.45833333333333,3736.405356240526,36971731,9105947,46184412,140,18265,1760,20025,9544,1325,4087,1911,292,0.4766042446941323,0.5233957553058677,0.9121098626716604,3080.9775833333338,5.0,五星級,1
2023,9,新北市,瓏山林台北中和飯店,126.0,1689,44.68253968253968,2223.39846062759,3755320,2077763,7255359,83,2224,950,3174,1549,79,45,90,143,0.48802772526780086,0.5119722747321991,0.700693131695022,993.4708994708992,3.0,三星級,1
2023,9,新北市,碧特弗大飯店,55.0,199,12.06060606060606,2749.582914572864,547167,190672,737839,17,188,98,286,270,0,4,4,0,0.9440559440559441,0.05594405594405594,0.6573426573426573,331.6163636363636,,無星等/未評鑑,0
2023,9,新北市,福容大飯店    淡水漁人碼頭,198.0,3567,60.05050505050505,6026.149985982618,21495277,17914710,40864848,153,4308,4976,9284,8996,18,8,32,169,0.968978888410168,0.031021111589832007,0.46402412753123656,3618.7335016835013,4.0,四星級,1
2023,9,新北市,福容大飯店 福隆,174.0,2629,50.3639846743295,5153.00646633701,13547254,8068086,24109534,143,4558,1753,6311,6222,16,6,26,14,0.9858976390429409,0.014102360957059079,0.7222310251941055,2595.25938697318,3.0,三星級,1
2023,9,新北市,美麗春天大飯店,34.0,0,0.0,,0,0,0,3,0,0,0,0,0,0,0,0,,,,,,無星等/未評鑑,0
2023,9,新竹市,新竹國賓大飯店,257.0,4507,58.45654993514916,3291.565120923009,14835084,32055233,52799755,285,6155,818,6973,4105,359,344,32,747,0.588699268607486,0.411300731392514,0.8826903771690807,1924.1354085603118,4.0,四星級,1
2023,9,新竹市,新竹老爺大酒店,208.0,4451,71.3301282051282,3106.770838013929,13828237,22588040,37574858,168,5949,1029,6978,4609,799,107,54,553,0.6605044425336772,0.33949555746632276,0.852536543422184,2216.0636217948713,4.0,四星級,1
2023,9,新竹縣,新竹喜來登大飯店,386.0,7517,64.91364421416235,3754.869495809498,28225354,58985716,95975542,300,7645,2145,9790,4696,223,537,35,2201,0.47967313585291116,0.5203268641470888,0.7808988764044944,2437.422625215889,4.0,四星級,1
2023,9,新竹縣,豐邑喜來登大飯店,384.0,5011,43.498263888888886,3755.119337457593,18816903,3634836,24486828,111,5097,1430,6527,3130,148,358,23,1468,0.47954649915734643,0.5204535008426536,0.78091006588019,1633.4117187499996,4.0,四星級,1
2023,9,桃園市,南方莊園渡假飯店,111.0,1329,39.909909909909906,5890.173062452972,7828040,14715627,25331753,115,1922,1528,3450,3418,4,0,20,2,0.9907246376811594,0.00927536231884063,0.5571014492753623,2350.7627627627626,4.0,四星級,1
2023,9,桃園市,古華花園飯店,255.0,6119,79.98692810457516,2917.318516097402,17851072,7782192,26966237,164,8762,851,9613,5140,491,485,410,724,0.5346926037657339,0.4653073962342661,0.9114740455632997,2333.473464052288,3.0,三星級,1
2023,9,桃園市,台北諾富特華航桃園機場飯店,516.0,9784,63.20413436692507,3320.776165167621,32490474,23636814,57480280,262,10182,982,11164,5316,836,240,116,1119,0.47617341454675743,0.5238265854532426,0.9120386958079542,2098.8678294573647,4.0,四星級,1
2023,9,桃園市,名人堂花園大飯店,128.0,2349,61.171875,5219.098765432099,12259663,19414090,40744022,350,6164,779,6943,6838,16,13,18,5,0.9848768543857123,0.015123145614287736,0.8878006625378079,3192.620572916667,,無星等/未評鑑,0
2023,9,桃園市,和逸飯店桃園青埔館,218.0,4543,69.46483180428135,4821.013207131851,21901863,3012149,27913148,112,9818,0,9818,7977,141,215,266,0,0.812487268282746,0.18751273171725402,1.0,3348.9087155963307,4.0,四星級,1
2023,9,桃園市,尊爵大飯店,218.0,3361,51.391437308868504,2771.246057720916,9314158,8872081,18604673,88,2383,1591,3974,901,204,355,102,217,0.22672370407649722,0.7732762959235028,0.5996477101157524,1424.1831804281342,3.0,三星級,1
2023,9,桃園市,尊爵天際大飯店,250.0,4769,63.586666666666666,2468.72950304047,11773371,3965538,15907940,77,3038,3941,6979,850,167,518,0,155,0.12179395328843674,0.8782060467115632,0.4353059177532598,1569.7828,3.0,三星級,1
2023,9,桃園市,桃園喜來登酒店,189.0,1936,34.14462081128748,3022.054752066116,5850698,10292055,17428937,142,2483,624,3107,1611,84,23,29,639,0.5185065980045059,0.48149340199549406,0.799163179916318,1031.8691358024694,4.0,四星級,1
2023,9,桃園市,福容大飯店   桃園,182.0,4039,73.97435897435898,2157.651646447141,8714755,3884140,12717244,58,3554,485,4039,1772,286,240,231,42,0.4387224560534786,0.5612775439465214,0.8799207724684328,1596.108974358975,3.0,三星級,1
2023,9,澎湖縣,寶華大飯店,74.0,276,12.43243243243243,1878.532608695652,518475,4420,524895,15,325,235,560,560,0,0,0,0,1.0,0.0,0.5803571428571429,233.54729729729723,,無星等/未評鑑,0
2023,9,澎湖縣,澎湖福朋喜來登酒店,331.0,6220,62.63846928499497,3138.366237942122,19520638,18952565,41998972,205,6908,7942,14850,14500,34,4,6,164,0.9764309764309764,0.023569023569023573,0.4651851851851852,1965.8245720040284,5.0,五星級,1
2023,9,花蓮縣,太魯閣晶英酒店,160.0,3072,64.0,10626.32454427083,32644069,10233338,47365366,208,4493,3389,7882,7200,13,4,17,127,0.9134737376300431,0.08652626236995686,0.5700329865516366,6800.847708333331,5.0,五星級,1
2023,9,花蓮縣,瑞穗天合國際觀光酒店,198.0,2858,48.11447811447812,11251.75927221833,32157528,5283230,39001781,225,4641,2753,7394,7334,6,0,12,6,0.991885312415472,0.008114687584528046,0.6276710846632405,5413.725252525252,5.0,五星級,1
2023,9,花蓮縣,美侖大飯店,299.0,3852,42.943143812709025,4212.127985462098,16225117,5327983,23668647,200,6283,3358,9641,8983,30,72,5,84,0.9317498184835598,0.06825018151644024,0.6516958821698994,1808.820178372352,5.0,五星級,1
2023,9,花蓮縣,花蓮翰品酒店,156.0,2584,55.21367521367522,2613.027089783282,6752062,4242602,11463296,95,6104,805,6909,6389,155,32,32,120,0.9247358517875235,0.07526414821247651,0.8834853090172239,1442.7482905982909,,無星等/未評鑑,0
2023,9,花蓮縣,遠雄悅來大飯店,381.0,4046,35.39807524059493,5328.344784972813,21558483,17481167,43840344,351,5997,4026,10023,9939,11,7,2,29,0.9916192756659683,0.008380724334031697,0.5983238551331936,1886.1314960629925,5.0,五星級,1
2023,9,苗栗縣,馥藝金鬱金香酒店,191.0,3047,53.17626527050611,2471.262553331145,7529937,4316992,12179948,90,4970,2337,7307,6938,77,17,76,31,0.9495004789927467,0.0504995210072533,0.6801697002873957,1314.1251308900523,3.0,三星級,1
2023,9,金門縣,陸島酒店,47.0,538,38.15602836879433,1485.157992565056,799015,84560,883855,11,93,964,1057,1057,0,0,0,0,1.0,0.0,0.0879848628192999,566.6773049645392,,無星等/未評鑑,0
2023,9,高雄市,寒軒國際大飯店,375.0,6928,61.58222222222223,2090.820727482679,14485206,15495170,30625348,198,5735,3908,9643,7478,788,332,81,135,0.7754848076324795,0.2245151923675205,0.5947319298973348,1287.5738666666668,5.0,五星級,1
2023,9,高雄市,承攜行旅 高雄六合館,269.0,1247,15.452292441140031,1769.454691259022,2206510,0,2206510,39,1985,92,2077,1934,44,19,32,5,0.9311506981222918,0.06884930187770821,0.9557053442465094,273.4213135068155,,無星等/未評鑑,0
2023,9,高雄市,晶英國際行館,147.0,1430,32.426303854875286,6896.983216783216,9862686,13698843,26556264,234,2456,98,2554,1864,106,90,148,184,0.7298355520751761,0.27016444792482386,0.961628817541112,2236.4367346938775,4.0,四星級,1
2023,9,高雄市,漢來大飯店,535.0,8688,54.13084112149533,3539.38697053407,30750194,65562574,160022431,771,11376,3156,14532,10097,746,428,208,818,0.6948114505917974,0.3051885494082026,0.782824112303881,1915.899937694704,5.0,五星級,1
2023,9,高雄市,福容大飯店 高雄,250.0,4623,61.63999999999999,2289.371403850314,10583764,4988144,15579612,76,3712,6014,9726,7410,249,343,121,167,0.7618753855644664,0.23812461443553357,0.3816574131194736,1411.1685333333332,3.0,三星級,1
2023,9,高雄市,義大皇家酒店,656.0,7756,39.41056910569106,2881.703971119134,22350496,13612477,52247291,389,7850,12470,20320,19580,16,369,122,20,0.9635826771653543,0.036417322834645716,0.38631889763779526,1135.6959349593499,4.0,四星級,1
2023,9,高雄市,高雄圓山大飯店,105.0,1837,58.31746031746031,2574.038105606968,4728508,10028168,18565069,125,2372,1676,4048,3627,108,66,36,32,0.895998023715415,0.10400197628458496,0.5859683794466403,1501.1136507936508,5.0,五星級,1
2023,9,高雄市,高雄福華大飯店,271.0,6041,74.30504305043051,2427.742095679523,14665990,23544118,41851682,292,8005,3393,11398,6872,1319,284,595,102,0.6029127917178453,0.3970872082821547,0.7023161958238288,1803.9348093480937,5.0,五星級,1
2023,9,高雄市,高雄萬豪酒店,700.0,10980,52.28571428571429,4617.508196721312,50700240,63445650,138724243,716,15896,3648,19544,13784,214,426,504,3163,0.7052803929594761,0.2947196070405239,0.8133442488743349,2414.297142857143,5.0,五星級,1
2023,9,高雄市,麗尊大酒店,188.0,2599,46.08156028368794,2431.0,6318169,12917803,20043370,173,4065,1006,5071,3996,472,177,78,80,0.7880102543876948,0.2119897456123052,0.8016170380595543,1120.242730496454,3.0,三星級,1
2023,10,南投縣,日月潭力麗溫德姆溫泉酒店,197.0,895,14.65531357458654,7059.37653631285,6318142,3367083,10279716,160,1294,862,2156,1515,8,0,0,342,0.7026901669758813,0.29730983302411873,0.6001855287569573,1034.5737678074343,5.0,五星級,1
2023,10,南投縣,涵碧樓大飯店,96.0,2536,85.21505376344086,16530.82058359621,41922161,11019650,59217738,297,4402,755,5157,4265,98,35,17,293,0.8270312197013767,0.17296878029862328,0.8535970525499321,14086.74764784946,5.0,五星級,1
2023,10,南投縣,雲品溫泉酒店日月潭,211.0,4849,74.13239565815624,12370.18890492885,59983046,24157945,89820066,295,8901,3245,12146,10826,75,7,111,580,0.8913222460069159,0.1086777539930841,0.7328338547670015,9170.3173826632,5.0,五星級,1
2023,10,台中市,全國大飯店,178.0,2991,54.20442189198985,2197.841524573721,6573744,4884949,12129698,70,4318,981,5299,3905,419,92,45,215,0.7369314965087752,0.2630685034912248,0.8148707303264767,1191.3272924972816,5.0,五星級,1
2023,10,台中市,台中港酒店,200.0,4189,67.56451612903226,3165.945094294581,13262144,2368618,16757436,105,6009,475,6484,3860,586,187,47,104,0.595311536088834,0.404688463911166,0.9267427513880321,2139.0554838709677,3.0,三星級,1
2023,10,台中市,台中福華大飯店,155.0,4404,91.65452653485953,2945.550181653043,12972203,14045789,30707208,178,6994,635,7629,4719,307,125,52,212,0.6185607550137633,0.3814392449862367,0.916764975750426,2699.7300728407918,5.0,五星級,1
2023,10,台中市,台中金典酒店,222.0,5718,83.08631211857018,3118.851696397342,17833594,21823497,69308506,270,6197,4798,10995,8321,533,160,180,558,0.7567985447930877,0.24320145520691228,0.5636198271941791,2591.338854984016,5.0,五星級,1
2023,10,台中市,裕元花園酒店,149.0,3669,79.43277765750162,4132.904333605888,15163626,26538350,44642340,279,6177,591,6768,4893,166,62,80,363,0.7229609929078015,0.27703900709219853,0.912677304964539,3282.8807101104135,5.0,五星級,1
2023,10,台中市,通豪大飯店,226.0,48,0.6851270339708821,2480.166666666667,119048,11905,142853,15,102,0,102,102,0,0,0,0,1.0,0.0,1.0,16.99229232086783,3.0,三星級,1
2023,10,台中市,長榮桂冠酒店(台中),354.0,7985,72.76289411335884,2879.626675015654,22993819,24958583,59267423,247,5347,2638,7985,5546,562,120,95,317,0.6945522855353788,0.30544771446462116,0.669630557294928,2095.2997084016765,5.0,五星級,1
2023,10,台中市,龍谷大飯店,189.0,1640,27.99112476531831,2000.982317073171,3281611,1361879,5111629,36,1276,2328,3604,3579,0,0,16,0,0.9930632630410655,0.006936736958934486,0.35405105438401774,560.0974569039086,,無星等/未評鑑,0
2023,10,台北市,JR東日本大飯店台北,288.0,7395,82.82930107526882,5715.872481406355,42268877,17507198,63605322,247,13109,689,13798,3271,3338,749,1919,1243,0.23706334251340774,0.7629366574865922,0.9500652268444703,4734.417226702509,4.0,四星級,1
2023,10,台北市,三德大飯店,287.0,4301,48.342137799258175,1982.185538246919,8525380,2349154,11932601,80,5809,879,6688,1881,1134,352,733,284,0.28125,0.71875,0.8685705741626795,958.2308643362928,3.0,三星級,1
2023,10,台北市,亞都麗緻大飯店,219.0,4342,63.95640005891884,4495.602487333026,19519906,13921708,36310292,171,0,7086,7086,2020,1709,161,327,668,0.2850691504374824,0.7149308495625176,0.0,2875.225511857416,4.0,四星級,1
2023,10,台北市,兄弟大飯店,250.0,5261,67.88387096774193,3538.345181524425,18615234,44012317,67488282,450,4405,3408,7813,2847,1655,181,255,650,0.3643926788685524,0.6356073211314476,0.5638039165493408,2401.9656774193545,4.0,四星級,1
2023,10,台北市,北投老爺酒店,50.0,1063,68.58064516129032,6904.587017873941,7339576,3824063,12961313,66,2182,108,2290,1471,17,50,433,99,0.6423580786026201,0.35764192139737994,0.9528384279475982,4735.210322580644,4.0,四星級,1
2023,10,台北市,北投麗禧溫泉酒店,66.0,1579,77.17497556207233,15734.58961367954,24844917,11714815,44341044,157,3024,140,3164,1483,79,226,621,254,0.46871049304677626,0.5312895069532237,0.9557522123893806,12143.165689149557,4.0,四星級,1
2023,10,台北市,台北W飯店,402.0,10025,80.44455143636655,9430.850673316709,94544278,41525047,153155275,395,14864,797,15661,2877,813,452,1677,4605,0.18370474426920375,0.8162952557307963,0.9491092522827406,7586.6055207831805,5.0,五星級,1
2023,10,台北市,台北中山雅樂軒酒店,88.0,2397,87.866568914956,4646.108051731331,11136721,445874,12909601,41,3660,0,3660,475,492,87,361,904,0.12978142076502733,0.8702185792349727,1.0,4082.3757331378297,,無星等/未評鑑,0
2023,10,台北市,台北凱撒大飯店,478.0,12788,86.30044540423809,3305.241945573975,42267434,15547954,60405572,131,19032,5286,24318,4818,8292,2851,2495,899,0.19812484579323958,0.8018751542067604,0.7826301505057982,2852.4385207180453,4.0,四星級,1
2023,10,台北市,台北君品大酒店,286.0,6171,69.60297766749379,5287.907956571058,32631680,46456241,82984175,325,9215,1799,11014,2788,2532,532,1232,918,0.2531323769747594,0.7468676230252407,0.83666242963501,3680.5413940897806,5.0,五星級,1
2023,10,台北市,台北君悅酒店,850.0,15225,57.779886148007584,8868.380098522168,135021087,108060514,273312920,537,23391,10518,33909,14764,960,2649,1021,7567,0.43540063110088767,0.5645993688991123,0.6898168627797929,5124.139924098671,5.0,五星級,1
2023,10,台北市,台北寒舍喜來登大飯店,688.0,16487,77.30213803450863,4761.760295990781,78507142,113956152,214176082,786,21907,5300,27207,7331,5531,1428,1367,5215,0.26945271437497703,0.730547285625023,0.8051971918991436,3680.94251687922,5.0,五星級,1
2023,10,台北市,台北寒舍艾美酒店,160.0,4201,84.69758064516128,9196.395620090454,38634058,69255333,118224522,342,5639,237,5876,2275,182,41,599,1329,0.38716814159292035,0.6128318584070797,0.9596664397549354,7789.1245967741925,5.0,五星級,1
2023,10,台北市,台北美福大飯店,146.0,2933,64.80335837384004,6256.923968632799,18351558,68127226,93684961,334,5303,488,5791,2951,342,864,281,784,0.5095838369884303,0.49041616301156965,0.9157313072008288,4054.6968625718077,6.0,卓越五星,1
2023,10,台北市,台北艾麗酒店,235.0,5899,80.97460535346602,6238.18121715545,36799031,21578709,64866260,190,8373,770,9143,2759,184,561,1326,636,0.3017609099857815,0.6982390900142186,0.9157825658974078,5051.342621825668,5.0,五星級,1
2023,10,台北市,台北花園大酒店,241.0,6416,85.87873109356178,2309.614557356609,14818487,22120132,46268360,156,12378,996,13374,1571,441,6048,1372,537,0.11746672648422311,0.8825332735157769,0.9255271422162404,1983.4676750100396,4.0,四星級,1
2023,10,台北市,台北萬豪酒店,318.0,8873,90.00811523635626,6126.48405274428,54360293,80457982,177578263,506,9995,1890,11885,3607,578,1284,367,4682,0.3034917963819941,0.6965082036180059,0.8409760201935212,5514.332826131061,5.0,五星級,1
2023,10,台北市,台北遠東香格里拉,420.0,9101,69.90015360983102,6716.958026590484,61131035,67224589,146020129,479,12945,2651,15596,2621,1140,682,1499,4038,0.1680559117722493,0.8319440882277507,0.8300205180815594,4695.163978494623,5.0,五星級,1
2023,10,台北市,合尊酒店 S Hotel,101.0,1208,38.581922708399865,3835.39238410596,4633154,413603,5564671,48,2285,0,2285,991,58,70,114,97,0.4336980306345733,0.5663019693654268,1.0,1479.7681251996164,,無星等/未評鑑,0
2023,10,台北市,國王大飯店,97.0,2174,72.2979714000665,1596.964581416743,3471801,803572,4292303,47,652,1522,2174,184,1914,2,8,28,0.08463661453541858,0.9153633854645814,0.2999080036798528,1154.5729963418685,3.0,三星級,1
2023,10,台北市,國聯大飯店,243.0,2458,32.629762378866324,2892.971928397071,7110925,430512,8389605,70,2146,1909,4055,1778,328,275,272,279,0.4384710234278668,0.5615289765721332,0.5292231812577065,943.9698659232712,4.0,四星級,1
2023,10,台北市,圓山大飯店,473.0,11124,75.8644206506172,3616.675566343042,40231899,76088502,131326055,527,7607,14168,21775,12450,5305,532,382,1082,0.5717566016073479,0.42824339839265213,0.34934557979334097,2743.7699652185775,5.0,五星級,1
2023,10,台北市,天成大飯店,225.0,6213,89.0752688172043,3577.032834379527,22224105,28781249,54538623,298,11436,962,12398,1690,3299,1871,1329,1224,0.13631230843684466,0.8636876915631553,0.9224068398128731,3186.251612903226,4.0,四星級,1
2023,10,台北市,日勝生加賀屋國際溫泉飯店,89.0,1133,41.06560347952157,13605.8905560459,15415474,8370860,25750202,129,2203,394,2597,1843,72,17,370,74,0.7096649980747016,0.2903350019252984,0.8482864844050828,5587.341065603482,,無星等/未評鑑,0
2023,10,台北市,晶華酒店,538.0,13126,78.70248231202783,5679.625247600183,74550761,148743773,248189437,915,19361,3600,22961,8759,5252,2205,885,2114,0.381472932363573,0.618527067636427,0.8432124036409564,4470.0060558820005,5.0,五星級,1
2023,10,台北市,歐華酒店,112.0,1815,52.275345622119815,3332.297520661157,6048120,5890839,13183566,91,2287,891,3178,576,1033,132,127,249,0.18124606670862178,0.8187539332913782,0.7196349905601007,1741.9700460829492,4.0,四星級,1
2023,10,台北市,漢普頓酒店,129.0,3327,83.19579894973744,1698.687706642621,5651534,2521044,9806092,64,3800,2067,5867,1621,1778,794,489,156,0.27629111982273735,0.7237088801772626,0.6476904721322652,1413.2368092023005,,無星等/未評鑑,0
2023,10,台北市,福容大飯店  台北一館,120.0,2320,62.365591397849464,2856.156896551724,6626284,7088312,14470235,74,2338,806,3144,1322,127,92,102,143,0.42048346055979646,0.5795165394402035,0.7436386768447837,1781.2591397849462,4.0,四星級,1
2023,10,台北市,福華大飯店,606.0,13481,71.76088576599595,4185.223648097322,56421000,44086000,118420000,504,20247,2724,22971,7213,3140,1862,861,3319,0.3140046145139524,0.6859953854860477,0.8814156980540682,3003.353561162568,5.0,五星級,1
2023,10,台北市,第一大飯店,176.0,2965,54.34384164222874,1821.160202360877,5399740,8701358,34952529,31,540,4779,5319,819,1317,59,111,150,0.15397631133671744,0.8460236886632826,0.10152284263959391,989.6884164222874,4.0,四星級,1
2023,10,台北市,美麗信花園酒店,203.0,5437,86.39758461782934,2738.872723928637,14891251,3123435,23903379,122,8433,1978,10411,2330,2742,1136,837,905,0.22380174815099413,0.7761982518490058,0.8100086447027183,2366.3198792308913,,無星等/未評鑑,0
2023,10,台北市,義華酒店,149.0,2768,59.92639099372159,3273.570086705202,9061242,147759,10249556,15,3444,524,3968,1366,187,197,178,1257,0.3442540322580645,0.6557459677419355,0.8679435483870968,1961.73240961247,,無星等/未評鑑,0
2023,10,台北市,老爺大酒店,202.0,5650,90.22676461194507,4907.355752212389,27726560,23113715,57545951,219,8237,603,8840,1358,5218,124,265,313,0.15361990950226245,0.8463800904977375,0.9317873303167421,4427.748323219419,5.0,五星級,1
2023,10,台北市,豪景大酒店,180.0,3969,71.12903225806451,2268.981607457798,9005588,68250,9433838,34,4455,4090,8545,2077,1121,462,686,214,0.24306612053832652,0.7569338794616735,0.521357519016969,1613.9046594982078,3.0,三星級,1
2023,10,台北市,雀客旅館台北南京,56.0,1403,80.81797235023042,2840.945830363507,3985847,0,3985847,11,2424,388,2812,2400,36,12,98,32,0.8534850640113798,0.1465149359886202,0.8620199146514936,2295.994815668203,,無星等/未評鑑,0
2023,10,台北市,雀客藏居台北陽明山,50.0,482,31.096774193548388,5501.516597510374,2651731,1732798,5328203,36,982,42,1024,932,12,24,27,17,0.91015625,0.08984375,0.958984375,1710.7941935483873,3.0,三星級,1
2023,10,台南市,台南大員皇冠假日酒店,230.0,3761,52.74894810659186,4199.253655942569,15793393,19033339,38391412,223,5588,2243,7831,7144,29,46,55,227,0.9122717405184523,0.08772825948154772,0.7135742561614098,2215.0621318373073,5.0,五星級,1
2023,10,台南市,台南大飯店,152.0,2823,59.91086587436333,2061.512221041445,5819649,9590572,16237256,124,3078,1566,4644,3178,656,31,113,117,0.6843238587424634,0.3156761412575366,0.6627906976744186,1235.0698217317486,3.0,三星級,1
2023,10,台南市,台南遠東香格里拉,330.0,6804,66.51026392961877,4098.518959435626,27886323,21199885,57531944,447,9239,896,10135,5281,554,444,281,1447,0.5210656142081894,0.4789343857918106,0.9115934879131722,2725.9357771261,5.0,五星級,1
2023,10,台南市,台糖長榮酒店(台南),197.0,4225,69.18290486327166,2847.17798816568,12029327,20139233,33396864,156,6898,1773,8671,7569,254,78,55,289,0.8729096989966555,0.1270903010033445,0.795525314265944,1969.7604388406742,5.0,五星級,1
2023,10,台南市,趣淘漫旅,198.0,3701,60.29651352231997,3526.363955687652,13051073,3325527,17882339,105,4618,5612,10230,10221,0,0,0,0,0.9991202346041056,0.0008797653958944052,0.4514173998044966,2126.2745193874225,3.0,三星級,1
2023,10,台南市,遠百企業觀光旅館,40.0,78,6.290322580645161,502.5641025641025,39200,0,39200,23,78,0,78,78,0,0,0,0,1.0,0.0,1.0,31.612903225806445,,無星等/未評鑑,0
2023,10,台東縣,台東桂田喜來登酒店,290.0,3864,42.98109010011124,3914.047101449275,15123878,14774982,30994861,165,4206,4401,8607,8271,5,2,18,198,0.9609620076681771,0.039037992331822924,0.4886720111537121,1682.3001112347054,5.0,五星級,1
2023,10,台東縣,娜路彎大酒店,292.0,4452,49.18250110472824,5118.739667565139,22788629,12395512,38251342,175,6631,2998,9629,9550,0,0,12,0,0.9917956174057535,0.008204382594246495,0.6886488731955551,2517.524193548387,5.0,五星級,1
2023,10,台東縣,樂樂日暉溫泉酒店,48.0,669,44.95967741935484,2510.503736920777,1679527,0,1679527,9,1342,0,1342,1342,0,0,0,0,1.0,0.0,1.0,1128.71438172043,,無星等/未評鑑,0
2023,10,台東縣,知本老爺大酒店,182.0,4328,76.71038638780574,5333.392791127541,23082924,10566363,37888368,196,6609,2439,9048,8280,111,21,87,140,0.9151193633952255,0.08488063660477452,0.7304376657824934,4091.266217653314,5.0,五星級,1
2023,10,嘉義市,耐斯王子大飯店,245.0,4282,56.37919684002634,2436.702241943017,10433959,9617467,21614285,116,3444,7306,10750,10177,70,47,13,128,0.9466976744186046,0.05330232558139536,0.3203720930232558,1373.7931533903882,5.0,五星級,1
2023,10,嘉義市,鈺通大飯店,120.0,1605,43.145161290322584,1991.160747663551,3195813,6007106,9230670,61,1630,1901,3531,3447,20,0,6,29,0.9762107051826678,0.023789294817332163,0.4616256018125177,859.0895161290322,3.0,三星級,1
2023,10,嘉義縣,名都觀光渡假大飯店,97.0,1179,39.20851346857333,1591.74385072095,1876666,2425318,4458356,40,295,2323,2618,2618,0,0,0,0,1.0,0.0,0.11268143621084797,624.0991020951113,3.0,三星級,1
2023,10,嘉義縣,阿里山賓館(現代館),104.0,1867,57.90942928039702,9278.160149973219,17322325,6127166,23937646,98,3165,1357,4522,4309,5,6,31,30,0.9528969482529854,0.04710305174701457,0.6999115435647943,5372.9295905707195,4.0,四星級,1
2023,10,基隆市,長榮桂冠酒店(基隆),140.0,3743,86.2442396313364,3104.01442693027,11618326,6745606,21830466,88,5740,2550,8290,7766,42,17,69,122,0.9367913148371532,0.06320868516284683,0.6924004825090471,2677.0336405529956,5.0,五星級,1
2023,10,宜蘭縣,凱渡廣場酒店,285.0,3423,38.74363327674024,5552.97458369851,19007832,14951972,38184964,152,4056,3936,7992,7940,3,0,16,6,0.9934934934934935,0.006506506506506526,0.5075075075075075,2151.424108658744,,無星等/未評鑑,0
2023,10,宜蘭縣,山泉大飯店,146.0,3568,78.83340698188246,1990.174887892377,7100944,1938903,9515628,40,2923,4639,7562,6344,0,408,394,6,0.8389314996032795,0.1610685003967205,0.38653795292250726,1568.9226690234207,3.0,三星級,1
2023,10,宜蘭縣,幼獅大飯店,53.0,410,24.95435179549604,945.3658536585366,387600,0,409140,9,76,210,286,286,0,0,0,0,1.0,0.0,0.26573426573426573,235.9099208764455,3.0,三星級,1
2023,10,宜蘭縣,悅川酒店,103.0,2251,70.49796429689947,4277.701466015104,9629106,5944186,15573292,97,3065,3065,6130,5974,1,8,46,24,0.9745513866231648,0.02544861337683524,0.5,3015.6924522392737,4.0,四星級,1
2023,10,宜蘭縣,礁溪老爺大酒店,197.0,5199,85.13181594891108,7953.594729755722,41350739,24887847,79807740,316,11200,1978,13178,12480,48,16,276,148,0.947032933677341,0.05296706632265902,0.8499013507360753,6771.039626657934,5.0,五星級,1
2023,10,宜蘭縣,礁溪麒麟酒店,167.0,1550,29.94011976047904,4661.935483870968,7226000,0,7226000,32,2700,360,3060,2500,0,0,0,0,0.8169934640522876,0.18300653594771243,0.8823529411764706,1395.789067027236,,無星等/未評鑑,0
2023,10,宜蘭縣,綠舞國際觀光飯店,113.0,1549,44.21924065087068,6294.424790187218,9750064,5227518,19304877,272,2738,1825,4563,4563,0,0,0,0,1.0,0.0,0.6000438308130616,2783.3468455609477,4.0,四星級,1
2023,10,宜蘭縣,蘭城晶英酒店,193.0,4652,77.75363530001671,10481.53310404127,48760092,45190277,104304671,361,15386,1610,16996,15919,10,0,357,41,0.9366321487408802,0.06336785125911981,0.9052718286655683,8149.7730235667705,5.0,五星級,1
2023,10,宜蘭縣,長榮鳳凰酒店(礁溪),231.0,2945,41.12554112554113,6362.334465195247,18737075,16505088,38838570,255,5282,2255,7537,7381,16,8,50,9,0.9793021095926762,0.020697890407323838,0.7008093405864402,2616.544477028349,5.0,五星級,1
2023,10,屏東縣,凱撒大飯店,281.0,5639,64.73424405923545,7304.177868416386,41188259,7238431,51008012,211,10839,2641,13480,12021,84,408,368,123,0.8917655786350148,0.10823442136498518,0.804080118694362,4728.304327861325,5.0,五星級,1
2023,10,屏東縣,墾丁怡灣渡假酒店,234.0,4081,56.2586159360353,3331.831658907131,13597205,845056,15123084,69,4205,3786,7991,3897,4,4,16,69,0.48767363283694154,0.5123263671630585,0.5262169941183832,1874.4423766197965,3.0,三星級,1
2023,10,屏東縣,墾丁福華渡假飯店,458.0,6166,43.428651922806026,4395.646448264677,27103556,8794518,37205561,254,8775,5520,14295,13433,158,136,116,63,0.9396991955229101,0.06030080447708985,0.6138509968520461,1908.9699957740524,5.0,五星級,1
2023,10,新北市,八里福朋喜來登酒店,241.0,2744,36.72868424575023,4490.079081632653,12320777,12957170,25340145,153,3646,2960,6606,6182,39,38,40,0,0.9358159249167424,0.06418407508325763,0.5519224947017862,1649.1469682773386,3.0,三星級,1
2023,10,新北市,大板根渡假酒店,95.0,2340,79.45670628183362,6538.0,15298920,16264894,47660575,220,2569,4451,7020,6909,0,3,51,6,0.9841880341880341,0.015811965811965867,0.36595441595441597,5194.879456706282,4.0,四星級,1
2023,10,新北市,板橋凱撒大飯店,400.0,10117,81.58870967741936,3989.574280913314,40362523,10807463,51253491,148,17589,3202,20791,11621,650,3696,1521,505,0.5589437737482564,0.44105622625174357,0.845991053821365,3255.0421774193546,5.0,五星級,1
2023,10,新北市,瓏山林台北中和飯店,126.0,2073,53.072196620583725,2373.292812349252,4919836,2503370,8498022,83,3067,918,3985,1834,64,156,180,165,0.4602258469259724,0.5397741530740277,0.7696361355081556,1259.558627752176,3.0,三星級,1
2023,10,新北市,碧特弗大飯店,55.0,286,16.7741935483871,2726.045454545455,779649,177613,957262,18,224,236,460,406,0,0,2,8,0.8826086956521739,0.11739130434782608,0.48695652173913045,457.27214076246344,,無星等/未評鑑,0
2023,10,新北市,福容大飯店    淡水漁人碼頭,198.0,3988,64.9723036819811,5213.101805416249,20789850,18009709,40434714,153,4196,5893,10089,9108,205,93,76,218,0.9027653880463872,0.09723461195361283,0.41589850332044803,3387.0723362658846,4.0,四星級,1
2023,10,新北市,福容大飯店 福隆,174.0,2700,50.055617352614014,5168.786666666667,13955724,7822744,24005340,134,3703,2788,6491,6415,0,0,17,8,0.9882914805114774,0.011708519488522584,0.5704822061315667,2587.2680756396,3.0,三星級,1
2023,10,新北市,美麗春天大飯店,34.0,0,0.0,,0,0,0,3,0,0,0,0,0,0,0,0,,,,,,無星等/未評鑑,0
2023,10,新竹市,新竹國賓大飯店,257.0,4803,60.28618049453998,3285.668540495524,15781066,31455739,53933113,285,6596,1290,7886,5316,297,267,70,594,0.674106010651788,0.325893989348212,0.8364189703271621,1980.804066775449,4.0,四星級,1
2023,10,新竹市,新竹老爺大酒店,208.0,4379,67.91253101736973,3134.026490066225,13723902,13798109,28655158,168,5419,1550,6969,4557,645,129,18,683,0.6538958243650452,0.34610417563495477,0.7775864542976036,2128.396712158809,4.0,四星級,1
2023,10,新竹縣,新竹喜來登大飯店,386.0,7837,65.49389938158114,3905.774403470716,30609554,39151717,79090515,301,8303,2317,10620,5327,214,493,49,2330,0.5016007532956686,0.49839924670433144,0.7818267419962335,2558.043957880662,4.0,四星級,1
2023,10,新竹縣,豐邑喜來登大飯店,384.0,5225,43.89280913978494,3905.525167464115,20406369,3329624,25888822,110,5536,1544,7080,3551,142,329,33,1554,0.5015536723163841,0.49844632768361585,0.7819209039548023,1714.24470766129,4.0,四星級,1
2023,10,桃園市,南方莊園渡假飯店,111.0,1203,34.96076721883173,6163.825436408977,7415082,10328578,20591192,115,2429,918,3347,3311,4,0,16,4,0.9892440991933075,0.010755900806692531,0.7257245294293397,2154.9206625980814,4.0,四星級,1
2023,10,桃園市,古華花園飯店,255.0,6855,86.71726755218216,2756.602334062728,18896509,8930615,29250548,164,9337,1069,10406,5244,407,390,263,612,0.5039400345954257,0.4960599654045743,0.897270805304632,2390.450221378874,3.0,三星級,1
2023,10,桃園市,台北諾富特華航桃園機場飯店,516.0,10628,66.44161040260065,3500.353312006022,37201755,23535330,62412947,260,11723,1267,12990,6309,781,307,143,1308,0.4856812933025404,0.5143187066974596,0.9024634334103157,2325.6911102775694,4.0,四星級,1
2023,10,桃園市,名人堂花園大飯店,128.0,2380,59.97983870967742,5354.513865546219,12743743,20396543,42538612,347,6148,974,7122,6977,5,4,0,14,0.979640550407189,0.020359449592810996,0.8632406627351867,3211.6287802419356,,無星等/未評鑑,0
2023,10,桃園市,和逸飯店桃園青埔館,218.0,4863,71.9591595146493,5119.725889368702,24897227,0,27743155,109,11134,0,11134,8697,169,179,400,0,0.7811208909646129,0.2188791090353871,1.0,3684.1117194436215,4.0,四星級,1
2023,10,桃園市,尊爵大飯店,218.0,4586,67.86031370227879,2499.75665067597,11463884,5230608,17252119,90,1932,4261,6193,813,208,686,51,173,0.13127724850637817,0.8687227514936218,0.31196512191183595,1696.3427049422905,3.0,三星級,1
2023,10,桃園市,尊爵天際大飯店,250.0,5740,74.06451612903226,2421.748083623693,13900834,1902463,15933435,76,2715,6726,9441,1139,195,1137,0,131,0.12064399957631607,0.8793560004236839,0.28757546870034956,1793.6559999999997,3.0,三星級,1
2023,10,桃園市,桃園喜來登酒店,189.0,2904,49.56477214541731,3349.495523415978,9726935,12188607,23731035,147,2102,1353,3455,1255,102,59,101,567,0.36324167872648333,0.6367583212735166,0.6083936324167872,1660.1698242020823,4.0,四星級,1
2023,10,桃園市,福容大飯店   桃園,182.0,4513,79.98936547323645,2050.120983824507,9252196,4458812,13753171,56,3349,1156,4505,2421,97,1182,567,38,0.5374028856825749,0.4625971143174251,0.7433962264150943,1639.8787663948958,3.0,三星級,1
2023,10,桃園市,福容徠旅 林口,149.0,723,15.652738688027709,2651.827109266943,1917271,0,1917271,22,1185,189,1374,867,25,130,16,32,0.631004366812227,0.36899563318777295,0.8624454148471615,415.08356787183357,,無星等/未評鑑,0
2023,10,澎湖縣,寶華大飯店,74.0,400,17.43679163034002,1331.195,532478,6435,540913,13,395,390,785,763,0,0,4,4,0.9719745222929936,0.028025477707006363,0.5031847133757962,232.11769834350486,,無星等/未評鑑,0
2023,10,澎湖縣,澎湖福朋喜來登酒店,331.0,4384,42.724880615924384,3047.871806569343,13361870,16909747,33562203,204,6374,4325,10699,10419,4,16,14,60,0.9738293298439107,0.026170670156089315,0.5957566127675483,1302.1995906831696,5.0,五星級,1
2023,10,花蓮縣,太魯閣晶英酒店,160.0,3592,72.41935483870968,10798.79398663697,38789268,11543116,55424365,204,5327,3609,8936,7910,12,20,15,270,0.885183527305282,0.11481647269471795,0.5961280214861235,7820.416935483871,5.0,五星級,1
2023,10,花蓮縣,瑞穗天合國際觀光酒店,198.0,3484,56.76115998696643,11831.39925373134,41220595,5599983,48354274,221,4912,4209,9121,9032,10,0,23,12,0.990242297993641,0.009757702006358948,0.5385374410700581,6715.639459107199,5.0,五星級,1
2023,10,花蓮縣,美侖大飯店,299.0,4841,52.227856295177475,4465.768642842388,21618786,7513526,30715468,204,7524,4479,12003,11254,16,27,40,151,0.9375989335999334,0.062401066400066596,0.6268432891777056,2332.3752292588197,5.0,五星級,1
2023,10,花蓮縣,花蓮翰品酒店,156.0,2934,60.66997518610422,2845.891956373551,8349847,5633651,14374882,93,6882,940,7822,7414,120,0,72,19,0.9478394272564562,0.0521605727435438,0.8798261314241882,1726.601943755169,,無星等/未評鑑,0
2023,10,花蓮縣,遠雄悅來大飯店,381.0,4975,42.12175091016849,5759.428944723618,28653159,17341239,52201597,353,7397,5065,12462,12316,0,0,45,0,0.988284384528968,0.011715615471031948,0.5935644358850907,2425.972313944628,5.0,五星級,1
2023,10,苗栗縣,馥藝金鬱金香酒店,191.0,3047,51.46090187468333,2795.357400722022,8517454,4531247,13593141,90,6273,2115,8388,8090,36,10,8,0,0.9644730567477349,0.03552694325226513,0.7478540772532188,1438.5161290322583,3.0,三星級,1
2023,10,金門縣,陸島酒店,47.0,682,46.80851063829787,1499.611436950147,1022735,105040,1132315,10,1237,76,1313,1313,0,0,0,0,1.0,0.0,0.9421172886519421,701.945778997941,,無星等/未評鑑,0
2023,10,高雄市,寒軒國際大飯店,375.0,7151,61.51397849462366,2187.96615857922,15646146,12124472,28440908,202,6604,4538,11142,8715,740,229,261,112,0.7821755519655358,0.2178244480344642,0.5927122599174296,1345.905032258065,5.0,五星級,1
2023,10,高雄市,承攜行旅 高雄六合館,269.0,2194,26.31010912579446,2278.224703737466,4998425,0,4998425,36,4452,1206,5658,4591,112,0,12,7,0.811417462000707,0.18858253799929303,0.7868504772004242,599.4034056841349,,無星等/未評鑑,0
2023,10,高雄市,晶英國際行館,147.0,1486,32.6091727013386,7344.465006729475,10913875,11814546,24691471,229,2668,163,2831,2170,57,93,181,116,0.7665135994348287,0.23348640056517134,0.9424231720240198,2394.969278033794,4.0,四星級,1
2023,10,高雄市,漢來大飯店,535.0,9299,56.06873681037081,3613.701043122916,33603806,70458044,117911320,779,12055,4119,16174,10694,1830,378,173,742,0.6611846172870038,0.33881538271299616,0.7453320143440089,2026.1565269822124,5.0,五星級,1
2023,10,高雄市,福容大飯店 高雄,250.0,4339,55.987096774193546,2559.024660059922,11103608,4918820,16045173,77,4127,5681,9808,8610,266,169,39,165,0.8778548123980424,0.12214518760195758,0.420778955954323,1432.7236129032258,3.0,三星級,1
2023,10,高雄市,義大皇家酒店,656.0,8912,43.82376081825334,3015.897778276481,26877681,18395204,48693556,386,9895,11304,21199,20300,84,339,124,14,0.957592339261286,0.04240766073871405,0.4667673003443559,1321.6798288749017,4.0,四星級,1
2023,10,高雄市,高雄圓山大飯店,105.0,2162,66.42089093701998,2504.750693802035,5415271,12361678,19029106,124,2707,2122,4829,4395,127,44,28,21,0.9101263201490992,0.08987367985090078,0.5605715469041209,1663.6777265745009,5.0,五星級,1
2023,10,高雄市,高雄福華大飯店,271.0,5950,70.82490179740508,2558.899327731092,15225451,20708116,39622416,292,8161,2850,11011,6085,1648,417,440,247,0.5526291889928253,0.4473708110071747,0.7411679229861048,1812.3379359600044,5.0,五星級,1
2023,10,高雄市,高雄萬豪酒店,700.0,12176,56.11059907834102,4735.379434954008,57657980,73886029,144130927,723,17092,4630,21722,14543,384,468,880,3143,0.6695055703894669,0.3304944296105331,0.7868520394070527,2657.0497695852537,5.0,五星級,1
2023,10,高雄市,麗尊大酒店,188.0,3568,61.221688400823616,2488.0,8877184,17310276,27123936,175,5114,1594,6708,5351,605,139,105,172,0.7977042337507454,0.2022957662492546,0.7623732856290996,1523.1956074124914,3.0,三星級,1
2023,11,南投縣,日月潭力麗溫德姆溫泉酒店,197.0,934,15.80372250423012,7650.374732334047,7145450,3840064,11700002,156,938,1166,2104,1707,16,0,0,158,0.8113117870722434,0.18868821292775662,0.4458174904942966,1209.0439932318104,5.0,五星級,1
2023,11,南投縣,涵碧樓大飯店,96.0,2414,83.81944444444444,16601.81151615576,40076773,12407367,59026867,289,4061,767,4828,3912,120,5,24,380,0.8102734051367025,0.18972659486329746,0.8411350455675228,13915.546180555557,5.0,五星級,1
2023,11,南投縣,雲品溫泉酒店日月潭,211.0,4797,75.78199052132702,11780.85845319992,56512778,25621451,87423044,297,7766,3884,11650,10336,88,6,74,704,0.8872103004291846,0.11278969957081542,0.6666094420600859,8927.769036334916,5.0,五星級,1
2023,11,台中市,全國大飯店,178.0,2701,50.58052434456929,2153.66419844502,5817047,4384411,12263420,72,3878,858,4736,3366,458,101,96,225,0.7107263513513513,0.2892736486486487,0.8188344594594594,1089.3346441947563,5.0,五星級,1
2023,11,台中市,台中港酒店,200.0,3352,55.86666666666667,3120.710322195704,10460621,1961835,13435409,103,4642,860,5502,3442,476,188,10,106,0.6255906942929844,0.3744093057070156,0.8436932024718284,1743.4368333333334,3.0,三星級,1
2023,11,台中市,台中福華大飯店,155.0,4306,92.60215053763442,2628.386205294937,11317831,14897864,29589619,177,6246,1314,7560,5080,716,102,69,206,0.671957671957672,0.328042328042328,0.8261904761904761,2433.9421505376345,5.0,五星級,1
2023,11,台中市,台中金典酒店,222.0,5379,80.76576576576576,2651.821156348764,14264146,25172470,52621071,267,5513,4518,10031,7628,661,214,113,378,0.7604426278536537,0.23955737214634631,0.549596251619978,2141.763663663664,5.0,五星級,1
2023,11,台中市,裕元花園酒店,149.0,3797,84.94407158836688,3833.076376086384,14554191,29171873,46252993,275,5359,1365,6724,5044,178,88,77,345,0.7501487209994051,0.2498512790005949,0.7969958358120166,3255.971140939597,5.0,五星級,1
2023,11,台中市,通豪大飯店,226.0,198,2.920353982300885,1696.070707070707,335822,57635,427039,26,212,0,212,212,0,0,0,0,1.0,0.0,1.0,49.531268436578166,3.0,三星級,1
2023,11,台中市,長榮桂冠酒店(台中),354.0,7926,74.63276836158192,2404.576331062327,19058672,22001486,46821729,246,4632,3294,7926,5630,927,93,78,326,0.7103204642947262,0.2896795357052738,0.5844057532172596,1794.601883239172,5.0,五星級,1
2023,11,台中市,龍谷大飯店,189.0,1903,33.5626102292769,1552.326326852339,2954077,1551981,4917422,39,2806,1326,4132,4072,3,2,33,2,0.9854791868344628,0.014520813165537216,0.6790900290416263,521.0012345679015,,無星等/未評鑑,0
2023,11,台北市,JR東日本大飯店台北,288.0,7449,86.21527777777777,5827.978386360585,43412611,21728939,69368769,250,12798,1002,13800,2771,4358,533,1477,1661,0.20079710144927537,0.7992028985507247,0.9273913043478261,5024.607754629629,4.0,四星級,1
2023,11,台北市,三德大飯店,287.0,5035,58.47851335656213,1954.475868917577,9840786,2480497,13681925,81,6220,1977,8197,1546,1991,610,706,237,0.18860558741002806,0.8113944125899719,0.7588142003171893,1142.948432055749,3.0,三星級,1
2023,11,台北市,亞都麗緻大飯店,219.0,4877,74.23135464231355,4495.46380971909,21924377,15742481,40783986,171,7727,0,7727,2018,2880,278,249,611,0.26116215866442344,0.7388378413355765,1.0,3337.043683409437,4.0,四星級,1
2023,11,台北市,兄弟大飯店,250.0,5852,78.02666666666667,3474.391490088859,20332139,44396711,69811231,450,4342,3810,8152,2625,1808,167,257,799,0.3220068694798822,0.6779931305201178,0.5326300294406281,2710.9518666666672,4.0,四星級,1
2023,11,台北市,北投老爺酒店,50.0,1141,76.06666666666668,7008.425065731814,7996613,3701681,13408473,65,2337,71,2408,1454,64,45,512,89,0.6038205980066446,0.39617940199335544,0.970514950166113,5331.075333333334,4.0,四星級,1
2023,11,台北市,北投麗禧溫泉酒店,66.0,1614,81.51515151515152,15961.23543990087,25761434,10591210,46689434,156,2988,171,3159,1529,51,156,616,296,0.4840139284583729,0.5159860715416271,0.9458689458689459,13010.825252525254,4.0,四星級,1
2023,11,台北市,台北W飯店,402.0,9850,81.67495854063019,9985.321015228426,98355412,46431786,162579734,393,14960,537,15497,2463,817,283,1498,5144,0.15893398722333354,0.8410660127766665,0.965348131896496,8155.506799336651,5.0,五星級,1
2023,11,台北市,台北中山雅樂軒酒店,88.0,2443,92.5378787878788,4552.618501841997,11122047,563859,13251811,39,3813,0,3813,430,682,72,337,1267,0.11277209546289012,0.8872279045371099,1.0,4212.896590909091,,無星等/未評鑑,0
2023,11,台北市,台北凱撒大飯店,478.0,13726,95.71827057182706,3352.522002039924,46016717,19812389,68390480,138,20860,5071,25931,4374,9871,2649,2150,1192,0.16867841579576567,0.8313215842042343,0.8044425590991477,3208.9760808926076,4.0,四星級,1
2023,11,台北市,台北君品大酒店,286.0,6671,77.75058275058275,5412.856543246889,36109166,50147168,90329359,324,10380,1515,11895,1909,3613,649,1110,1414,0.16048759983186212,0.8395124001681379,0.8726355611601513,4208.527505827506,5.0,五星級,1
2023,11,台北市,台北君悅酒店,850.0,14646,57.43529411764706,8166.281783422095,119603363,110556419,259513261,539,26884,11578,38462,16224,1059,1852,735,10982,0.4218189381727419,0.578181061827258,0.6989756122926525,4690.327960784314,5.0,五星級,1
2023,11,台北市,台北寒舍喜來登大飯店,688.0,16710,80.95930232558139,4791.160682226212,80060295,117125824,219386864,786,19110,8262,27372,6712,6698,2049,842,4925,0.24521408738857225,0.7547859126114278,0.6981587023235423,3878.8902616279065,5.0,五星級,1
2023,11,台北市,台北寒舍艾美酒店,160.0,4356,90.75,10042.78213957759,43746359,79184326,135096029,320,5474,511,5985,2401,230,75,529,1315,0.40116959064327484,0.5988304093567252,0.9146198830409357,9113.824791666662,5.0,五星級,1
2023,11,台北市,台北漢來大飯店,424.0,3241,25.479559748427672,5784.929034248688,18748955,41324991,66770133,380,5055,541,5596,4662,85,464,20,22,0.8330950679056469,0.1669049320943531,0.9033238027162259,1473.9744496855344,5.0,五星級,1
2023,11,台北市,台北美福大飯店,146.0,3036,69.31506849315069,6277.006258234519,19056991,76478607,103292034,346,5267,393,5660,2480,392,738,178,1169,0.4381625441696113,0.5618374558303887,0.930565371024735,4350.911187214612,6.0,卓越五星,1
2023,11,台北市,台北艾麗酒店,235.0,6166,87.46099290780141,6366.589036652611,39256388,25125035,71471391,190,8585,419,9004,2090,207,547,1563,940,0.23211905819635717,0.7678809418036429,0.9534651266103954,5568.281985815603,5.0,五星級,1
2023,11,台北市,台北花園大酒店,241.0,6654,92.03319502074689,2368.109407874962,15757400,23487790,48772804,152,13236,1119,14355,1009,623,6617,1003,570,0.07028909787530477,0.9297109021246952,0.9220480668756531,2179.4467496542184,4.0,四星級,1
2023,11,台北市,台北萬豪酒店,318.0,9234,96.79245283018868,6287.201754385965,58056021,85098712,181151034,501,10038,2386,12424,3106,517,1766,285,4723,0.25,0.75,0.8079523502897618,6085.53679245283,5.0,五星級,1
2023,11,台北市,台北遠東香格里拉,420.0,10068,79.9047619047619,6592.317044100119,66371448,74549024,160047150,480,14490,2759,17249,2936,1424,498,1493,5292,0.1702127659574468,0.8297872340425532,0.840048698475274,5267.575238095238,5.0,五星級,1
2023,11,台北市,合尊酒店 S Hotel,101.0,1567,51.71617161716172,4089.901084875558,6408875,573797,7723533,65,2919,0,2919,1182,93,103,246,106,0.40493319630010277,0.5950668036998972,1.0,2115.1402640264023,,無星等/未評鑑,0
2023,11,台北市,國王大飯店,97.0,2379,81.75257731958763,1541.538461538461,3667320,915443,4601941,47,714,1665,2379,133,2192,14,9,18,0.05590584279108869,0.9440941572089113,0.30012610340479196,1260.247422680412,3.0,三星級,1
2023,11,台北市,國聯大飯店,243.0,3230,44.307270233196164,3294.446439628483,10641062,705800,12582312,74,3073,2015,5088,1800,491,791,331,321,0.35377358490566035,0.6462264150943396,0.6039701257861635,1459.6792866941018,4.0,四星級,1
2023,11,台北市,圓山大飯店,473.0,11985,84.46088794926004,3798.738506466416,45527881,78781305,141586911,528,9295,14115,23410,11997,6642,451,371,1218,0.512473302007689,0.48752669799231096,0.397052541648868,3208.448273431994,5.0,五星級,1
2023,11,台北市,天成大飯店,225.0,6436,95.34814814814816,3634.478091982598,23391501,28643518,55418951,294,11568,1128,12696,1290,4169,1805,925,1029,0.10160680529300567,0.8983931947069943,0.9111531190926276,3465.4075555555555,4.0,四星級,1
2023,11,台北市,日勝生加賀屋國際溫泉飯店,89.0,1266,47.41573033707865,12927.85860979463,16366669,9146331,34033360,130,1552,244,1796,962,96,17,371,150,0.5356347438752784,0.46436525612472157,0.8641425389755011,6129.838576779027,,無星等/未評鑑,0
2023,11,台北市,晶華酒店,538.0,13530,83.82899628252788,6118.737620103474,82786520,161764749,270520517,966,20200,3411,23611,7943,7022,1954,651,2087,0.33641099487527,0.66358900512473,0.8555334378044132,5129.276332094177,5.0,五星級,1
2023,11,台北市,歐華酒店,112.0,2134,63.51190476190476,3328.877225866916,7103824,5353158,13793556,95,2391,1220,3611,600,1355,193,198,236,0.16615895873719191,0.8338410412628081,0.6621434505677097,2114.2333333333327,4.0,四星級,1
2023,11,台北市,漢普頓酒店,121.0,3250,89.53168044077135,2292.683076923077,7451220,1273723,10447303,58,3654,2364,6018,1079,2402,1293,239,219,0.17929544699235628,0.8207045530076438,0.6071784646061814,2052.6776859504134,,無星等/未評鑑,0
2023,11,台北市,福容大飯店  台北一館,120.0,2466,68.5,3034.134225466342,7482175,6102584,14244474,77,2864,482,3346,1440,227,93,124,297,0.4303646144650329,0.5696353855349672,0.8559473998804543,2078.381944444444,4.0,四星級,1
2023,11,台北市,福華大飯店,606.0,14829,81.56765676567656,4227.999190774834,62697000,42817000,123534000,506,22081,2800,24881,6686,3757,2826,690,4347,0.26871910292994655,0.7312808970700535,0.8874643302118083,3448.679867986799,5.0,五星級,1
2023,11,台北市,第一大飯店,176.0,2927,55.435606060606055,1842.625896822685,5393366,7615572,33979891,33,670,4263,4933,757,1360,39,63,211,0.15345631461585243,0.8465436853841476,0.13581998783701602,1021.470833333333,4.0,四星級,1
2023,11,台北市,美麗信花園酒店,203.0,5523,90.6896551724138,2699.478544269419,14909220,3911109,24963450,123,8089,2504,10593,2159,3453,1226,743,853,0.20381383932785802,0.796186160672142,0.7636174832436514,2448.147783251232,,無星等/未評鑑,0
2023,11,台北市,義華酒店,149.0,3186,71.2751677852349,3116.783113622097,9930071,164268,11223543,15,3785,426,4211,983,164,371,256,1489,0.2334362384231774,0.7665637615768226,0.8988363809071479,2221.492393736018,,無星等/未評鑑,0
2023,11,台北市,老爺大酒店,202.0,5677,93.67986798679868,5216.323410251894,29613068,26146814,62848496,221,8449,460,8909,983,5856,120,230,593,0.11033786059041419,0.8896621394095858,0.9483668200695925,4886.644884488449,5.0,五星級,1
2023,11,台北市,豪景大酒店,180.0,4603,85.24074074074073,2210.855963502064,10176570,114840,10609473,37,3791,6027,9818,1221,3247,509,684,121,0.12436341413729884,0.8756365858627011,0.3861275208800163,1884.5499999999997,3.0,三星級,1
2023,11,台北市,雀客旅館台北南京,56.0,1508,89.76190476190476,2870.0649867374,4328058,0,4328058,11,2318,700,3018,2250,0,64,246,64,0.7455268389662028,0.25447316103379725,0.7680583167660703,2576.2249999999995,,無星等/未評鑑,0
2023,11,台北市,雀客藏居台北陽明山,50.0,802,53.46666666666666,5117.491271820449,4104228,2188716,7347556,30,1605,239,1844,1544,14,0,62,49,0.8373101952277657,0.16268980477223427,0.8703904555314533,2736.1519999999996,3.0,三星級,1
2023,11,台南市,台南大員皇冠假日酒店,230.0,4197,60.82608695652174,4006.13390517036,16813744,20270837,40748220,226,5188,3115,8303,7593,28,68,76,185,0.9144887390099964,0.08551126099000361,0.6248343972058292,2436.7744927536232,5.0,五星級,1
2023,11,台南市,台南大飯店,152.0,2763,60.59210526315789,2199.543973941368,6077340,8953045,15827563,122,4154,499,4653,2717,1014,73,137,166,0.5839243498817966,0.41607565011820336,0.8927573608424673,1332.75,3.0,三星級,1
2023,11,台南市,台南遠東香格里拉,330.0,7446,75.2121212121212,4071.102471125436,30313429,30379308,70708230,478,9206,1854,11060,5653,629,433,216,1803,0.511121157323689,0.488878842676311,0.8323688969258589,3061.9625252525248,5.0,五星級,1
2023,11,台南市,台糖長榮酒店(台南),197.0,4842,81.92893401015229,2688.379595208592,13017134,19456356,33563880,163,7084,2181,9265,8101,585,54,11,159,0.8743658931462494,0.12563410685375065,0.7645979492714517,2202.5607445008463,5.0,五星級,1
2023,11,台南市,趣淘漫旅,198.0,3234,54.44444444444444,3295.405998763142,10657343,2749599,14694403,104,4246,4793,9039,8993,2,0,7,2,0.9949109414758269,0.0050890585241730735,0.46974222812257993,1794.1654882154885,3.0,三星級,1
2023,11,台南市,遠百企業觀光旅館,40.0,80,6.666666666666667,505.0,40400,0,40400,23,80,0,80,80,0,0,0,0,1.0,0.0,1.0,33.66666666666667,,無星等/未評鑑,0
2023,11,台東縣,台東桂田喜來登酒店,290.0,3777,43.41379310344828,3608.400052952079,13628927,15000772,29860672,170,3435,4799,8234,7936,24,8,16,187,0.9638085984940491,0.036191401505950904,0.41717269856691763,1566.5433333333337,5.0,五星級,1
2023,11,台東縣,娜路彎大酒店,292.0,3993,45.582191780821915,5206.749561733033,20790551,11699722,35354195,176,7067,1671,8738,8576,15,0,28,55,0.9814602883955138,0.018539711604486198,0.8087663080796521,2373.350570776256,5.0,五星級,1
2023,11,台東縣,樂樂日暉溫泉酒店,48.0,451,31.31944444444444,2506.886917960089,1130606,0,1130606,9,906,0,906,906,0,0,0,0,1.0,0.0,1.0,785.1430555555555,,無星等/未評鑑,0
2023,11,台東縣,知本老爺大酒店,182.0,4647,85.1098901098901,5199.699591134065,24163004,11749270,40003795,198,7116,2600,9716,8885,48,2,38,208,0.9144709757101688,0.08552902428983122,0.7324001646768218,4425.458608058607,5.0,五星級,1
2023,11,嘉義市,耐斯王子大飯店,245.0,4462,60.70748299319728,2474.9827431645,11043373,11663710,25405411,116,2868,8230,11098,10399,107,54,1,89,0.9370156785006307,0.06298432149936928,0.25842494143088846,1502.4997278911562,5.0,五星級,1
2023,11,嘉義市,鈺通大飯店,120.0,2008,55.77777777777778,1816.799800796813,3648134,4403886,8081421,61,1718,2148,3866,3646,41,16,13,19,0.9430936368339369,0.05690636316606312,0.44438696326952926,1013.3705555555557,3.0,三星級,1
2023,11,嘉義縣,名都觀光渡假大飯店,97.0,756,25.979381443298973,1621.252645502645,1225667,1048442,2365302,40,414,1379,1793,1793,0,0,0,0,1.0,0.0,0.2308979364194088,421.19140893470785,3.0,三星級,1
2023,11,嘉義縣,阿里山賓館(現代館),104.0,1893,60.67307692307692,9261.754358161648,17532501,6384425,24446457,99,3315,1421,4736,4408,17,16,46,99,0.9307432432432432,0.0692567567567568,0.6999577702702703,5619.391346153846,4.0,四星級,1
2023,11,基隆市,長榮桂冠酒店(基隆),140.0,3787,90.16666666666666,2777.209400580935,10517292,7496136,21803143,88,4108,3967,8075,7628,118,8,57,41,0.9446439628482972,0.055356037151702786,0.5087306501547988,2504.1171428571424,5.0,五星級,1
2023,11,宜蘭縣,凱渡廣場酒店,285.0,2692,31.48538011695907,5297.180534918276,14260010,13711094,30943509,155,2218,3773,5991,5943,2,0,6,14,0.9919879819729595,0.008012018027040546,0.3702219996661659,1667.8374269005851,,無星等/未評鑑,0
2023,11,宜蘭縣,山泉大飯店,146.0,4023,91.84931506849315,1795.305741983594,7222515,1843829,9543520,40,2422,6300,8722,7065,0,644,324,0,0.8100206374684705,0.18997936253152947,0.27768860353130015,1648.9760273972602,3.0,三星級,1
2023,11,宜蘭縣,幼獅大飯店,53.0,203,12.76729559748428,1375.862068965517,279300,0,289530,9,33,160,193,193,0,0,0,0,1.0,0.0,0.17098445595854922,175.6603773584906,3.0,三星級,1
2023,11,宜蘭縣,悅川酒店,103.0,2562,82.91262135922331,3943.528883684621,10103321,6420111,16523432,94,3333,3334,6667,6518,0,0,27,0,0.9776511174441278,0.022348882555872196,0.4999250037498125,3269.683171521036,4.0,四星級,1
2023,11,宜蘭縣,礁溪老爺酒店,197.0,4595,77.74957698815567,8672.463764961914,39849971,24787598,72846223,317,9409,1965,11374,10590,101,46,230,189,0.9310708633726041,0.06892913662739586,0.8272375593458765,6742.803891708967,5.0,五星級,1
2023,11,宜蘭縣,礁溪麒麟酒店,167.0,2145,42.81437125748503,4414.791142191142,9469727,0,9560106,36,5235,980,6215,5799,18,56,166,21,0.933065164923572,0.06693483507642795,0.8423169750603379,1890.1650698602793,,無星等/未評鑑,0
2023,11,宜蘭縣,綠舞國際觀光飯店,113.0,1114,32.86135693215339,6119.438061041293,6817054,4929414,15207218,259,1840,1226,3066,3064,0,0,0,2,0.9993476842791911,0.000652315720808927,0.6001304631441617,2010.930383480826,4.0,四星級,1
2023,11,宜蘭縣,蘭城晶英酒店,193.0,4124,71.22625215889464,9984.387972841902,41175616,40315749,91085691,360,13080,1672,14752,13915,11,0,67,91,0.9432619305856833,0.056738069414316694,0.8866594360086768,7111.505354058721,5.0,五星級,1
2023,11,宜蘭縣,長榮鳳凰酒店(礁溪),231.0,3679,53.088023088023085,6017.379450937755,22137939,21032698,48319486,255,6184,3115,9299,9174,0,2,50,30,0.9865576943757394,0.013442305624260631,0.665017743843424,3194.507792207792,5.0,五星級,1
2023,11,屏東縣,凱撒大飯店,281.0,4750,56.34638196915777,5904.361052631579,28045715,7307335,37408511,212,7889,3359,11248,10268,54,360,44,108,0.912873399715505,0.08712660028449504,0.7013691322901849,3326.8938315539735,5.0,五星級,1
2023,11,屏東縣,墾丁怡灣渡假酒店,234.0,3743,53.319088319088316,3068.734170451509,11486272,889604,13023923,73,3740,3337,7077,3533,0,0,45,0,0.49922283453440724,0.5007771654655928,0.5284725166030804,1636.2210826210821,3.0,三星級,1
2023,11,屏東縣,墾丁福華渡假飯店,458.0,6704,48.79184861717613,3014.741199284009,20210825,8860546,29891085,253,6523,9912,16435,15637,21,108,32,133,0.9514450867052023,0.048554913294797664,0.3968968664435656,1470.9479621542937,5.0,五星級,1
2023,11,新北市,八里福朋喜來登酒店,241.0,3678,50.871369294605806,3678.21370309951,13528470,15193275,28764830,154,4198,4285,8483,7725,57,39,67,396,0.9106448190498644,0.08935518095013562,0.4948720971354474,1871.1576763485473,3.0,三星級,1
2023,11,新北市,大板根渡假酒店,95.0,2278,79.9298245614035,6585.0,15000630,15121246,45719123,226,2720,4114,6834,6666,6,9,75,27,0.9754170324846356,0.024582967515364373,0.39800995024875624,5263.378947368421,4.0,四星級,1
2023,11,新北市,板橋凱撒大飯店,400.0,10646,88.71666666666667,4043.741405222619,43049671,10757670,53935065,140,19812,2122,21934,11432,1338,3501,1462,649,0.5211999635269444,0.4788000364730556,0.9032552202060727,3587.4725833333337,5.0,五星級,1
2023,11,新北市,瓏山林台北中和飯店,126.0,2164,57.24867724867725,2640.225970425139,5713449,3206052,9425028,83,3292,845,4137,2624,92,211,198,235,0.6342760454435581,0.3657239545564419,0.7957457094512932,1511.4944444444448,3.0,三星級,1
2023,11,新北市,碧特弗大飯店,55.0,336,20.36363636363636,2767.505952380952,929882,154820,1084702,18,248,249,497,458,4,0,2,8,0.9215291750503019,0.07847082494969815,0.49899396378269617,563.5648484848483,,無星等/未評鑑,0
2023,11,新北市,福容大飯店    淡水漁人碼頭,198.0,3850,64.81481481481481,5571.864155844156,21451677,16054830,39960570,153,3194,6915,10109,9466,8,104,42,182,0.9363933128895044,0.06360668711049555,0.31595607874171533,3611.393434343434,4.0,四星級,1
2023,11,新北市,福容大飯店 福隆,174.0,1939,37.145593869731805,4704.794223826715,9122596,5095953,16139640,115,2856,1762,4618,4498,5,7,22,50,0.9740147249891729,0.025985275010827147,0.6184495452576874,1747.6237547892722,3.0,三星級,1
2023,11,新北市,美麗春天大飯店,34.0,0,0.0,,0,0,0,3,0,0,0,0,0,0,0,0,,,,,,無星等/未評鑑,0
2023,11,新竹市,新竹國賓大飯店,257.0,5127,66.49805447470817,3200.950458357714,16411273,33889224,56822160,275,6178,1920,8098,5014,429,234,81,673,0.6191652259817239,0.38083477401827615,0.762904420844653,2128.5697795071337,4.0,四星級,1
2023,11,新竹市,新竹老爺大酒店,208.0,5018,80.41666666666667,3017.50219210841,15141826,13467195,29815998,164,5702,1689,7391,4519,846,91,52,699,0.6114192937356244,0.3885807062643756,0.7714788255987011,2426.5746794871798,4.0,四星級,1
2023,11,新竹縣,新竹喜來登大飯店,386.0,8786,75.87219343696027,3964.010812656499,34827799,47868743,93485297,294,9356,1667,11023,4293,341,680,67,2701,0.3894584051528622,0.6105415948471378,0.8487707520638664,3007.58195164076,4.0,四星級,1
2023,11,新竹縣,豐邑喜來登大飯店,384.0,5857,50.84201388888889,3964.236469182175,23218533,3570855,29216003,110,6238,1110,7348,2862,228,454,44,1800,0.389493739793141,0.6105062602068589,0.8489384866630375,2015.49765625,4.0,四星級,1
2023,11,桃園市,南方莊園渡假飯店,111.0,1400,42.04204204204204,5793.832142857143,8111365,16040681,27174028,119,2266,1385,3651,3591,2,4,18,0,0.9835661462612982,0.016433853738701765,0.6206518761983019,2435.8453453453453,4.0,四星級,1
2023,11,桃園市,古華花園飯店,255.0,7019,91.7516339869281,2676.842427696253,18788757,7788339,29801207,168,8572,1762,10334,4216,391,396,280,1159,0.4079736791174763,0.5920263208825237,0.8294948712986259,2456.046666666666,3.0,三星級,1
2023,11,桃園市,台北諾富特華航桃園機場飯店,516.0,11173,72.17700258397933,2689.747247829589,30052546,25696359,65329897,263,11368,1314,12682,5979,934,180,160,1117,0.47145560637123485,0.5285443936287652,0.8963885822425485,1941.3789405684756,4.0,四星級,1
2023,11,桃園市,名人堂花園大飯店,128.0,2177,56.69270833333333,5125.887000459347,11159056,20123224,39234806,347,5865,387,6252,5976,15,3,32,10,0.9558541266794626,0.04414587332053743,0.9380998080614203,2906.004166666666,,無星等/未評鑑,0
2023,11,桃園市,和逸飯店桃園青埔館,218.0,4716,72.11009174311927,5121.699321458864,24153934,0,27914204,115,10432,0,10432,7551,174,182,283,358,0.7238305214723927,0.2761694785276073,1.0,3693.262079510704,4.0,四星級,1
2023,11,桃園市,尊爵大飯店,218.0,4626,70.73394495412843,2669.543017725897,12349306,6443910,19529672,89,2461,3873,6334,830,394,797,76,312,0.13103883801705082,0.8689611619829491,0.38853804862646035,1888.2730886850147,3.0,三星級,1
2023,11,桃園市,尊爵天際大飯店,250.0,6374,84.98666666666666,2395.561499843113,15269309,2193480,17638423,78,2838,7602,10440,706,250,315,0,166,0.06762452107279693,0.9323754789272031,0.2718390804597701,2035.907866666667,3.0,三星級,1
2023,11,桃園市,桃園喜來登酒店,189.0,2946,51.957671957671955,3034.135777325187,8938564,10296721,20885799,145,2193,1241,3434,1688,100,118,47,667,0.49155503785672683,0.5084449621432732,0.6386138613861386,1576.4663139329807,4.0,四星級,1
2023,11,桃園市,福容大飯店   桃園,182.0,4569,83.68131868131869,2083.26351499234,9518431,5158679,14754692,60,3538,1031,4569,2733,85,197,742,50,0.5981615233092581,0.4018384766907419,0.7743488728386956,1743.3023809523813,3.0,三星級,1
2023,11,桃園市,福容徠旅 林口,149.0,2126,47.56152125279642,2743.884289746002,5833498,0,5833498,24,1816,2019,3835,1138,42,852,63,35,0.2967405475880052,0.7032594524119948,0.47353324641460237,1305.033109619687,,無星等/未評鑑,0
2023,11,澎湖縣,寶華大飯店,74.0,152,6.846846846846846,1165.986842105263,177230,0,179230,14,177,110,287,284,0,0,3,0,0.9895470383275261,0.010452961672473893,0.6167247386759582,79.83333333333331,,無星等/未評鑑,0
2023,11,澎湖縣,澎湖福朋喜來登酒店,331.0,3595,36.20342396777442,2165.434492350487,7784737,10802565,20595507,203,6831,1490,8321,8085,8,0,8,60,0.9716380242759284,0.02836197572407162,0.8209349837759885,783.9614300100704,5.0,五星級,1
2023,11,花蓮縣,太魯閣晶英酒店,160.0,3627,75.5625,10296.36476426799,37344915,11100065,54032589,207,5932,3056,8988,7533,21,18,27,701,0.8381174899866488,0.1618825100133512,0.6599910992434357,7780.190625,5.0,五星級,1
2023,11,花蓮縣,瑞穗天合國際觀光酒店,198.0,3535,59.51178451178451,10629.985572843,37576999,6253301,45583882,222,4907,3852,8759,8584,7,1,2,43,0.9800205502911291,0.01997944970887089,0.5602237698367394,6326.094107744108,5.0,五星級,1
2023,11,花蓮縣,美侖大飯店,299.0,4801,53.52285395763656,3978.130806082066,19099006,6625698,27301536,204,7074,4508,11582,10788,29,3,19,302,0.9314453462269038,0.06855465377309622,0.6107753410464514,2129.2091415830546,5.0,五星級,1
2023,11,花蓮縣,花蓮翰品酒店,156.0,3075,65.7051282051282,2527.889756097561,7773261,7800493,16051068,92,6299,1348,7647,7180,62,0,47,15,0.938930299463842,0.06106970053615801,0.8237217209363149,1660.9532051282054,,無星等/未評鑑,0
2023,11,花蓮縣,遠雄悅來大飯店,381.0,4265,37.31408573928259,5167.158264947245,22037930,14663274,41535244,352,6240,4343,10583,10413,6,6,14,53,0.9839365019370688,0.01606349806293117,0.589624870074648,1928.0778652668416,5.0,五星級,1
2023,11,苗栗縣,馥藝金鬱金香酒店,191.0,4267,74.46771378708551,2105.94164518397,8986053,6520397,16131979,96,5958,3610,9568,9267,32,34,28,9,0.9685409698996655,0.03145903010033446,0.622700668896321,1568.246596858639,3.0,三星級,1
2023,11,金門縣,陸島酒店,47.0,717,50.851063829787236,1495.139470013947,1072015,110800,1183415,12,275,1110,1385,1385,0,0,0,0,1.0,0.0,0.19855595667870035,760.2943262411347,,無星等/未評鑑,0
2023,11,高雄市,寒軒國際大飯店,371.0,8312,74.68104222821204,2190.658325312801,18208752,12810089,31978582,200,6583,5162,11745,8560,1206,451,276,149,0.7288207747977863,0.2711792252022137,0.5604938271604938,1636.0064690026954,5.0,五星級,1
2023,11,高雄市,承攜行旅 高雄六合館,269.0,1947,24.12639405204461,2377.671802773498,4629327,0,4629327,39,2509,2293,4802,2968,378,136,130,48,0.6180758017492711,0.3819241982507289,0.5224906289046231,573.646468401487,,無星等/未評鑑,0
2023,11,高雄市,晶英國際行館,147.0,1593,36.122448979591844,8820.50847457627,14051070,13189808,30021264,234,2863,60,2923,2299,60,50,148,109,0.786520697913103,0.21347930208689703,0.9794731440301061,3186.183673469388,4.0,四星級,1
2023,11,高雄市,漢來大飯店,535.0,11520,71.77570093457943,3709.893229166667,42737970,77547397,135975454,777,13109,5829,18938,11384,3220,412,221,1154,0.6011194423909599,0.39888055760904007,0.692206146372373,2662.8018691588786,5.0,五星級,1
2023,11,高雄市,福容大飯店 高雄,250.0,5180,69.06666666666666,2328.888996138996,12063645,5132298,17205813,81,4226,5833,10059,8389,296,274,67,49,0.83397952082712,0.16602047917288,0.4201212844219107,1608.4859999999999,3.0,三星級,1
2023,11,高雄市,義大皇家酒店,656.0,9083,46.153455284552855,2661.695915446438,24176184,16992372,44960753,389,9063,12150,21213,19377,28,1122,215,71,0.9134492999575732,0.08655070004242682,0.42723801442511666,1228.4646341463415,4.0,四星級,1
2023,11,高雄市,高雄圓山大飯店,105.0,2219,70.44444444444444,2428.662460567823,5389202,13066042,19545595,127,2258,2410,4668,4327,55,36,19,104,0.926949443016281,0.07305055698371898,0.4837189374464439,1710.8577777777775,5.0,五星級,1
2023,11,高雄市,高雄福華大飯店,271.0,6637,81.6359163591636,2480.120536386922,16460560,22162048,42196198,291,7306,5621,12927,7092,3104,501,674,135,0.5486191691807843,0.45138083081921565,0.5651736675175988,2024.6691266912674,5.0,五星級,1
2023,11,高雄市,高雄萬豪酒店,700.0,12853,61.20476190476191,4869.504473663736,62587741,78754475,154944074,737,15968,6274,22242,15330,490,447,480,3473,0.6892365794442946,0.3107634205557054,0.7179210502652639,2980.3686190476187,5.0,五星級,1
2023,11,高雄市,麗尊大酒店,188.0,3824,67.80141843971631,2543.0,9724432,16480280,27003975,175,5531,1728,7259,5569,628,174,146,165,0.7671855627496901,0.23281443725030992,0.7619506819121091,1724.1900709219858,3.0,三星級,1
2023,12,南投縣,日月潭力麗溫德姆溫泉酒店,197.0,1420,23.25200589487473,8757.282394366197,12435341,5472911,19430691,171,1881,1393,3274,2712,0,10,44,266,0.8283445326817349,0.1716554673182651,0.5745265729993891,2036.243818568855,5.0,五星級,1
2023,12,南投縣,涵碧樓大飯店,96.0,2591,87.06317204301075,16814.82632188344,43567215,13076358,64871018,289,4768,627,5395,4196,70,2,58,480,0.7777571825764596,0.22224281742354035,0.8837812789620019,14639.521169354837,5.0,五星級,1
2023,12,南投縣,雲品溫泉酒店日月潭,211.0,5179,79.17749579574989,13514.90712492759,69993704,26215761,102601790,304,10379,3141,13520,10919,86,8,263,1143,0.8076183431952663,0.19238165680473374,0.7676775147928994,10700.765020639044,5.0,五星級,1
2023,12,台中市,全國大飯店,178.0,3099,56.16165277274375,2265.200064536948,7019855,7075114,16335963,73,5051,682,5733,4095,428,212,201,194,0.7142857142857143,0.2857142857142857,0.8810395953253096,1272.1737948532082,5.0,五星級,1
2023,12,台中市,台中港酒店,200.0,3417,55.112903225806456,3345.139303482587,11430341,2123946,14674801,104,5876,215,6091,4269,434,125,99,40,0.7008701362666229,0.29912986373337713,0.9647020193728452,1843.6033870967742,3.0,三星級,1
2023,12,台中市,台中福華大飯店,155.0,4508,93.81893860561915,2967.209183673469,13376179,17706719,34181366,178,8039,864,8903,6096,506,188,330,253,0.684713018083792,0.31528698191620796,0.9029540604290689,2783.804162330905,5.0,五星級,1
2023,12,台中市,台中金典酒店,222.0,5409,78.59633827375762,3137.868737289702,16972732,28160670,60528953,268,7340,3798,11138,8045,559,275,282,376,0.7223020290896032,0.27769797091039683,0.6590052073980966,2466.249927346701,5.0,五星級,1
2023,12,台中市,裕元花園酒店,149.0,3852,83.39467417189867,4340.379543094497,16719142,30986472,50451083,275,6536,665,7201,5566,183,82,161,360,0.7729482016386613,0.2270517983613387,0.9076517150395779,3619.6453777874003,5.0,五星級,1
2023,12,台中市,通豪大飯店,226.0,262,3.7396517270910654,3221.480916030534,844028,107816,1251844,30,346,0,346,334,4,0,3,2,0.9653179190751445,0.034682080924855474,1.0,120.47216671424493,3.0,三星級,1
2023,12,台中市,長榮桂冠酒店(台中),354.0,7896,71.95188627665391,2704.167299898683,21352105,27119300,55003677,246,5423,2473,7896,5527,846,80,75,322,0.6999746707193516,0.3000253292806484,0.6868034447821681,1945.699380353563,5.0,五星級,1
2023,12,台中市,龍谷大飯店,189.0,2022,34.51100870455709,1961.52274975272,3966199,1376016,5825638,40,2654,2049,4703,4643,8,3,40,0,0.9872421858388263,0.01275781416117372,0.5643206463959175,676.9412869090288,,無星等/未評鑑,0
2023,12,台北市,JR東日本大飯店台北,288.0,8100,90.7258064516129,6832.338271604938,55341940,29000909,90325504,249,14456,1153,15609,3323,3617,658,2569,1300,0.21288999935934397,0.7871100006406561,0.926132359536165,6198.69399641577,4.0,四星級,1
2023,12,台北市,三德大飯店,287.0,5868,65.95481623018995,2408.739434219496,14134483,2390244,17974483,77,8534,182,8716,1689,1673,1218,1290,334,0.19378155117026158,0.8062184488297384,0.97911886186324,1588.6796673035858,3.0,三星級,1
2023,12,台北市,亞都麗緻大飯店,219.0,5133,75.60760053026956,5576.464056107539,28623990,18749909,51796385,168,9217,0,9217,2783,2141,324,639,916,0.30194206357817077,0.6980579364218292,1.0,4216.230667255855,4.0,四星級,1
2023,12,台北市,兄弟大飯店,250.0,6053,78.10322580645162,3803.061126714026,23019929,51020261,79780665,450,4955,4447,9402,3689,1606,381,481,742,0.3923633269517124,0.6076366730482876,0.5270155286109338,2970.313419354839,4.0,四星級,1
2023,12,台北市,北投老爺酒店,50.0,1428,92.12903225806451,8445.840336134454,12060660,4290601,18683631,62,3047,71,3118,1740,50,81,743,104,0.5580500320718409,0.4419499679281591,0.977228992944195,7781.0709677419345,4.0,四星級,1
2023,12,台北市,北投麗禧溫泉酒店,66.0,1718,83.96871945259042,16669.60069848661,28638374,17107127,57204863,156,2994,85,3079,1441,37,104,672,223,0.4680090938616434,0.5319909061383565,0.9723936342968497,13997.250244379276,4.0,四星級,1
2023,12,台北市,台北W飯店,402.0,8941,71.74610816883326,12835.07370540208,114758394,59761417,195041343,393,16189,26,16215,2730,756,251,1718,5448,0.1683626271970398,0.8316373728029602,0.9983965464076472,9208.66586422725,5.0,五星級,1
2023,12,台北市,台北中山雅樂軒酒店,88.0,2518,92.30205278592375,5276.56949960286,13286402,811732,15606891,39,4162,0,4162,395,505,147,362,1316,0.09490629505045652,0.9050937049495434,1.0,4870.381964809384,,無星等/未評鑑,0
2023,12,台北市,台北凱撒大飯店,478.0,14065,94.91834255635038,3798.017845716317,53419121,25143157,81558179,136,23689,5225,28914,5650,8060,3272,3439,768,0.19540706923981463,0.8045929307601853,0.8192916926056582,3605.0155891483328,4.0,四星級,1
2023,12,台北市,台北君品大酒店,286.0,7278,82.08887886307241,6107.827837317945,44452771,55875537,104984790,321,12841,1480,14321,2624,2702,1121,2037,1349,0.18322742825221702,0.816772571747783,0.8966552615040849,5013.847394540942,5.0,五星級,1
2023,12,台北市,台北君悅酒店,850.0,22409,85.04364326375712,6966.015752599402,156101447,125033094,317640405,541,31753,9429,41182,17666,1350,1714,1421,12386,0.42897382351512797,0.5710261764848721,0.7710407459569715,5924.153586337761,5.0,五星級,1
2023,12,台北市,台北寒舍喜來登大飯店,688.0,17839,83.64122280570142,5559.126464487919,99169257,149601194,275686408,787,23991,8315,32306,7858,6919,1612,1995,6433,0.24323655048597784,0.7567634495140222,0.7426174704389278,4649.721352213052,5.0,五星級,1
2023,12,台北市,台北寒舍艾美酒店,160.0,4412,88.95161290322581,12302.08907524932,54276817,85087216,153296352,333,6364,655,7019,3447,177,66,495,1522,0.4910955976634848,0.5089044023365152,0.906681863513321,10942.906653225806,5.0,五星級,1
2023,12,台北市,台北漢來大飯店,424.0,4054,30.84297017650639,6718.636901825358,27237354,57373367,96664855,407,6776,620,7396,6580,62,52,216,154,0.8896700919415901,0.11032990805840992,0.916170903190914,2072.227175897748,5.0,五星級,1
2023,12,台北市,台北美福大飯店,146.0,3565,78.76712328767124,7277.14446002805,25943020,89050768,123663890,339,6925,290,7215,3488,448,761,393,1128,0.4834372834372834,0.5165627165627166,0.9598059598059598,5731.997348652232,6.0,卓越五星,1
2023,12,台北市,台北艾麗酒店,235.0,6434,88.318462594372,7373.962542741685,47444075,35771122,91858581,184,9702,925,10627,2826,292,528,1603,1070,0.2659264138515103,0.7340735861484897,0.9129575609297074,6512.570350034317,5.0,五星級,1
2023,12,台北市,台北花園大酒店,241.0,6812,91.17922634185517,3899.870082207869,26565915,26907152,63354403,155,13601,1083,14684,926,617,5268,969,553,0.06306183601198584,0.9369381639880141,0.9262462544265868,3555.871369294606,4.0,四星級,1
2023,12,台北市,台北萬豪酒店,318.0,9317,94.51207141407994,6987.367822260384,65101306,104294051,209509604,502,11493,2911,14404,3492,1181,1765,691,4966,0.24243265759511246,0.7575673424048875,0.7979033601777284,6603.906066139176,5.0,五星級,1
2023,12,台北市,台北遠東香格里拉,420.0,11207,86.0752688172043,7744.31944320514,86790588,87480707,200031724,473,19365,2393,21758,3527,1480,890,2305,5757,0.1621012960750069,0.8378987039249931,0.8900174648405185,6665.943778801843,5.0,五星級,1
2023,12,台北市,合尊酒店 S Hotel,101.0,1779,56.818907697221334,4687.99269252389,8339939,697927,10024904,58,3507,8,3515,1473,22,92,628,205,0.41906116642958746,0.5809388335704125,0.997724039829303,2663.6662408176303,,無星等/未評鑑,0
2023,12,台北市,國王大飯店,97.0,2482,82.54073827735284,1625.653908138598,4034873,904014,4954346,47,745,1737,2482,189,2163,31,20,3,0.07614826752618856,0.9238517324738115,0.30016116035455276,1341.8267376122383,3.0,三星級,1
2023,12,台北市,國聯大飯店,243.0,3655,48.519846010885445,3907.525307797538,14282005,1394070,17409562,76,3849,2763,6612,2685,546,1030,624,293,0.40607985480943737,0.5939201451905627,0.5821234119782214,1895.925262179743,4.0,四星級,1
2023,12,台北市,圓山大飯店,473.0,13202,90.03614539998635,4073.729813664596,53781381,78649118,150312284,535,11772,14883,26655,14909,6592,718,594,937,0.5593322078409304,0.4406677921590696,0.44164321890827235,3667.829298233649,5.0,五星級,1
2023,12,台北市,天成大飯店,225.0,6588,94.45161290322581,4696.216302367941,30938673,32552030,67436508,299,13000,598,13598,1484,2909,1854,1364,1017,0.10913369613178409,0.8908663038682159,0.9560229445506692,4435.652043010752,4.0,四星級,1
2023,12,台北市,日勝生加賀屋國際溫泉飯店,89.0,1858,67.34324030445813,14441.2142088267,26831776,12927311,52925863,128,3757,416,4173,2626,126,37,758,216,0.6292834890965732,0.37071651090342683,0.9003115264797508,9725.181587531717,,無星等/未評鑑,0
2023,12,台北市,晶華酒店,538.0,14693,88.09809329655835,7128.74239433744,104742612,209544108,345369499,966,25500,2461,27961,9928,6035,3062,1576,3353,0.3550659847644934,0.6449340152355065,0.9119845499088015,6280.286125434704,5.0,五星級,1
2023,12,台北市,歐華酒店,112.0,2429,69.95967741935483,3697.262659530671,8980651,7136298,17750158,98,3815,688,4503,845,1355,309,508,331,0.18765267599378194,0.812347324006218,0.84721296913169,2586.593029953917,4.0,四星級,1
2023,12,台北市,漢普頓酒店,121.0,3250,86.6435617168755,3753.414461538462,12198597,4026872,18710105,55,3654,2364,6018,1079,2402,1293,239,219,0.17929544699235628,0.8207045530076438,0.6071784646061814,3252.0919754732076,,無星等/未評鑑,0
2023,12,台北市,福容大飯店  台北一館,120.0,2699,72.55376344086022,3555.27825120415,9595696,8729942,19229544,81,3940,552,4492,2000,249,230,273,448,0.4452359750667854,0.5547640249332146,0.8771148708815673,2579.488172043011,4.0,四星級,1
2023,12,台北市,福華大飯店,606.0,15916,84.7226658149686,4675.609449610455,74417000,46113000,138216000,505,27543,2694,30237,8050,4121,3399,1082,5028,0.26623011542150343,0.7337698845784966,0.910903859509872,3961.3009688065586,5.0,五星級,1
2023,12,台北市,第一大飯店,176.0,3216,58.94428152492669,2103.600435323383,6765179,9138733,36791314,32,814,4690,5504,948,1902,126,146,153,0.17223837209302326,0.8277616279069767,0.14789244186046513,1239.9521627565982,4.0,四星級,1
2023,12,台北市,美麗信花園酒店,203.0,5856,93.05577625933577,3480.555840163935,20382135,4138692,32300070,121,9758,2265,12023,1691,3521,1388,1499,783,0.14064709307161274,0.8593529069283873,0.811611078765699,3238.8582552041958,,無星等/未評鑑,0
2023,12,台北市,義華酒店,149.0,3186,68.97596882442087,3116.783113622097,9930071,164268,11223543,16,4754,246,5000,1604,217,324,267,1411,0.3208,0.6792,0.9508,2149.831348776792,,無星等/未評鑑,0
2023,12,台北市,老爺大酒店,202.0,5976,95.43276908335994,5768.645080321285,34473423,30736620,72765617,220,9916,189,10105,1254,5310,192,618,899,0.12409698169223157,0.8759030183077684,0.9812963879267689,5505.177738741615,5.0,五星級,1
2023,12,台北市,豪景大酒店,180.0,5058,90.64516129032259,2597.815342032424,13139750,22550,13330589,36,6198,5459,11657,1515,1864,1558,1069,113,0.12996482800034315,0.8700351719996569,0.531697692373681,2354.793906810036,3.0,三星級,1
2023,12,台北市,雀客旅館台北南京,58.0,1550,86.20689655172413,3597.181935483871,5575632,0,5575632,9,3000,297,3297,2400,0,126,266,289,0.7279344858962693,0.2720655141037307,0.9099181073703366,3101.018909899888,,無星等/未評鑑,0
2023,12,台北市,雀客藏居台北陽明山,50.0,934,60.258064516129025,5577.633832976446,5209510,2295982,8920467,32,1488,430,1918,1629,38,17,62,39,0.8493222106360793,0.15067778936392073,0.7758081334723671,3360.9741935483867,3.0,三星級,1
2023,12,台南市,台南大員皇冠假日酒店,230.0,4590,64.3758765778401,4021.051633986928,18456627,22012755,44482958,223,7096,2285,9381,8310,48,4,207,182,0.8858330668372242,0.11416693316277582,0.756422556230679,2588.587237026648,5.0,五星級,1
2023,12,台南市,台南大飯店,152.0,3039,64.49490662139219,2483.666008555446,7547861,10301262,18739066,121,5175,130,5305,2624,1058,103,192,261,0.4946277097078228,0.5053722902921771,0.9754948162111216,1601.8380730050933,3.0,三星級,1
2023,12,台南市,台南遠東香格里拉,330.0,7841,76.64711632453567,4361.167580665731,34195915,29501564,72565276,497,11289,2141,13430,6853,922,631,540,1640,0.5102755026061058,0.48972449739389423,0.8405807892777364,3342.7091886608014,5.0,五星級,1
2023,12,台南市,台糖長榮酒店(台南),197.0,5283,86.5072867201572,2775.109596819989,14660904,22237780,38035773,165,7315,3302,10617,9613,358,89,56,188,0.9054346802298201,0.0945653197701799,0.6889893566920976,2400.672015719666,5.0,五星級,1
2023,12,台南市,趣淘漫旅,198.0,4121,67.13913326816552,3286.171074981801,13542311,3018548,18444548,105,7384,3785,11169,11136,2,0,4,0,0.9970453934998657,0.002954606500134349,0.6611155877876265,2206.306777451939,3.0,三星級,1
2023,12,台南市,遠百企業觀光旅館,40.0,80,6.451612903225806,5050.0,404000,0,404000,23,80,0,80,80,0,0,0,0,1.0,0.0,1.0,325.80645161290323,,無星等/未評鑑,0
2023,12,台東縣,台東桂田喜來登酒店,290.0,3586,39.88876529477197,3941.582264361406,14134514,14755633,29990125,170,5047,3142,8189,7778,15,0,35,240,0.9498107216998413,0.050189278300158735,0.6163145683233606,1572.2484983314798,5.0,五星級,1
2023,12,台東縣,娜路彎大酒店,292.0,4628,51.12682280159081,5237.325410544511,24238342,14842798,44465324,182,10287,1302,11589,11433,6,0,60,48,0.986538959358012,0.013461040641988054,0.8876520838726378,2677.6780821917805,5.0,五星級,1
2023,12,台東縣,樂樂日暉溫泉酒店,48.0,673,45.22849462365591,2505.147102526003,1685964,0,1685964,9,1348,0,1348,1348,0,0,0,0,1.0,0.0,1.0,1133.0403225806451,,無星等/未評鑑,0
2023,12,台東縣,知本老爺大酒店,182.0,5026,89.0818858560794,5982.650019896538,30068799,13258655,48565491,201,9000,1975,10975,10299,28,0,59,166,0.9384054669703873,0.06159453302961271,0.8200455580865603,5329.457461892945,5.0,五星級,1
2023,12,嘉義市,耐斯王子大飯店,245.0,4078,53.69321922317314,2461.603727317312,10038420,11125924,24772377,118,3908,7092,11000,10320,291,16,11,33,0.9381818181818182,0.06181818181818177,0.3552727272727273,1321.7142857142856,5.0,五星級,1
2023,12,嘉義市,鈺通大飯店,120.0,1901,51.10215053763441,2152.09100473435,4091125,6769199,10912811,61,1176,725,1901,1708,72,26,14,24,0.8984744871120462,0.10152551288795375,0.6186217780115728,1099.7647849462364,3.0,三星級,1
2023,12,嘉義縣,名都觀光渡假大飯店,97.0,965,32.0917858330562,1891.745077720207,1825534,1870950,3839152,40,540,1949,2489,2489,0,0,0,0,1.0,0.0,0.21695460024106067,607.0947788493514,3.0,三星級,1
2023,12,嘉義縣,阿里山賓館(現代館),104.0,2103,65.22952853598015,10104.50071326676,21249765,7690564,29497154,98,3980,1705,5685,5034,8,0,53,171,0.8854881266490765,0.1145118733509235,0.7000879507475813,6591.118176178658,4.0,四星級,1
2023,12,基隆市,長榮桂冠酒店(基隆),140.0,3351,77.21198156682027,3173.668158758579,10634962,6611617,20647473,88,5392,1982,7374,6896,58,15,58,60,0.9351776512069433,0.0648223487930567,0.731217792243016,2450.4520737327184,5.0,五星級,1
2023,12,宜蘭縣,凱渡廣場酒店,285.0,2979,33.718166383701195,5786.485733467606,17237941,13802161,34159237,151,2544,4106,6650,6598,4,0,6,4,0.9921804511278195,0.007819548872180504,0.3825563909774436,1951.09688737974,,無星等/未評鑑,0
2023,12,宜蘭縣,山泉大飯店,146.0,3687,81.46266018559434,2044.352047735286,7537526,1801458,9830509,39,3024,4992,8016,6506,0,296,520,0,0.8116267465069861,0.18837325349301393,0.3772455089820359,1665.3835616438355,3.0,三星級,1
2023,12,宜蘭縣,幼獅大飯店,52.0,201,12.468982630272949,1543.283582089552,310200,0,328040,9,72,123,195,195,0,0,0,0,1.0,0.0,0.36923076923076925,192.4317617866004,3.0,三星級,1
2023,12,宜蘭縣,悅川酒店,103.0,2121,66.42655809583464,4513.417727487034,9572959,6538414,16111373,98,3495,2428,5923,5606,0,0,147,12,0.946479824413304,0.05352017558669597,0.590072598345433,2998.108048856874,4.0,四星級,1
2023,12,宜蘭縣,礁溪老爺酒店,197.0,5119,83.82184378581955,9592.543074819301,49104228,28476808,91372920,321,11024,2213,13237,12081,48,53,454,165,0.9126690337689809,0.0873309662310191,0.8328171035733172,8040.646471262486,5.0,五星級,1
2023,12,宜蘭縣,礁溪麒麟酒店,167.0,3273,63.22194321035348,4746.985945615643,15536885,0,15536885,38,9444,275,9719,9436,27,28,68,18,0.9708817779606955,0.029118222039304476,0.9717049079123367,3001.1367587405825,,無星等/未評鑑,0
2023,12,宜蘭縣,綠舞國際觀光飯店,113.0,1259,35.94062232372252,7144.398729150119,8994798,5177759,18080115,260,2228,1486,3714,3690,0,0,8,0,0.9935379644588045,0.00646203554119551,0.5998922994076468,2567.741364544676,4.0,四星級,1
2023,12,宜蘭縣,蘭城晶英酒店,193.0,4839,80.87915761323751,10797.61169663153,52249643,50315844,113790200,368,17515,666,18181,15770,13,0,957,249,0.8673890325064628,0.13261096749353718,0.9633683515758209,8733.017382583983,5.0,五星級,1
2023,12,宜蘭縣,長榮鳳凰酒店(礁溪),231.0,4956,69.20821114369502,6649.608958837773,32955462,24820033,64022425,257,9904,2951,12855,12427,8,36,208,61,0.9667055620381174,0.033294437961882584,0.770439517697394,4602.075408462506,5.0,五星級,1
2023,12,屏東縣,凱撒大飯店,281.0,5649,64.84904144185512,5967.972915560276,33713079,7716191,44410108,216,10694,2829,13523,12071,68,540,96,188,0.8926273755823412,0.10737262441765882,0.7908008577978259,3870.173229250373,5.0,五星級,1
2023,12,屏東縣,墾丁怡灣渡假酒店,234.0,3681,50.744416873449126,2617.281716924749,9634214,3740460,14173768,73,4492,3883,8375,3745,0,9,6,4,0.4471641791044776,0.5528358208955224,0.5363582089552239,1328.1243451888615,3.0,三星級,1
2023,12,屏東縣,墾丁福華渡假飯店,458.0,6001,42.26651641076208,3217.160973171138,19306183,8187451,28452597,251,7876,7459,15335,14466,94,162,59,124,0.9433322464949462,0.05666775350505382,0.5135963482230193,1359.7818706860119,5.0,五星級,1
2023,12,新北市,八里福朋喜來登酒店,241.0,4578,61.27693749163432,4569.308650065531,20918295,20251056,41229531,155,7243,3340,10583,9172,89,165,173,576,0.8666729660776717,0.13332703392232825,0.6843995086459416,2799.9324053004952,3.0,三星級,1
2023,12,新北市,大板根渡假酒店,95.0,2355,79.9660441426146,7106.0,16734630,17865540,57246413,228,3299,3766,7065,6603,0,15,195,78,0.9346072186836518,0.06539278131634818,0.4669497523000708,5682.387096774194,4.0,四星級,1
2023,12,新北市,板橋凱撒大飯店,400.0,11465,92.45967741935483,5071.487745311819,58144607,13834808,72363732,137,22590,1900,24490,13121,740,3714,2031,369,0.5357697019191506,0.46423029808084937,0.9224173131890567,4689.08120967742,5.0,五星級,1
2023,12,新北市,瓏山林台北中和飯店,126.0,2607,66.74347158218126,3657.176831607211,9534260,4274522,14634913,82,589,4926,5515,3015,116,466,359,259,0.5466908431550317,0.4533091568449683,0.10679963735267452,2440.926779313876,3.0,三星級,1
2023,12,新北市,碧特弗大飯店,55.0,342,20.05865102639296,2928.845029239766,1001665,457051,1458716,18,168,380,548,505,8,8,8,4,0.9215328467153284,0.07846715328467158,0.30656934306569344,587.4868035190615,,無星等/未評鑑,0
2023,12,新北市,福容大飯店    淡水漁人碼頭,198.0,4359,71.01661779081134,5162.28584537738,22502404,18009709,42456449,151,4335,7189,11524,10997,8,26,95,248,0.9542693509198195,0.04573064908018054,0.3761714682401944,3666.080808080808,4.0,四星級,1
2023,12,新北市,福容大飯店 福隆,174.0,1693,31.38672599184279,4705.950974601299,7967175,4942758,14085202,114,2505,1452,3957,3860,3,20,18,7,0.9754864796563053,0.024513520343694695,0.6330553449583017,1477.0439377085652,3.0,三星級,1
2023,12,新北市,美麗春天大飯店,34.0,0,0.0,,0,0,0,3,0,0,0,0,0,0,0,0,,,,,,無星等/未評鑑,0
2023,12,新竹市,新竹國賓大飯店,257.0,4564,57.286306012300734,3336.305433829973,15226898,38127593,60358962,274,6879,1260,8139,5629,440,259,81,441,0.6916083056886595,0.3083916943113405,0.8451898267600443,1911.2461403288557,4.0,四星級,1
2023,12,新竹市,新竹老爺大酒店,208.0,4366,67.71091811414392,2991.301878149336,13060024,15110723,29151743,164,5564,2038,7602,5880,649,92,47,319,0.7734806629834254,0.22651933701657456,0.7319126545645883,2025.4379652605462,4.0,四星級,1
2023,12,新竹縣,新竹喜來登大飯店,386.0,8362,69.881330436236,3857.136689787132,32253377,44120253,93445689,299,9748,1839,11587,5824,292,674,85,2216,0.5026322602917063,0.49736773970829373,0.841287649952533,2695.418435567441,4.0,四星級,1
2023,12,新竹縣,豐邑喜來登大飯店,384.0,5575,46.83299731182796,3856.906188340807,21502252,4084540,27898126,111,6499,1225,7724,3882,195,449,57,1477,0.5025893319523563,0.49741066804764367,0.8414034179181771,1806.3047715053765,4.0,四星級,1
2023,12,桃園市,南方莊園渡假飯店,111.0,1564,45.45190351641964,6214.695012787723,9719783,13606546,26393161,118,2650,1247,3897,3797,0,2,74,4,0.9743392353092122,0.02566076469078782,0.6800102643058763,2824.697181052019,4.0,四星級,1
2023,12,桃園市,古華花園飯店,255.0,7015,88.74130297280203,2942.811689237349,20643824,9722333,31587972,170,11256,1566,12822,4991,782,563,548,900,0.3892528466697863,0.6107471533302137,0.8778661675245671,2611.4894370651496,3.0,三星級,1
2023,12,桃園市,台北諾富特華航桃園機場飯店,516.0,11350,70.95523880970242,3826.978149779736,43436202,34040121,79222884,260,14146,1029,15175,5864,1118,282,265,1317,0.38642504118616144,0.6135749588138386,0.9321911037891268,2715.441485371343,4.0,四星級,1
2023,12,桃園市,名人堂花園大飯店,128.0,2400,60.483870967741936,5473.668333333333,13136804,23236575,45736861,345,6859,320,7179,6598,14,6,156,57,0.9190695082880624,0.08093049171193756,0.9554255467335283,3310.6864919354834,,無星等/未評鑑,0
2023,12,桃園市,和逸飯店桃園青埔館,218.0,5321,78.7363125184966,5740.274008644991,30543998,0,35039043,113,13919,0,13919,8728,206,132,1117,325,0.6270565414182053,0.3729434585817947,1.0,4519.680082864753,4.0,四星級,1
2023,12,桃園市,尊爵大飯店,218.0,4640,68.65936667653152,2752.211206896552,12770260,10908429,24644982,96,2605,4231,6836,978,367,594,95,173,0.1430661205383265,0.8569338794616734,0.381070801638385,1889.6507842556973,3.0,三星級,1
2023,12,桃園市,尊爵天際大飯店,250.0,6202,80.02580645161291,2472.14495324089,15332243,2886971,18531206,81,3851,5992,9843,952,219,728,77,215,0.09671848013816926,0.9032815198618307,0.39124250736564053,1978.353935483871,3.0,三星級,1
2023,12,桃園市,桃園喜來登酒店,189.0,3136,53.52449223416965,3186.276785714286,9992164,11732380,23671669,147,1877,1259,3136,1545,104,111,60,683,0.4926658163265306,0.5073341836734694,0.5985331632653061,1705.4384707287932,4.0,四星級,1
2023,12,桃園市,福容大飯店   桃園,182.0,4539,80.45019496632399,2138.764705882353,9707853,6269687,16041457,60,3485,1054,4539,2654,180,41,591,52,0.584710288609826,0.415289711390174,0.7677902621722846,1720.6403757532792,3.0,三星級,1
2023,12,桃園市,福容徠旅 林口,149.0,2372,51.35310673305911,3121.996627318718,7405376,6429,7411805,24,3035,1591,4626,1234,85,402,296,88,0.2667531344574146,0.7332468655425854,0.6560743623000432,1603.2422602294869,,無星等/未評鑑,0
2023,12,澎湖縣,寶華大飯店,74.0,134,5.841325196163906,1068.358208955224,143160,390,145550,15,75,85,160,160,0,0,0,0,1.0,0.0,0.46875,62.40627724498693,,無星等/未評鑑,0
2023,12,澎湖縣,澎湖福朋喜來登酒店,331.0,3093,30.14326089075139,2194.619139993534,6787957,10586133,19482664,208,5764,1201,6965,6277,15,4,2,104,0.9012203876525484,0.09877961234745158,0.8275664034458005,661.5297729266154,5.0,五星級,1
2023,12,花蓮縣,太魯閣晶英酒店,160.0,3999,80.625,11188.60765191298,44743242,12950936,63885403,210,6180,3950,10130,8455,22,14,54,623,0.8346495557749259,0.16535044422507406,0.6100691016781836,9020.81491935484,5.0,五星級,1
2023,12,花蓮縣,瑞穗天合國際觀光酒店,198.0,3677,59.905506679700224,11088.62986129997,40772892,5620281,48037796,215,6044,3431,9475,9226,4,0,73,81,0.9737203166226913,0.026279683377308682,0.6378891820580475,6642.699902248289,5.0,五星級,1
2023,12,花蓮縣,美侖大飯店,299.0,4202,45.333908728018116,4361.898619704903,18328698,8324844,28062296,205,7833,2883,10716,9242,46,45,81,310,0.862448674878686,0.13755132512131396,0.7309630459126539,1977.4191390657027,5.0,五星級,1
2023,12,花蓮縣,花蓮翰品酒店,156.0,2587,53.494623655913976,2671.465403942791,6911081,6228564,13557005,92,5751,840,6591,5878,161,5,73,97,0.8918221817630102,0.1081778182369898,0.8725534820209376,1429.0903639371381,,無星等/未評鑑,0
2023,12,花蓮縣,遠雄悅來大飯店,381.0,4251,35.99187198374397,5558.180663373324,23627826,15623393,44587464,352,7691,2919,10610,10259,7,13,44,0,0.9669180018850141,0.03308199811498591,0.7248821866163996,2000.4932689865382,5.0,五星級,1
2023,12,苗栗縣,馥藝金鬱金香酒店,191.0,3714,62.72589089680797,2565.595315024233,9528621,12392378,22667021,96,5721,3674,9395,8855,58,98,14,22,0.94252261841405,0.05747738158594995,0.6089409260244811,1609.292518155717,3.0,三星級,1
2023,12,金門縣,陸島酒店,47.0,80,5.490734385724091,1562.625,125010,12640,147800,11,7,151,158,158,0,0,0,0,1.0,0.0,0.04430379746835443,85.79958819492107,,無星等/未評鑑,0
2023,12,高雄市,寒軒國際大飯店,371.0,8772,76.27162855403878,2246.237460100319,19703995,17279154,37725731,202,8095,5136,13231,9733,986,561,379,102,0.7356208903333081,0.26437910966669187,0.6118207240571385,1713.2418920093903,5.0,五星級,1
2023,12,高雄市,承攜行旅 高雄六合館,269.0,3117,37.37858256385658,2112.824831568816,6585675,0,6585675,36,7812,1539,9351,6812,1328,321,278,326,0.7284782376216448,0.27152176237835524,0.8354186717998076,789.7439740976137,,無星等/未評鑑,0
2023,12,高雄市,晶英國際行館,147.0,1897,41.62826420890937,8310.730627306273,15765456,16009123,34935449,229,3278,309,3587,2651,50,171,252,157,0.7390577083914135,0.2609422916085865,0.9138555896292166,3459.612903225807,4.0,四星級,1
2023,12,高雄市,漢來大飯店,535.0,10880,65.60144709074464,3941.422702205882,42882679,87923840,150079490,907,14983,4464,19447,11985,1803,1219,465,763,0.616290430400576,0.38370956959942404,0.7704530261737029,2585.6303286101897,5.0,五星級,1
2023,12,高雄市,福容大飯店 高雄,250.0,4860,62.70967741935484,2562.765843621399,12455042,4790399,17259149,82,5370,3840,9210,7141,294,249,200,64,0.7753528773072746,0.22464712269272535,0.5830618892508144,1607.102193548387,3.0,三星級,1
2023,12,高雄市,義大皇家酒店,656.0,11285,55.492722265932336,3528.872396987151,39823325,24986276,68969091,392,14184,13713,27897,24891,51,1976,467,68,0.8922464781159264,0.10775352188407361,0.5084417679320357,1958.2673583792289,4.0,四星級,1
2023,12,高雄市,高雄圓山大飯店,105.0,2541,78.06451612903226,2473.453364817001,6285045,17619877,25585934,130,2995,2436,5431,4683,125,38,152,115,0.8622721414104216,0.13772785858957837,0.5514638188178973,1930.8894009216588,5.0,五星級,1
2023,12,高雄市,高雄福華大飯店,271.0,6456,76.84799428639447,2537.997521685254,16385312,27054693,47398300,292,9108,3801,12909,7584,2513,517,507,328,0.5874970950499652,0.41250290495003483,0.7055542644666511,1950.400190453517,5.0,五星級,1
2023,12,高雄市,高雄萬豪酒店,700.0,13994,64.48847926267281,5139.68793768758,71924793,92840959,180983120,712,20494,6274,26768,15609,679,600,1483,4675,0.5831216377764495,0.41687836222355046,0.7656156604901375,3314.5065898617513,5.0,五星級,1
2023,12,高雄市,麗尊大酒店,188.0,4039,69.30336307481126,2492.0,10065188,19434749,30502606,177,6452,1377,7829,5973,736,322,267,87,0.7629326861668156,0.23706731383318436,0.8241154681313066,1727.0398078242965,3.0,三星級,1
2024,1,南投縣,日月潭力麗溫德姆溫泉酒店,197.0,729,11.937121336172,7072.5569272977,5155894,2920325,8853852,172,1000,695,1695,1595,0,0,6,47,0.9410029498525073,0.05899705014749268,0.5899705014749262,844.2597019813645,5.0,五星級,1
2024,1,南投縣,涵碧樓大飯店,96.0,2390,80.309139784946,16258.705020921,38858305,8291753,52286363,293,3330,1332,4662,3836,142,44,75,273,0.8228228228228228,0.17717717717717718,0.7142857142857143,13057.226142473479,5.0,五星級,1
2024,1,南投縣,雲品溫泉酒店日月潭,207.0,4122,64.235624123422,11943.59631247,49231504,20151410,73749297,325,8154,2463,10617,9597,91,18,55,585,0.9039276631816897,0.09607233681831029,0.7680135631534332,7672.043634097118,5.0,五星級,1
2024,1,台中市,全國大飯店,178.0,2392,43.349039507068,2131.4034280936,5098317,10441854,18157427,74,3981,449,4430,3167,293,129,103,173,0.7148984198645598,0.2851015801354402,0.8986455981941309,923.9429140992963,5.0,五星級,1
2024,1,台中市,台中港酒店,200.0,3108,50.129032258064996,2783.8873873874,8652322,2517646,12144977,113,4772,86,4858,3224,529,75,46,19,0.6636475916014821,0.3363524083985179,0.982297241663236,1395.5358064516324,3.0,三星級,1
2024,1,台中市,台中福華大飯店,155.0,3966,82.539021852237,2592.6177508825,10282322,24054257,37712265,182,6748,462,7210,5258,238,117,58,129,0.7292649098474341,0.2707350901525659,0.9359223300970874,2139.9213319458822,5.0,五星級,1
2024,1,台中市,台中金典酒店,222.0,4266,61.98779424585899,2817.1694796062,12018045,26883538,49348189,269,5307,2716,8023,5950,477,286,128,297,0.7416178486850306,0.25838215131496944,0.6614732643649508,1746.3012205754278,5.0,五星級,1
2024,1,台中市,裕元花園酒店,149.0,3680,79.67092444252,3797.410326087,13974470,39757593,56583546,263,5654,817,6471,4805,171,339,131,270,0.7425436563127801,0.2574563436872199,0.8737443980837583,3025.4319116692263,5.0,五星級,1
2024,1,台中市,通豪大飯店,226.0,1166,16.642877533543,1189.4639794168,1386915,215950,1952737,36,1173,0,1173,1149,2,3,9,2,0.979539641943734,0.020460358056266004,1.0,197.9610333999451,3.0,三星級,1
2024,1,台中市,長榮桂冠酒店(台中),354.0,7021,63.978494623656005,2586.7484688791,18161561,30649757,55037914,243,6183,838,7021,4548,674,236,86,322,0.647770972795898,0.352229027204102,0.8806437829369036,1654.962730089319,5.0,五星級,1
2024,1,台中市,龍谷大飯店,189.0,1218,20.78853046595,1875.4827586207,2284338,845238,3515966,39,1769,1075,2844,2811,2,4,23,0,0.9883966244725738,0.011603375527426185,0.6220112517580872,389.88530465950373,,無星等/未評鑑,0
2024,1,台北市,JR東日本大飯店台北,288.0,7270,81.429211469534,5621.2331499312,40866365,31050588,76885875,259,11243,2324,13567,4713,3163,788,1358,788,0.347387042087418,0.652612957912582,0.828701997493919,4577.325828853024,4.0,四星級,1
2024,1,台北市,三德大飯店,287.0,4198,47.184444194672,1784.88708909,7492956,1763558,10651137,78,6668,172,6840,1936,1470,791,791,302,0.2830409356725146,0.7169590643274855,0.9748538011695906,842.1890524895766,3.0,三星級,1
2024,1,台北市,亞都麗緻大飯店,219.0,3424,50.434526439829,4425.0876168224,15151500,18506823,37337960,172,5715,0,5715,2240,1388,151,263,380,0.39195100612423445,0.6080489938757656,1.0,2231.7719840918926,4.0,四星級,1
2024,1,台北市,兄弟大飯店,250.0,4846,62.529032258065,3640.0965744944,17639908,54434053,77983644,450,4274,3113,7387,3495,1321,238,292,649,0.4731284689319074,0.5268715310680926,0.5785839989170164,2276.1171612903227,4.0,四星級,1
2024,1,台北市,北投老爺酒店,50.0,1160,74.838709677419,7140.4905172414,8282969,3868704,14411038,61,2399,107,2506,1867,54,40,292,83,0.7450119712689545,0.25498802873104554,0.9573024740622506,5343.850967741926,4.0,四星級,1
2024,1,台北市,北投麗禧溫泉酒店,66.0,1620,79.178885630499,16199.037654321,26242441,13534714,49910926,161,3107,109,3216,1659,86,286,512,240,0.5158582089552238,0.48414179104477617,0.9661069651741293,12826.217497556294,4.0,四星級,1
2024,1,台北市,台北W飯店,405.0,7438,59.243329350856,9651.4019897822,71787128,61624180,149022443,411,10828,656,11484,2218,729,269,1307,3225,0.19313827934517588,0.8068617206548241,0.9428770463253222,5717.811867781737,5.0,五星級,1
2024,1,台北市,台北中山雅樂軒酒店,88.0,2347,86.033724340176,4673.6024712399,10968945,353445,12594464,38,3636,0,3636,619,524,71,274,1052,0.17024202420242024,0.8297579757975797,1.0,4020.874266862189,,無星等/未評鑑,0
2024,1,台北市,台北凱撒大飯店,478.0,12060,81.387501687137,3845.2792703151,46374068,24946269,73916266,139,20295,3401,23696,5083,7541,3946,1714,986,0.21450877785280217,0.7854912221471978,0.8564736664415935,3129.5767310028314,4.0,四星級,1
2024,1,台北市,台北君品大酒店,277.0,5981,69.65179923139601,5161.2332385889,30869336,60519706,96485176,314,9962,952,10914,2245,2708,1210,889,826,0.20569910207073483,0.7943008979292652,0.9127725856697819,3594.891813206019,5.0,五星級,1
2024,1,台北市,台北君悅酒店,850.0,19820,75.218216318786,5650.0609989909,111984209,124063971,266369905,541,25298,8412,33710,13359,1353,1785,854,11173,0.39629190151290417,0.6037080984870958,0.7504598042123999,4249.875104364337,5.0,五星級,1
2024,1,台北市,台北寒舍喜來登大飯店,688.0,15234,71.427231807952,4828.2440593409,73553470,163857394,263207968,794,18841,5924,24765,6039,5913,1888,1100,5016,0.24385221078134464,0.7561477892186553,0.760791439531597,3448.681076519096,5.0,五星級,1
2024,1,台北市,台北寒舍艾美酒店,160.0,4191,84.49596774193499,9697.28394178,40641317,84047805,137372902,356,5706,199,5905,2447,174,63,679,1170,0.41439458086367487,0.5856054191363251,0.9662997459779847,8193.813911290272,5.0,五星級,1
2024,1,台北市,台北漢來大飯店,424.0,3302,25.121728545344002,5348.2401574803,17659889,82076514,115310988,425,5286,408,5694,4840,189,105,68,96,0.8500175623463295,0.14998243765367048,0.928345626975764,1343.5703743152794,5.0,五星級,1
2024,1,台北市,台北美福大飯店,146.0,3019,66.70349094122801,6851.0861212322,20683429,93403913,123934382,327,5452,414,5866,2591,391,950,249,810,0.44169792021820664,0.5583020797817934,0.9294237981588817,4569.91361025185,6.0,卓越五星,1
2024,1,台北市,台北艾麗酒店,235.0,5021,68.922443376802,6502.3262298347,32648180,25246123,64366352,181,6610,626,7236,1904,146,171,1123,860,0.2631288004422333,0.7368711995577667,0.9134881149806523,4481.562113932765,5.0,五星級,1
2024,1,台北市,台北花園大酒店,241.0,6258,83.763887029849,2658.7571108981,16638502,32084861,58321837,153,13600,879,14479,971,610,8989,531,396,0.06706264244768285,0.9329373575523171,0.9392913875267629,2227.0783027707616,4.0,四星級,1
2024,1,台北市,台北萬豪酒店,318.0,8579,87.025765875431,6270.8523137895,53797642,117459112,212139060,511,9913,2332,12245,3015,430,1629,428,4477,0.2462229481420988,0.7537770518579012,0.8095549203756636,5457.257252992498,5.0,五星級,1
2024,1,台北市,台北遠東香格里拉,420.0,8779,67.42703533026099,6265.1374871853,55001642,83317904,156419574,478,12126,2484,14610,3153,1401,751,1067,3631,0.21581108829568788,0.7841889117043122,0.8299794661190965,4224.396466973858,5.0,五星級,1
2024,1,台北市,合尊酒店 S Hotel,101.0,928,29.639092941551997,3943.3599137931,3659438,391926,4521428,62,1801,0,1801,935,50,0,152,136,0.5191560244308717,0.4808439755691283,1.0,1168.7761098690416,,無星等/未評鑑,0
2024,1,台北市,國王大飯店,97.0,2052,68.24077153308899,1703.8153021442,3496229,789272,4304195,47,616,1436,2052,180,1770,25,15,18,0.08771929824561403,0.9122807017543859,0.3001949317738791,1162.6967076820333,3.0,三星級,1
2024,1,台北市,國聯大飯店,243.0,1063,14.111243860347999,3115.4242709313,3311696,1216900,5046764,79,955,752,1707,672,366,197,56,40,0.3936731107205624,0.6063268892794376,0.5594610427650849,439.62511615558446,4.0,四星級,1
2024,1,台北市,圓山大飯店,473.0,7396,50.439882697947006,4376.4072471606,32367908,87459930,140059502,529,7344,7466,14810,6308,4709,419,256,1092,0.4259284267386901,0.57407157326131,0.49588116137744764,2207.454681852258,5.0,五星級,1
2024,1,台北市,天成大飯店,225.0,6303,90.365591397849,3689.3515786134,23253983,54683313,84083903,301,12675,579,13254,1736,3375,3342,1000,780,0.13097932699562395,0.869020673004376,0.9563150746944319,3333.904372759877,4.0,四星級,1
2024,1,台北市,日勝生加賀屋國際溫泉飯店,89.0,1200,43.494019572309,13120.175,15744210,9586284,35480776,129,2344,262,2606,1881,135,18,274,66,0.7217958557175749,0.2782041442824251,0.8994627782041443,5706.491482421192,,無星等/未評鑑,0
2024,1,台北市,晶華酒店,538.0,12807,76.789782947596,6084.4249238698,77923230,232571999,339368598,1009,20819,2599,23418,8629,4920,3366,883,2360,0.36847723973012214,0.6315227602698779,0.8890169954735674,4672.216692649053,5.0,五星級,1
2024,1,台北市,歐華酒店,112.0,1450,41.76267281106,3674.1227586207,5327478,6308081,12848165,96,1720,696,2416,393,1081,154,111,180,0.1626655629139073,0.8373344370860927,0.7119205298013245,1534.411866359455,4.0,四星級,1
2024,1,台北市,漢普頓酒店,121.0,2825,75.313249800053,2278.0651327434,6435534,3260604,11672947,58,3788,1937,5725,1656,1734,1668,279,175,0.28925764192139736,0.7107423580786026,0.6616593886462883,1715.684884030946,,無星等/未評鑑,0
2024,1,台北市,福容大飯店  台北一館,120.0,2699,72.55376344086,2734.0696554279,7379254,12678533,21363124,81,2991,857,3848,1726,275,113,164,195,0.44854469854469853,0.5514553014553014,0.7772869022869023,1983.6704301074947,4.0,四星級,1
2024,1,台北市,福華大飯店,606.0,11123,59.208985414671,4331.1157061944,48175000,58596000,123729000,488,18844,2110,20954,6873,1925,3420,549,3210,0.3280041996754796,0.6719958003245203,0.8993032356590627,2564.4096667731674,5.0,五星級,1
2024,1,台北市,第一大飯店,176.0,2337,42.83357771261,1764.080017116,4122655,8638727,33558759,33,758,2831,3589,1001,1455,30,84,129,0.2789077737531346,0.7210922262468654,0.21120089161326275,755.6185850440056,4.0,四星級,1
2024,1,台北市,美麗信花園酒店,203.0,5952,94.581280788177,2376.9638776882,14147689,4836886,27590158,119,10332,1798,12130,2168,3433,2021,1035,772,0.17873042044517726,0.8212695795548227,0.8517724649629019,2248.162879389816,,無星等/未評鑑,0
2024,1,台北市,義華酒店,149.0,2508,54.297466984196,3408.8899521531,8549496,177826,9778567,16,3268,340,3608,1220,114,364,128,1058,0.33813747228381374,0.6618625277161863,0.9057649667405765,1850.9408962979041,,無星等/未評鑑,0
2024,1,台北市,老爺大酒店,202.0,5344,85.340146917918,4967.3547904192,26545544,35167737,68851512,218,7867,299,8166,1653,4752,168,286,404,0.2024246877296106,0.7975753122703895,0.9633847661033553,4239.147876077984,5.0,五星級,1
2024,1,台北市,豪景大酒店,180.0,3997,71.63082437276,2169.9094320741,8673128,13780,9206196,36,6448,2620,9068,1447,1273,1686,974,142,0.15957212174680194,0.8404278782531981,0.7110719011910013,1554.3240143369526,3.0,三星級,1
2024,1,台北市,雀客旅館台北南京,56.0,1411,81.278801843318,2697.5386250886,3806227,0,3806227,9,2100,740,2840,2000,142,80,122,64,0.704225352112676,0.295774647887324,0.7394366197183099,2192.5270737327282,,無星等/未評鑑,0
2024,1,台北市,雀客藏居台北陽明山,50.0,619,39.935483870968,4608.9676898223,2852951,2006849,5948402,32,1028,156,1184,911,32,28,64,55,0.7694256756756757,0.23057432432432434,0.8682432432432432,1840.613548387111,3.0,三星級,1
2024,1,台南市,台南大員皇冠假日酒店,230.0,4032,56.549789621318006,3740.4253472222,15081395,22345922,41253104,215,6637,2201,8838,7256,27,43,13,267,0.8210002262955419,0.17899977370445808,0.7509617560534058,2115.2026647966077,5.0,五星級,1
2024,1,台南市,台南大飯店,152.0,2991,63.47623089983,2016.3229689067,6030822,13002125,19888837,120,4619,622,5241,3209,933,191,139,123,0.6122877313489792,0.3877122686510208,0.8813203587101698,1279.8858234295244,3.0,三星級,1
2024,1,台南市,台南遠東香格里拉,330.0,6619,64.70185728250199,3827.0403384197,25331180,32831336,66535223,503,10320,875,11195,5985,761,709,289,1279,0.5346136668155427,0.4653863331844573,0.9218401071907102,2476.1661779080955,5.0,五星級,1
2024,1,台南市,台糖長榮酒店(台南),197.0,4836,79.187817258883,2410.1412324235,11655443,28882985,41834470,167,7207,2204,9411,8372,246,24,31,332,0.8895972797789821,0.11040272022101794,0.7658059717352035,1908.5382348125117,5.0,五星級,1
2024,1,台南市,趣淘漫旅,198.0,3243,52.834799608993,2994.2072155412,9710214,2019719,13303400,104,6962,2225,9187,9179,0,0,2,0,0.9991292043104386,0.0008707956895613878,0.7578099488407533,1581.9833822092023,3.0,三星級,1
2024,1,台南市,遠百企業觀光旅館,40.0,80,6.451612903225799,505.0,40400,0,40400,23,80,0,80,80,0,0,0,0,1.0,0.0,1.0,32.580645161290285,,無星等/未評鑑,0
2024,1,台東縣,台東桂田喜來登酒店,290.0,2295,25.528364849833,3606.7830065359,8277567,12186545,21531579,175,4005,1499,5504,5218,21,1,15,150,0.9480377906976745,0.051962209302325535,0.7276526162790697,920.7527252502606,5.0,五星級,1
2024,1,台東縣,娜路彎大酒店,292.0,4198,46.37649138312,4785.3620771796,20088950,13313488,34035699,182,9904,1225,11129,11009,8,8,30,46,0.989217360050319,0.010782639949680983,0.8899272171803396,2219.2830313742893,5.0,五星級,1
2024,1,台東縣,樂樂日暉溫泉酒店,48.0,364,24.462365591398,2502.9093406593,911059,0,911059,9,731,0,731,731,0,0,0,0,1.0,0.0,1.0,612.2708333333272,,無星等/未評鑑,0
2024,1,台東縣,知本老爺大酒店,182.0,4554,80.71605813541301,5755.623407993,26211109,12434760,43211964,203,8942,1329,10271,9825,16,0,23,96,0.9565767695453218,0.04342323045467822,0.8706065621653198,4645.7123360510695,5.0,五星級,1
2024,1,嘉義市,耐斯王子大飯店,245.0,2893,38.090849242923,2347.7324576564,6791990,13495751,22488796,116,3424,4355,7779,7298,42,36,2,91,0.9381668594935082,0.0618331405064918,0.44015940352230365,894.2712310730703,5.0,五星級,1
2024,1,嘉義市,鈺通大飯店,120.0,1797,48.306451612903004,1680.9922092376,3020743,6469576,9854199,61,1116,2295,3411,1896,7,1500,0,2,0.55584872471416,0.44415127528584,0.32717678100263853,812.0276881720305,3.0,三星級,1
2024,1,嘉義縣,名都觀光渡假大飯店,97.0,392,13.036248752910002,1668.1096938776,653899,770410,1443306,40,316,636,952,952,0,0,0,0,1.0,0.0,0.3319327731092437,217.45892916528948,3.0,三星級,1
2024,1,嘉義縣,阿里山賓館(現代館),104.0,1133,35.142679900744,9366.7537511033,10612532,5155459,16220140,102,2085,893,2978,2826,10,0,0,34,0.948959032907992,0.051040967092008005,0.7001343183344526,3291.7282878411643,4.0,四星級,1
2024,1,基隆市,長榮桂冠酒店(基隆),140.0,2745,63.248847926267004,3044.0750455373,8355986,5636609,16931116,86,5124,824,5948,5621,58,43,25,56,0.9450235373234701,0.05497646267652989,0.8614660390047074,1925.3423963133298,5.0,五星級,1
2024,1,宜蘭縣,凱渡廣場酒店,285.0,2045,23.146576117713998,5331.4513447433,10902818,11214759,24259822,146,963,3762,4725,4710,0,0,6,3,0.9968253968253968,0.0031746031746031633,0.2038095238095238,1234.0484436898944,,無星等/未評鑑,0
2024,1,宜蘭縣,山泉大飯店,146.0,2420,53.468846663721,2013.776446281,4873339,1693122,6912064,41,2804,2678,5482,4322,0,678,264,0,0.7883983947464429,0.2116016052535571,0.5114921561473914,1076.7430402121179,3.0,三星級,1
2024,1,宜蘭縣,幼獅大飯店,55.0,172,10.087976539589,1548.2558139535,266300,0,278800,8,86,123,209,209,0,0,0,0,1.0,0.0,0.41148325358851673,156.1876832844518,3.0,三星級,1
2024,1,宜蘭縣,悅川酒店,103.0,1881,58.91011587848401,3993.1212121212,7511061,6672418,14183479,99,3241,2161,5402,5341,0,2,23,10,0.98870788596816,0.01129211403184005,0.5999629766753054,2352.352333228924,4.0,四星級,1
2024,1,宜蘭縣,礁溪老爺酒店,197.0,4614,75.552644506304,9035.244473342,41688618,25841058,78910091,324,10238,1784,12022,11360,45,55,176,146,0.9449342871402429,0.05506571285975714,0.8516053901181168,6826.36613721956,5.0,五星級,1
2024,1,宜蘭縣,礁溪麒麟酒店,167.0,2192,42.341124203206,4240.1186131387,9294340,0,9294340,39,3562,1918,5480,4951,18,78,185,9,0.9034671532846715,0.09653284671532847,0.65,1795.3138883523127,,無星等/未評鑑,0
2024,1,宜蘭縣,綠舞國際觀光飯店,113.0,992,28.318584070796,6728.3296370968,6674503,4067382,14014768,255,1755,1170,2925,2912,0,0,0,0,0.9955555555555555,0.004444444444444473,0.6,1905.3676848415407,4.0,四星級,1
2024,1,宜蘭縣,蘭城晶英酒店,193.0,4531,75.731238509109,9994.9587287574,45287158,39732950,94695951,364,16778,658,17436,16968,22,0,74,119,0.9731589814177564,0.026841018582243636,0.9622619866941959,7569.306033762276,5.0,五星級,1
2024,1,宜蘭縣,長榮鳳凰酒店(礁溪),231.0,3438,48.010054461667,5882.2760325771,20223265,24597409,49816481,254,7473,1804,9277,9024,9,22,100,59,0.9727282526678883,0.027271747332111684,0.805540584240595,2824.0839268258505,5.0,五星級,1
2024,1,屏東縣,凱撒大飯店,281.0,4621,53.047870508551995,4979.908461372,23012157,5909838,30534547,215,10974,762,11736,11070,39,274,34,115,0.9432515337423313,0.05674846625766872,0.9350715746421268,2641.735392033042,5.0,五星級,1
2024,1,屏東縣,墾丁怡灣渡假酒店,234.0,2658,36.641852770884995,3224.7893152746,8571490,957764,9751366,76,2813,1948,4761,2517,0,4,0,0,0.5286704473850031,0.47132955261499687,0.5908422600294055,1181.6225530741494,3.0,三星級,1
2024,1,屏東縣,墾丁福華渡假飯店,458.0,4935,34.758416678405,2734.905775076,13496760,6525576,20681154,254,6917,7640,14557,13860,77,126,11,98,0.952119255341073,0.047880744658927,0.4751665865219482,950.6099450626779,5.0,五星級,1
2024,1,新北市,八里福朋喜來登酒店,241.0,2804,37.531789586401,3292.2360912981,9231430,152527440,161783860,156,3834,2459,6293,5635,87,27,24,304,0.8954393770856507,0.10456062291434931,0.609248371206102,1235.6351224735554,3.0,三星級,1
2024,1,新北市,大板根渡假酒店,95.0,2315,78.607809847199,6595.0,15267425,17518561,51421218,228,3216,3729,6945,6708,3,33,51,54,0.9658747300215983,0.03412526997840171,0.4630669546436285,5184.1850594227735,4.0,四星級,1
2024,1,新北市,板橋凱撒大飯店,400.0,9864,79.548387096774,4288.5062854826,42301826,10733844,53090590,138,18704,1714,20418,10702,856,4158,1194,493,0.5241453619355471,0.47585463806445294,0.9160544617494367,3411.437580645182,5.0,五星級,1
2024,1,新北市,瓏山林台北中和飯店,126.0,1325,33.922171018945,2754.3728301887,3649544,3742228,7814604,81,2825,41,2866,1835,61,218,105,108,0.6402651779483601,0.35973482205163987,0.9856943475226797,934.3430619559664,3.0,三星級,1
2024,1,新北市,碧特弗大飯店,55.0,276,16.187683284456998,2800.9528985507,773063,205392,978455,18,102,188,290,248,4,0,0,0,0.8551724137931035,0.1448275862068965,0.35172413793103446,453.40938416420545,,無星等/未評鑑,0
2024,1,新北市,福容大飯店    淡水漁人碼頭,198.0,2916,47.507331378299,6074.8936899863,17714390,16332969,35336658,151,2846,4690,7536,7248,9,25,21,197,0.9617834394904459,0.03821656050955413,0.3776539278131635,2886.019876181168,4.0,四星級,1
2024,1,新北市,福容大飯店 福隆,174.0,995,18.446421950315,4414.2271356784,4392156,3711740,9563964,112,1191,1219,2410,2369,2,3,4,3,0.9829875518672199,0.017012448132780134,0.4941908713692946,814.2669632925415,3.0,三星級,1
2024,1,新北市,美麗春天大飯店,34.0,0,0.0,,0,0,0,3,0,0,0,0,0,0,0,0,,,,,,無星等/未評鑑,0
2024,1,新竹市,新竹國賓大飯店,257.0,4777,59.959834316556005,3361.9681808667,16060122,50966959,75411984,280,6523,1420,7943,5134,415,244,75,572,0.6463552813798313,0.35364471862016866,0.8212262369381845,2015.8305510230055,4.0,四星級,1
2024,1,新竹市,新竹老爺大酒店,208.0,4271,66.237593052109,3198.0494029501,13658869,19767992,34659578,162,5631,858,6489,4058,606,136,16,715,0.6253660040067807,0.37463399599321934,0.8677762367082755,2118.310949131489,4.0,四星級,1
2024,1,新竹縣,新竹喜來登大飯店,386.0,8580,71.703158950359,4042.4820512821,34684496,64509913,111680197,271,9715,1036,10751,4077,224,691,51,2745,0.37922053762440705,0.6207794623755929,0.9036368709887452,2898.5873307705374,4.0,四星級,1
2024,1,新竹縣,豐邑喜來登大飯店,384.0,5720,48.051075268817,4042.4821678322,23122998,3508615,29066019,107,6477,690,7167,2718,150,460,34,1830,0.3792381749686061,0.6207618250313939,0.9037254081205526,1942.4561491935558,4.0,四星級,1
2024,1,桃園市,南方莊園渡假飯店,111.0,1096,31.851206044754,5470.1487226277,5995283,29832925,39221369,121,2190,569,2759,2717,4,0,20,0,0.9847770931496919,0.015222906850308138,0.7937658571946358,1742.308340598628,4.0,四星級,1
2024,1,桃園市,古華花園飯店,255.0,6654,84.174573055028,2933.6400661256,19520441,10552420,32876942,168,10438,1318,11756,5870,698,493,298,757,0.49931949642735624,0.5006805035726438,0.8878870364069411,2469.379000632465,3.0,三星級,1
2024,1,桃園市,台北諾富特華航桃園機場飯店,516.0,10592,66.216554138535,3215.3844410876,34057352,24510704,63321451,259,12387,909,13296,5178,1244,177,109,1397,0.3894404332129964,0.6105595667870036,0.9316335740072202,2129.1167791948014,4.0,四星級,1
2024,1,桃園市,名人堂花園大飯店,128.0,2210,55.695564516129004,5477.4009049774,12105056,24996130,44490090,323,6013,402,6415,6189,22,8,15,81,0.9647700701480905,0.035229929851909536,0.9373343725643024,3050.669354838722,,無星等/未評鑑,0
2024,1,桃園市,和逸飯店桃園青埔館,218.0,5058,74.84462858834,4726.7603795967,23907954,0,28415944,112,10918,0,10918,8056,217,337,218,499,0.7378640776699029,0.2621359223300971,1.0,3537.72625036996,4.0,四星級,1
2024,1,桃園市,尊爵大飯店,218.0,3645,53.93607576206,2607.2436213992,9503403,17349310,28017658,95,1485,4014,5499,807,173,577,20,55,0.14675395526459356,0.8532460447354064,0.2700490998363339,1406.2448949393493,3.0,三星級,1
2024,1,桃園市,尊爵天際大飯店,250.0,5475,70.645161290323,2504.5296803653,13712300,6035408,20158058,76,2520,5845,8365,701,139,400,0,0,0.08380155409444112,0.9161984459055589,0.301255230125523,1769.3290322580774,3.0,三星級,1
2024,1,桃園市,桃園喜來登酒店,189.0,2262,38.607270865335,3003.1609195402,6793150,15023989,23204515,142,2628,1034,3662,1652,170,28,37,871,0.4511196067722556,0.5488803932277444,0.7176406335335882,1159.4384707287704,4.0,四星級,1
2024,1,桃園市,福容大飯店   桃園,182.0,4211,74.636653668912,2346.9358822133,9882947,7231032,17209456,60,3934,277,4211,2387,236,339,760,44,0.5668487295179292,0.4331512704820708,0.9342199002612206,1751.6744062389653,3.0,三星級,1
2024,1,桃園市,福容徠旅 林口,149.0,1362,29.486901926824,2781.6659324523,3788629,0,3788629,23,2244,555,2799,1323,104,165,85,40,0.47266881028938906,0.527331189710611,0.8017148981779206,820.2271054340839,,無星等/未評鑑,0
2024,1,澎湖縣,寶華大飯店,74.0,73,3.1822144725371,1173.2876712329,85650,3120,90770,14,73,72,145,145,0,0,0,0,1.0,0.0,0.503448275862069,37.33653007846686,,無星等/未評鑑,0
2024,1,澎湖縣,澎湖福朋喜來登酒店,331.0,2322,22.629373355423,2118.6093884582,4919411,11123746,17901403,207,4253,820,5073,4418,0,10,0,446,0.8708850778631974,0.12911492213680265,0.8383599448058349,479.42802845725004,5.0,五星級,1
2024,1,花蓮縣,太魯閣晶英酒店,160.0,3398,68.508064516129,10660.925838729,36225826,10975423,52713328,209,7107,2123,9230,8005,20,61,10,369,0.8672806067172264,0.1327193932827736,0.7699891657638136,7303.593951613129,5.0,五星級,1
2024,1,花蓮縣,瑞穗天合國際觀光酒店,198.0,3609,58.797653958944,10491.671377113,37864442,5807206,45306252,211,7170,2907,10077,9968,11,0,16,21,0.9891832886771856,0.010816711322814365,0.7115212860970527,6168.856630824476,5.0,五星級,1
2024,1,花蓮縣,美侖大飯店,299.0,2887,31.146833531125,3970.4932455837,11462814,7280429,19869495,201,6406,1728,8134,7606,28,10,12,111,0.9350872879272191,0.06491271207278093,0.787558396852717,1236.6829215665173,5.0,五星級,1
2024,1,花蓮縣,花蓮翰品酒店,156.0,2432,50.289495450786006,2401.6188322368,5840737,8172198,14351537,91,5941,732,6673,6180,129,25,38,123,0.9261201858234677,0.07387981417653233,0.8903042109995504,1207.7619933829455,,無星等/未評鑑,0
2024,1,花蓮縣,遠雄悅來大飯店,381.0,3187,26.983320633308,5291.8060872294,16864986,14891111,36449408,366,6591,1676,8267,8080,10,3,16,39,0.9773799443570824,0.02262005564291758,0.7972662392645458,1427.9050038100195,5.0,五星級,1
2024,1,苗栗縣,馥藝金鬱金香酒店,191.0,3278,55.362269886842995,2486.28828554,8150053,6875765,15532222,93,5352,1916,7268,6791,56,180,8,1,0.9343698403962576,0.06563015960374241,0.7363786461199779,1376.4656308056165,3.0,三星級,1
2024,1,金門縣,陸島酒店,47.0,35,2.4021962937543,2155.0857142857,75428,5280,85568,11,57,9,66,56,0,0,0,0,0.8484848484848485,0.1515151515151515,0.8636363636363636,51.769389155799466,,無星等/未評鑑,0
2024,1,高雄市,寒軒國際大飯店,371.0,7609,66.1594643944,2104.7270337758,16014868,19530225,36057912,200,7530,4397,11927,8669,1078,472,383,150,0.7268382661188899,0.2731617338811101,0.631340655655236,1392.4761325102115,5.0,五星級,1
2024,1,高雄市,承攜行旅 高雄六合館,269.0,1611,19.318863173042,2117.339540658,3411034,0,3411034,36,4823,1631,6454,3544,1054,223,102,35,0.5491168267740936,0.45088317322590643,0.7472885032537961,409.045928768435,,無星等/未評鑑,0
2024,1,高雄市,晶英國際行館,147.0,1751,38.424402018872,7156.1273557967,12530379,12049181,27873368,219,3097,154,3251,2717,59,58,110,106,0.8357428483543525,0.16425715164564747,0.9526299600123039,2749.6991441737987,4.0,四星級,1
2024,1,高雄市,漢來大飯店,535.0,7604,45.848658426289,3621.5948185166,27538607,91531828,137393482,863,9608,3607,13215,7975,1184,1497,144,678,0.6034808929247067,0.39651910707529325,0.7270525917517972,1660.452637925857,5.0,五星級,1
2024,1,高雄市,福容大飯店 高雄,250.0,3772,48.670967741935,2377.4419406151,8967711,5459161,14458523,82,4072,3398,7470,6244,405,288,146,39,0.8358768406961178,0.16412315930388222,0.5451137884872824,1157.124000000009,3.0,三星級,1
2024,1,高雄市,義大皇家酒店,656.0,8599,42.2846184107,2548.2593324805,21912482,22069899,48223937,392,8279,13286,21565,18208,30,3032,64,44,0.8443310920472988,0.15566890795270116,0.383909111987016,1077.5217348544302,4.0,四星級,1
2024,1,高雄市,高雄圓山大飯店,105.0,1827,56.129032258065,2682.8308702791,4901532,15943745,23387122,130,2290,1794,4084,3692,160,18,13,76,0.9040156709108716,0.09598432908912835,0.5607247796278159,1505.847004608282,5.0,五星級,1
2024,1,高雄市,高雄福華大飯店,271.0,5982,71.205808832282,2403.9898027416,14380667,30761649,48105182,292,8179,2758,10937,5987,1677,1111,516,232,0.5474078815031544,0.45259211849684555,0.7478284721587273,1711.780383287737,5.0,五星級,1
2024,1,高雄市,高雄萬豪酒店,700.0,12766,58.829493087558006,4778.6317562275,61004013,113350089,189949584,708,18887,3988,22875,14390,668,900,633,3691,0.6290710382513661,0.3709289617486339,0.8256612021857923,2811.244838709709,5.0,五星級,1
2024,1,高雄市,麗尊大酒店,188.0,3113,53.414550446122,2452.0,7633076,18407985,26855723,177,5023,469,5492,3660,753,372,266,90,0.6664238892935178,0.3335761107064822,0.9146030589949017,1309.7247769389114,3.0,三星級,1
2024,2,南投縣,日月潭力麗溫德姆溫泉酒店,197.0,1046,18.309119551899002,9089.3824091778,9507494,3664468,14397986,176,2290,341,2631,2370,0,0,13,156,0.9007981755986317,0.09920182440136827,0.8703914861269479,1664.1858918256412,5.0,五星級,1
2024,2,南投縣,涵碧樓大飯店,96.0,2301,82.650862068966,16306.220338983,37520613,9595030,52046853,298,4118,590,4708,4171,146,6,16,149,0.8859388275276125,0.11406117247238745,0.8746813933729821,13477.23168103452,5.0,五星級,1
2024,2,南投縣,雲品溫泉酒店日月潭,207.0,4530,75.462268865567,15748.870640177,71342384,24393735,101955108,336,10768,1653,12421,11430,97,4,90,316,0.920215763626117,0.07978423637388299,0.8669189276225747,11884.45510578071,5.0,五星級,1
2024,2,台中市,全國大飯店,178.0,2422,46.919798527702,2617.1333608588,6338697,7858034,16245254,76,4085,878,4963,4071,276,33,55,150,0.8202699979850897,0.1797300020149103,0.8230908724561757,1227.9537001162253,5.0,五星級,1
2024,2,台中市,台中港酒店,200.0,3143,54.189655172414,3654.1950365892,11485135,2540908,15032260,106,5450,127,5577,3962,517,67,42,45,0.7104177873408642,0.28958221265913575,0.9772279003048234,1980.195689655155,3.0,三星級,1
2024,2,台中市,台中福華大飯店,155.0,3902,86.807563959956,3449.8439261917,13461291,24589629,41354741,177,7948,596,8544,6775,618,167,79,110,0.7929541198501873,0.20704588014981273,0.9302434456928839,2994.725472747517,5.0,五星級,1
2024,2,台中市,台中金典酒店,222.0,4338,67.381174277726,3615.4578146611,15683856,26337471,52711182,253,7376,2148,9524,7783,265,214,102,131,0.8171986560268795,0.18280134397312053,0.7744645107097858,2436.13793103446,5.0,五星級,1
2024,2,台中市,裕元花園酒店,149.0,3305,76.486924323073,4527.0919818457,14962039,38995067,58388017,278,5894,566,6460,5679,179,106,70,98,0.8791021671826625,0.12089783281733746,0.9123839009287926,3462.633418190226,5.0,五星級,1
2024,2,台中市,通豪大飯店,226.0,1734,26.457125419590998,1647.2612456747,2856351,113365,3319588,34,1827,0,1827,1776,3,12,8,2,0.9720853858784894,0.02791461412151064,1.0,435.8179737564723,3.0,三星級,1
2024,2,台中市,長榮桂冠酒店(台中),354.0,5874,57.218001168906994,3258.557030984,19140764,31719585,56036682,243,5340,534,5874,4830,330,63,0,108,0.822267620020429,0.17773237997957103,0.9090909090909091,1864.4812000779261,5.0,五星級,1
2024,2,台中市,龍谷大飯店,189.0,1152,21.018062397373,2752.5442708333,3170931,1242014,4890954,38,2580,547,3127,3098,3,9,10,0,0.9907259354013431,0.009274064598656873,0.8250719539494723,578.5314723590586,,無星等/未評鑑,0
2024,2,台北市,JR東日本大飯店台北,288.0,6073,72.713122605364,5687.4157747407,34539676,28885683,68091846,254,11171,302,11473,3615,2877,1027,1512,706,0.3150875969667916,0.6849124030332083,0.9736773293820273,4135.497605364018,4.0,四星級,1
2024,2,台北市,三德大飯店,287.0,3512,42.196323441067,2064.0022779043,7248776,2245822,12019815,78,5628,342,5970,1898,1170,521,695,211,0.31792294807370186,0.6820770519262982,0.942713567839196,870.9330770154891,3.0,三星級,1
2024,2,台北市,亞都麗緻大飯店,219.0,2842,44.748858447489,4403.8954961295,12515871,19062375,34238417,174,4886,0,4886,1888,1591,189,184,273,0.3864101514531314,0.6135898485468686,1.0,1970.6929617383335,4.0,四星級,1
2024,2,台北市,兄弟大飯店,250.0,3880,53.51724137931,3673.5407216495,14253338,68191052,89109149,450,3834,2204,6038,3485,857,225,203,358,0.5771778734680357,0.42282212653196427,0.6349784696919509,1965.9776551724094,4.0,四星級,1
2024,2,台北市,北投老爺酒店,50.0,1085,74.827586206897,8081.7096774194,8768655,4120839,14990413,61,2338,128,2466,1929,12,55,275,88,0.7822384428223844,0.21776155717761558,0.9480940794809408,6047.3482758621385,4.0,四星級,1
2024,2,台北市,北投麗禧溫泉酒店,66.0,1558,81.400208986416,17350.523748395,27032116,12898519,48500792,156,3014,247,3261,1978,51,199,585,139,0.6065624041704999,0.3934375958295001,0.9242563630788102,14123.362591431269,4.0,四星級,1
2024,2,台北市,台北W飯店,405.0,6108,52.005108556833,9717.4007858546,59353884,41535176,113460382,393,9723,828,10551,2693,667,204,1222,2945,0.25523647047673204,0.744763529523268,0.9215240261586579,5053.544827586227,5.0,五星級,1
2024,2,台北市,台北中山雅樂軒酒店,88.0,1898,74.373040752351,4253.1001053741,8072384,217358,9240924,39,2997,0,2997,563,402,109,261,808,0.18785452118785453,0.8121454788121455,1.0,3163.1598746081627,,無星等/未評鑑,0
2024,2,台北市,台北凱撒大飯店,478.0,10937,78.899148751984,3670.1234342141,40140140,23934147,66701425,141,17666,4066,21732,5379,7410,3259,2038,790,0.24751518498067365,0.7524848150193264,0.8129026320633168,2895.6961477420064,4.0,四星級,1
2024,2,台北市,台北君品大酒店,286.0,5889,71.003134796238,4823.9619629818,28408312,47911568,80382323,310,9965,1153,11118,2252,3156,1294,1281,844,0.2025544162619176,0.7974455837380824,0.8962942975355279,3425.164215095216,5.0,五星級,1
2024,2,台北市,台北君悅酒店,850.0,16354,66.344827586207,5686.6496270026,92999468,108839030,228563522,533,24413,5189,29602,11013,1028,3921,1728,7455,0.3720356732653199,0.6279643267346802,0.8247077900141883,3772.797890466559,5.0,五星級,1
2024,2,台北市,台北寒舍喜來登大飯店,688.0,13050,65.406976744186,4695.8047509579,61280252,147354922,231584046,780,17777,4993,22770,6724,5171,989,1312,4205,0.2953008344312692,0.7046991655687308,0.7807202459376372,3071.3839214114146,5.0,五星級,1
2024,2,台北市,台北寒舍艾美酒店,160.0,3403,73.340517241379,9448.5653834852,32153468,70759772,113303737,332,4536,664,5200,2592,137,44,514,762,0.49846153846153846,0.5015384615384615,0.8723076923076923,6929.626724137932,5.0,五星級,1
2024,2,台北市,台北漢來大飯店,424.0,3223,26.211776187378,5958.7157927397,19204941,76204655,109030302,414,5266,708,5974,5333,69,88,74,64,0.8927017073987278,0.10729829260127222,0.8814864412453968,1561.885247234877,5.0,五星級,1
2024,2,台北市,台北美福大飯店,146.0,2619,61.856400566839994,6943.2581137839,18184393,87800312,114931285,330,4730,187,4917,3109,239,665,96,553,0.632296115517592,0.367703884482408,0.9619686800894854,4294.8495512517875,6.0,卓越五星,1
2024,2,台北市,台北艾麗酒店,235.0,4407,64.666177549523,6257.9387338325,27578736,20238174,53088259,182,6193,483,6676,1892,96,526,897,943,0.2834032354703415,0.7165967645296585,0.9276512881965249,4046.7697725604958,5.0,五星級,1
2024,2,台北市,台北花園大酒店,241.0,5423,77.593360995851,2781.3946155265,15083503,25292793,48585208,144,11533,1033,12566,1820,367,7144,837,198,0.14483526977558492,0.8551647302244151,0.9177940474295718,2158.1775647446393,4.0,四星級,1
2024,2,台北市,台北萬豪酒店,318.0,7017,76.089785296031,6083.6117999145,42688704,81510861,155212078,513,8533,1519,10052,3190,335,1177,402,3289,0.317349781138082,0.682650218861918,0.8488857938718662,4629.00715679895,5.0,五星級,1
2024,2,台北市,台北遠東香格里拉,420.0,7223,59.302134646962,6307.4373529005,45558620,68409636,129634995,477,11401,1267,12668,3533,940,746,1169,2959,0.2788916956109883,0.7211083043890116,0.8999842121881907,3740.4449917898305,5.0,五星級,1
2024,2,台北市,合尊酒店 S Hotel,101.0,1056,36.053260498464,3883.0227272727,4100472,388974,4993028,57,1992,0,1992,1059,50,11,205,172,0.5316265060240963,0.46837349397590367,1.0,1399.9562990781878,,無星等/未評鑑,0
2024,2,台北市,國王大飯店,97.0,1839,65.37504443654501,1535.3191952148,2823452,742738,3582620,47,551,1288,1839,219,1581,9,15,5,0.11908646003262642,0.8809135399673735,0.29961935834692766,1003.7156061144808,3.0,三星級,1
2024,2,台北市,國聯大飯店,243.0,1038,14.729672200937,2663.8535645472,2765080,1615556,4971727,78,1097,539,1636,446,172,57,45,416,0.2726161369193154,0.7273838630806846,0.6705378973105135,392.3768979707783,4.0,四星級,1
2024,2,台北市,圓山大飯店,473.0,7767,56.623168331268005,4839.7727565341,37590515,77543831,130397739,529,10042,6065,16107,8426,3590,695,390,969,0.5231265909232011,0.47687340907679887,0.623455640404793,2740.4326747831533,5.0,五星級,1
2024,2,台北市,天成大飯店,225.0,5146,78.86590038314199,3810.2829382044,19607716,48094755,72782536,308,10674,439,11113,1715,3360,2743,867,608,0.1543237649599568,0.8456762350400432,0.960496715558355,3005.0139463601377,4.0,四星級,1
2024,2,台北市,日勝生加賀屋國際溫泉飯店,89.0,1277,49.476946919799,14949.240407204,19090180,11170223,40036304,129,2796,220,3016,2407,86,28,303,64,0.7980769230769231,0.20192307692307687,0.9270557029177718,7396.427741185467,,無星等/未評鑑,0
2024,2,台北市,晶華酒店,538.0,10686,68.49121907447801,5920.4944787573,63266404,186475180,276714825,982,18738,1801,20539,8544,4828,2665,826,1842,0.415989093918886,0.5840109060811141,0.9123131603291299,4055.0188437380375,5.0,五星級,1
2024,2,台北市,歐華酒店,112.0,1306,40.209359605911,3757.656202144,4907499,6515839,12529047,95,1716,734,2450,756,679,158,90,186,0.30857142857142855,0.6914285714285715,0.7004081632653061,1510.9294950738988,4.0,四星級,1
2024,2,台北市,漢普頓酒店,121.0,2564,73.06925049871799,2349.4204368175,6023914,4995488,13473854,50,3340,2050,5390,1665,1261,1742,231,83,0.30890538033395176,0.6910946196660482,0.6196660482374768,1716.7039042462536,,無星等/未評鑑,0
2024,2,台北市,福容大飯店  台北一館,120.0,1929,55.431034482759,3325.3851736651,6414668,9509048,16930289,75,2917,292,3209,2045,216,113,147,98,0.6372701776254285,0.3627298223745715,0.9090059208476161,1843.295402298857,4.0,四星級,1
2024,2,台北市,福華大飯店,606.0,10674,60.73745305565,4277.4967210043,45658000,71202000,134794000,482,17885,1777,19662,8451,2245,2519,356,1727,0.42981385413487944,0.5701861458651205,0.90962262231716,2598.0425628769544,5.0,五星級,1
2024,2,台北市,第一大飯店,176.0,2164,42.398119122257,1704.9450092421,3689501,2757010,27318800,35,431,3140,3571,983,1398,35,38,178,0.27527303276393167,0.7247269672360683,0.12069448333800056,722.8646159874412,4.0,四星級,1
2024,2,台北市,美麗信花園酒店,203.0,5323,90.419568540853,2340.0159684389,12455905,5143488,25431943,120,8768,2079,10847,2997,3594,1802,763,388,0.2762975938047386,0.7237024061952614,0.808334101594911,2115.8323424495165,,無星等/未評鑑,0
2024,2,台北市,義華酒店,149.0,2107,48.761860680398,3422.6782154722,7211583,141849,8454899,17,3105,109,3214,1409,97,175,157,912,0.43839452395768513,0.5616054760423148,0.9660858742999378,1668.9615829668867,,無星等/未評鑑,0
2024,2,台北市,老爺大酒店,202.0,4773,81.478320245818,4791.2382149591,22868580,34132172,63648534,218,7594,162,7756,2216,3927,136,397,310,0.2857142857142857,0.7142857142857143,0.9791129448169159,3903.820416524389,5.0,五星級,1
2024,2,台北市,豪景大酒店,180.0,3584,68.65900383141799,2265.9330357143,8121104,74530,8369013,35,5739,2595,8334,1827,1170,1993,776,136,0.21922246220302377,0.7807775377969762,0.6886249100071994,1555.7670498084472,3.0,三星級,1
2024,2,台北市,雀客旅館台北南京,56.0,1172,72.167487684729,2836.8779863481,3324821,0,3404071,7,1956,474,2430,1556,68,112,42,64,0.6403292181069958,0.35967078189300417,0.8049382716049382,2047.303571428553,,無星等/未評鑑,0
2024,2,台北市,雀客藏居台北陽明山,50.0,641,44.206896551724,5899.8159126365,3781782,3320967,8134945,31,986,296,1282,1078,58,38,26,32,0.8408736349453978,0.1591263650546022,0.7691107644305772,2608.1255172413685,3.0,三星級,1
2024,2,台南市,台南大員皇冠假日酒店,230.0,4616,69.20539730134901,5313.8856152513,24528896,24248722,53836161,212,10155,1202,11357,10507,52,17,146,246,0.925156291274104,0.07484370872589596,0.8941621907193801,3677.495652173896,5.0,五星級,1
2024,2,台南市,台南大飯店,152.0,2994,67.921960072595,2687.8099532398,8047303,16470942,25607593,122,4918,655,5573,4060,739,70,110,88,0.7285124708415575,0.27148752915844254,0.8824690471918177,1825.613203266771,3.0,三星級,1
2024,2,台南市,台南遠東香格里拉,330.0,6107,63.814002089864,5188.6228917635,31686920,29940220,69407111,487,11536,572,12108,8309,646,348,288,1003,0.6862405021473406,0.31375949785265944,0.9527585067723819,3311.0679205851216,5.0,五星級,1
2024,2,台南市,台糖長榮酒店(台南),197.0,4289,75.074391738141,3628.4702727909,15562509,25249011,42299772,161,8135,639,8774,7970,344,10,32,116,0.9083656257123319,0.09163437428766807,0.9271711875997265,2724.051986697034,5.0,五星級,1
2024,2,台南市,趣淘漫旅,198.0,4316,75.16544757924099,3849.8929564411,16616138,3049048,21743892,105,10215,2242,12457,12435,0,0,0,0,0.9982339247009714,0.0017660752990286133,0.8200208717989885,2893.7892720306263,3.0,三星級,1
2024,2,台南市,遠百企業觀光旅館,40.0,80,6.8965517241379,505.0,40400,0,40400,23,80,0,80,80,0,0,0,0,1.0,0.0,1.0,34.8275862068964,,無星等/未評鑑,0
2024,2,台東縣,台東桂田喜來登酒店,290.0,3556,42.282996432817995,4467.8937007874,15887830,18088180,35435676,164,6651,2482,9133,8945,13,10,14,111,0.9794153071279974,0.020584692872002597,0.7282382568706887,1889.1593341260364,5.0,五星級,1
2024,2,台東縣,娜路彎大酒店,292.0,4570,53.96787907416199,7673.3015317287,35066988,16786875,58008315,179,16486,479,16965,15389,0,0,6,18,0.9071028588269967,0.0928971411730033,0.9717653993516062,4141.118091639164,5.0,五星級,1
2024,2,台東縣,樂樂日暉溫泉酒店,48.0,511,36.709770114943005,2497.6849315068,1276317,0,1276317,9,1026,0,1026,1026,0,0,0,0,1.0,0.0,1.0,916.8943965517178,,無星等/未評鑑,0
2024,2,台東縣,知本老爺大酒店,182.0,4772,90.413035240621,6516.1670159262,31095149,14104900,50915925,200,9954,1157,11111,10815,22,0,23,69,0.973359733597336,0.026640266402664037,0.8958689586895869,5891.464380447078,5.0,五星級,1
2024,2,嘉義市,耐斯王子大飯店,245.0,2698,37.973258268825,4030.6349147517,10874653,13240808,26820595,118,5036,2109,7145,6591,13,367,12,35,0.9224632610216935,0.07753673897830649,0.7048285514345697,1530.5634060520972,5.0,五星級,1
2024,2,嘉義市,鈺通大飯店,120.0,1919,55.14367816092,2342.6352266806,4495517,7470998,12028331,61,2227,1687,3914,3757,53,74,4,20,0.959887583035258,0.04011241696474199,0.5689831374552887,1291.8152298850887,3.0,三星級,1
2024,2,嘉義縣,名都觀光渡假大飯店,97.0,588,20.902950586562,2968.1173469388,1745253,1624095,3441517,40,1086,610,1696,1696,0,0,0,0,1.0,0.0,0.6403301886792453,620.4241023817923,3.0,三星級,1
2024,2,嘉義縣,阿里山賓館(歷史館),35.0,294,28.965517241379,11398.710884354,3351221,0,3351221,11,567,243,810,782,0,2,4,6,0.9654320987654321,0.03456790123456788,0.7,3301.695566502503,4.0,四星級,1
2024,2,嘉義縣,阿里山賓館(現代館),104.0,1451,48.110079575597,11276.254307374,16361845,7153466,24236316,103,2769,1187,3956,3817,2,10,20,27,0.9648634984833164,0.03513650151668357,0.6999494438827099,5425.014920424315,4.0,四星級,1
2024,2,基隆市,長榮桂冠酒店(基隆),140.0,3088,76.059113300493,4204.1224093264,12982330,7870264,24467385,87,6444,608,7052,6579,28,24,80,109,0.9329268292682927,0.06707317073170727,0.9137833238797505,3197.618226600983,5.0,五星級,1
2024,2,宜蘭縣,凱渡廣場酒店,285.0,2189,26.4851784634,7024.7176793056,15377107,11357494,29018341,154,3362,2021,5383,5350,11,0,17,0,0.9938695894482631,0.006130410551736909,0.6245587962102916,1860.509013914099,,無星等/未評鑑,0
2024,2,宜蘭縣,山泉大飯店,146.0,2037,48.110533774209,2360.4496809033,4808236,909849,6019037,38,1674,2768,4442,3290,0,572,306,0,0.7406573615488519,0.25934263845114813,0.37685727149932463,1135.6249409541906,3.0,三星級,1
2024,2,宜蘭縣,幼獅大飯店,53.0,236,15.354586857515,1708.4745762712,403200,0,424200,8,152,78,230,230,0,0,0,0,1.0,0.0,0.6608695652173913,262.32921275212277,3.0,三星級,1
2024,2,宜蘭縣,悅川酒店,103.0,1848,61.868095078674,5246.9816017316,9696422,7773677,17470099,93,3263,2175,5438,5357,0,4,22,0,0.9851048179477749,0.014895182052225064,0.6000367782272894,3246.2075661198382,4.0,四星級,1
2024,2,宜蘭縣,礁溪老爺酒店,197.0,4853,84.946612987922,10121.642283124,49120330,28025576,90298916,311,11774,1295,13069,12670,31,52,166,54,0.9694697375468666,0.030530262453133394,0.9009105516871987,8597.992298267216,5.0,五星級,1
2024,2,宜蘭縣,礁溪麒麟酒店,167.0,2372,48.977906256453004,5013.4561551433,11891918,0,11891918,41,4270,1660,5930,5378,23,98,177,27,0.9069139966273188,0.09308600337268125,0.7200674536256324,2455.4858558744586,,無星等/未評鑑,0
2024,2,宜蘭縣,綠舞國際觀光飯店,113.0,1105,33.719865730851,7753.2760180995,8567370,4490061,17488248,255,2099,1399,3498,3498,0,0,0,0,1.0,0.0,0.6000571755288736,2614.394263045422,4.0,四星級,1
2024,2,宜蘭縣,蘭城晶英酒店,193.0,4449,79.489011970699,11648.387727579,51823677,54514324,118216580,369,16642,247,16889,16336,25,39,134,80,0.967256794363195,0.032743205636804995,0.9853750962164722,9259.188315168703,5.0,五星級,1
2024,2,宜蘭縣,長榮鳳凰酒店(礁溪),231.0,3723,55.57545902373499,7547.0322320709,28097601,23772725,54763341,255,9104,1527,10631,10513,4,0,78,4,0.9889003856645658,0.01109961433543416,0.8563634653372213,4194.2978056426355,5.0,五星級,1
2024,2,屏東縣,凱撒大飯店,281.0,5256,64.498711498343,7549.6628614916,39681028,7587220,50418284,206,13913,422,14335,13860,17,192,35,50,0.9668643181025462,0.03313568189745375,0.970561562608999,4869.435268131014,5.0,五星級,1
2024,2,屏東縣,墾丁怡灣渡假酒店,234.0,2962,43.648688476275,5060.4604996624,14989084,524314,15756453,82,4636,1928,6564,3477,4,8,8,3,0.529707495429616,0.47029250457038396,0.7062766605728215,2208.82463896259,3.0,三星級,1
2024,2,屏東縣,墾丁福華渡假飯店,458.0,5917,44.549013702756,4454.8849078925,26359554,8698247,35863111,240,12489,5205,17694,17198,2,119,61,87,0.9719678987227308,0.028032101277269184,0.705832485588335,1984.607288059039,5.0,五星級,1
2024,2,新北市,八里福朋喜來登酒店,241.0,3406,48.733724424095,4758.9779800352,16209079,17927508,34166124,160,4799,3640,8439,7885,37,30,17,305,0.9343524114231544,0.0656475885768456,0.5686692736106174,2319.2272141937174,3.0,三星級,1
2024,2,新北市,大板根渡假酒店,95.0,2187,79.382940108893,7819.0,17100153,18475211,52911836,225,4927,1634,6561,6363,6,21,87,21,0.9698216735253772,0.03017832647462282,0.7509525986892241,6206.952087114344,4.0,四星級,1
2024,2,新北市,板橋凱撒大飯店,400.0,9237,79.629310344828,4203.9101439861,38831518,16897273,55773004,135,18676,1070,19746,12435,899,3550,933,284,0.6297477970221818,0.37025220297781825,0.9458118099868328,3347.544655172397,5.0,五星級,1
2024,2,新北市,瓏山林台北中和飯店,126.0,1776,48.604269293924,2674.5236486486,4749954,5597723,11158818,90,2860,865,3725,3051,41,57,83,121,0.8190604026845637,0.1809395973154363,0.7677852348993288,1299.9326765188473,3.0,三星級,1
2024,2,新北市,碧特弗大飯店,55.0,199,12.476489028213,3037.4924623116,604461,381125,985586,18,270,70,340,332,0,0,0,0,0.9764705882352941,0.02352941176470591,0.7941176470588235,378.97241379310367,,無星等/未評鑑,0
2024,2,新北市,福容大飯店    淡水漁人碼頭,198.0,2673,46.551724137931,7581.8526000748,20266292,14347676,37448708,152,4554,2238,6792,6367,6,12,10,15,0.9374263839811543,0.0625736160188457,0.6704946996466431,3529.4831069313695,4.0,四星級,1
2024,2,新北市,福容大飯店 福隆,174.0,1192,23.622671422909,6035.817114094,7194694,4363426,12967510,112,1418,650,2068,2051,0,2,0,8,0.991779497098646,0.00822050290135401,0.6856866537717602,1425.8212445501342,3.0,三星級,1
2024,2,新北市,美麗春天大飯店,34.0,0,0.0,,0,0,0,3,0,0,0,0,0,0,0,0,,,,,,無星等/未評鑑,0
2024,2,新竹市,新竹國賓大飯店,257.0,3901,52.341339058097006,3838.6680338375,14974644,36928574,58216414,272,7398,733,8131,6608,245,142,88,304,0.8126921657852663,0.18730783421473374,0.9098511868158898,2009.210250905672,4.0,四星級,1
2024,2,新竹市,新竹老爺大酒店,208.0,3662,60.709549071618,3411.0963954123,12491435,15963520,29858307,164,6061,1077,7138,5872,544,74,34,230,0.8226393947884562,0.17736060521154384,0.8491173998318857,2070.861240053023,4.0,四星級,1
2024,2,新竹縣,新竹喜來登大飯店,386.0,6728,60.103626943005,4080.4447086801,27453232,40574701,77489559,299,8374,734,9108,4370,170,417,37,2065,0.4797979797979798,0.5202020202020202,0.9194115063680282,2452.4952653206747,4.0,四星級,1
2024,2,新竹縣,豐邑喜來登大飯店,384.0,4486,40.283764367816,4079.8381631743,18302154,3011060,23306797,103,5582,487,6069,2913,113,278,25,1376,0.4799802273850717,0.5200197726149283,0.9197561377492174,1643.5123922413675,4.0,四星級,1
2024,2,桃園市,南方莊園渡假飯店,111.0,1348,41.876359117738,6803.206231454,9170722,17026071,29240170,112,2634,487,3121,3084,0,2,14,2,0.9881448253764819,0.01185517462351815,0.843960269144505,2848.935073004007,4.0,四星級,1
2024,2,桃園市,古華花園飯店,255.0,5836,78.918187964841,3127.6017820425,18252684,12778317,32692484,161,10159,783,10942,7043,714,214,233,449,0.643666605739353,0.35633339426064703,0.9284408700420399,2468.246653144017,3.0,三星級,1
2024,2,桃園市,台北諾富特華航桃園機場飯店,516.0,9131,61.019780807271,3168.4638046216,28931243,23340077,56735610,263,10708,992,11700,5439,885,178,96,949,0.46487179487179486,0.5351282051282051,0.9152136752136752,1933.3896685378195,4.0,四星級,1
2024,2,桃園市,名人堂花園大飯店,128.0,2354,63.415948275862,7056.2905692438,16610508,29683036,54286006,310,6941,376,7317,7241,2,0,0,41,0.989613229465628,0.01038677053437198,0.948612819461528,4474.8135775861765,,無星等/未評鑑,0
2024,2,桃園市,和逸飯店桃園青埔館,218.0,4397,69.55077507118,5856.3422788265,25750337,0,29192328,108,11959,0,11959,10585,124,138,337,169,0.8851074504557237,0.1148925495442763,1.0,4073.1314457450358,4.0,四星級,1
2024,2,桃園市,尊爵大飯店,218.0,3106,49.130022144891,2772.8660656793,8612522,11465272,21109144,95,1689,2978,4667,1056,186,537,57,68,0.22626955217484465,0.7737304478251553,0.36190272123419753,1362.309712116408,3.0,三星級,1
2024,2,桃園市,尊爵天際大飯店,250.0,5102,70.372413793103,2497.6638573109,12743081,2722917,15741074,74,1970,5977,7947,714,185,335,0,0,0.08984522461306153,0.9101547753869385,0.24789228639738267,1757.666344827604,3.0,三星級,1
2024,2,桃園市,桃園喜來登酒店,189.0,1976,36.05181536216,3047.3618421053,6021587,12564575,20105064,139,2340,938,3278,1673,61,18,16,823,0.5103721781574131,0.4896278218425869,0.713849908480781,1098.6292647327207,4.0,四星級,1
2024,2,桃園市,福容大飯店   桃園,182.0,3554,67.336112163698,2294.6502532358,8155187,8763936,16981813,60,3032,522,3554,2619,108,234,301,32,0.7369161508159819,0.26308384918401806,0.8531232414181205,1545.1282682834385,3.0,三星級,1
2024,2,桃園市,福容徠旅 林口,149.0,1736,40.175885211757,2917.5437788018,5064856,0,5064856,24,2827,919,3746,2365,65,463,54,58,0.6313400961025093,0.3686599038974907,0.7546716497597438,1172.1490395741685,,無星等/未評鑑,0
2024,2,澎湖縣,寶華大飯店,74.0,86,4.0074557315937005,977.01162790698,84023,0,86023,13,94,80,174,169,2,0,0,0,0.9712643678160919,0.028735632183908066,0.5402298850574713,39.15330848089519,,無星等/未評鑑,0
2024,2,澎湖縣,澎湖福朋喜來登酒店,331.0,2813,29.305135951662,2442.1247778173,6869697,11788178,20634009,209,6344,298,6642,5901,1,0,3,561,0.8884372177055104,0.11156278229448957,0.9551339957844023,715.6679862485834,5.0,五星級,1
2024,2,花蓮縣,太魯閣晶英酒店,160.0,3388,73.01724137931001,12306.272136954,41693650,11821047,59222716,209,7001,2481,9482,8759,18,24,29,252,0.9237502636574563,0.07624973634254373,0.7383463404345075,8985.700431034475,5.0,五星級,1
2024,2,花蓮縣,瑞穗天合國際觀光酒店,198.0,3915,68.181818181818,13108.447254151,51319571,6102035,59346439,205,8317,2742,11059,10882,1,0,41,10,0.9839949362510173,0.016005063748982695,0.7520571480242336,8937.57767328475,5.0,五星級,1
2024,2,花蓮縣,美侖大飯店,299.0,3795,43.766578249337,4980.0808959157,18899407,7925809,29367144,195,8689,2229,10918,10408,23,26,4,96,0.9532881480124565,0.04671185198754346,0.7958417292544422,2179.611002191228,5.0,五星級,1
2024,2,花蓮縣,花蓮翰品酒店,156.0,2983,65.93722369584401,3303.5725779417,9854557,9065231,19438327,92,8326,514,8840,8579,21,12,53,12,0.9704751131221719,0.02952488687782806,0.9418552036199095,2178.2840406719793,,無星等/未評鑑,0
2024,2,花蓮縣,遠雄悅來大飯店,381.0,4624,41.849941171146995,6772.1678200692,31314504,18335285,57345420,339,11079,1576,12655,12548,10,0,12,18,0.9915448439352035,0.00845515606479652,0.8754642433820624,2834.148248710308,5.0,五星級,1
2024,2,苗栗縣,馥藝金鬱金香酒店,191.0,3268,58.999819461997006,3422.8543451652,11185888,5972506,17601738,91,6855,1575,8430,8190,39,15,15,0,0.9715302491103203,0.028469750889679735,0.8131672597864769,2019.477884094588,3.0,三星級,1
2024,2,金門縣,陸島酒店,47.0,147,10.785033015407,1900.1020408163,279315,15360,294975,10,41,151,192,113,0,0,0,0,0.5885416666666666,0.41145833333333337,0.21354166666666666,204.92663242846015,,無星等/未評鑑,0
2024,2,高雄市,寒軒國際大飯店,371.0,6762,62.849707221860996,2982.9964507542,20171022,22240980,43660005,209,9852,2123,11975,9677,858,229,273,100,0.8081002087682673,0.19189979123173273,0.822713987473904,1874.8045357375197,5.0,五星級,1
2024,2,高雄市,承攜行旅 高雄六合館,269.0,2636,33.790539674400996,2966.7226858877,7820281,0,7820281,22,6953,2273,9226,7150,151,524,310,18,0.7749837415998265,0.22501625840017347,0.7536310427053978,1002.4716062043382,,無星等/未評鑑,0
2024,2,高雄市,晶英國際行館,147.0,1796,42.129955430448,8837.5495545657,15872239,14920589,33031891,217,3541,121,3662,3269,26,66,120,82,0.8926815947569634,0.1073184052430366,0.9669579464773348,3723.2556884822848,4.0,四星級,1
2024,2,高雄市,漢來大飯店,535.0,9476,61.07637769900101,4771.2058885606,45211947,95846302,194526125,920,14272,3836,18108,13007,1018,1732,110,633,0.7183013032913629,0.2816986967086371,0.7881599293130108,2914.07972929425,5.0,五星級,1
2024,2,高雄市,福容大飯店 高雄,250.0,3733,51.489655172414,3830.1042057327,14297779,5988274,20304034,82,6661,1170,7831,6915,345,77,188,82,0.8830289873579364,0.11697101264206355,0.8505937938960542,1972.1074482758931,3.0,三星級,1
2024,2,高雄市,義大皇家酒店,656.0,8630,45.363751051304,3747.4463499421,32340462,23445519,59463439,399,13120,9369,22489,20225,41,1821,130,16,0.8993285606296412,0.10067143937035883,0.5833963270932456,1699.9822329689125,4.0,四星級,1
2024,2,高雄市,高雄圓山大飯店,105.0,2141,70.311986863711,3813.5329285381,8164774,16102234,26324991,129,3865,1328,5193,4969,35,30,38,38,0.9568650105911805,0.043134989408819546,0.7442711342191412,2681.3707717570023,5.0,五星級,1
2024,2,高雄市,高雄福華大飯店,271.0,5043,64.16846927089999,3279.906801507,16540570,29182555,49221165,293,8145,2296,10441,5786,1616,1536,611,187,0.554161478785557,0.445838521214443,0.780097691791974,2104.665988039178,5.0,五星級,1
2024,2,高雄市,高雄萬豪酒店,700.0,12749,62.802955665024996,5777.5281198525,73657706,106588247,200572860,705,17116,7254,24370,17116,284,476,599,3841,0.7023389413212967,0.2976610586787033,0.7023389413212967,3628.4584236453175,5.0,五星級,1
2024,2,高雄市,麗尊大酒店,188.0,3043,55.81438004402099,3380.0,10285340,18633504,30034598,177,5568,584,6152,4980,412,223,163,71,0.8094928478543563,0.19050715214564373,0.9050715214564369,1886.5260454879096,3.0,三星級,1
2024,3,南投縣,日月潭力麗溫德姆溫泉酒店,197.0,1381,22.613394465368,7166.1643736423,9896473,4710807,15251992,167,1683,1394,3077,2831,12,0,34,108,0.9200519987000325,0.07994800129996749,0.5469613259668509,1620.5130178484012,5.0,五星級,1
2024,3,南投縣,涵碧樓大飯店,96.0,2383,80.073924731183,16011.8111624,38156146,4683222,46302368,299,3859,687,4546,3643,88,4,36,394,0.8013638363396393,0.19863616366036074,0.8488781346238451,12821.285618279335,5.0,五星級,1
2024,3,南投縣,雲品溫泉酒店日月潭,207.0,3988,62.147420913199,11495.537863591,45844205,20885834,71422442,319,7227,2559,9786,8055,168,4,164,778,0.8231146535867566,0.17688534641324338,0.7385039852851012,7144.180302322062,5.0,五星級,1
2024,3,台中市,全國大飯店,178.0,2619,47.462848858281994,2095.769377625,5488820,5566869,13036988,74,3677,1009,4686,3222,470,86,141,209,0.6875800256081946,0.31241997439180536,0.7846777635510029,994.7118521203109,5.0,五星級,1
2024,3,台中市,台中港酒店,200.0,4714,76.032258064516,2852.4898175647,13446637,3056432,17528761,105,6020,607,6627,3220,1107,150,106,41,0.4858910517579599,0.5141089482420401,0.9084050098083597,2168.812419354834,3.0,三星級,1
2024,3,台中市,台中福華大飯店,155.0,4567,95.046826222685,2667.5296693672,12182608,15016882,30608150,178,6814,1172,7986,5037,712,359,121,430,0.6307287753568745,0.36927122464312545,0.8532431755572252,2535.402289282006,5.0,五星級,1
2024,3,台中市,台中金典酒店,222.0,5049,73.365300784656,2755.1792434145,13910900,23391198,50246895,269,4954,4380,9334,6602,628,458,122,316,0.707306620955646,0.292693379044354,0.5307478037283051,2021.3455390874574,5.0,五星級,1
2024,3,台中市,裕元花園酒店,149.0,4137,89.564840874648,3752.9920232052,15526128,30495774,48833423,278,6113,827,6940,4756,172,152,123,492,0.6853025936599424,0.3146974063400576,0.880835734870317,3361.3613336219696,5.0,五星級,1
2024,3,台中市,通豪大飯店,226.0,1864,26.605766485868998,1375.0380901288,2563071,75718,3114206,34,1864,0,1864,1724,13,3,18,6,0.924892703862661,0.07510729613733902,1.0,365.8394233514214,3.0,三星級,1
2024,3,台中市,長榮桂冠酒店(台中),354.0,7334,66.830690723528,2549.0947641124,18695061,22046669,46362938,237,5855,1479,7334,4376,711,101,60,516,0.5966730297245705,0.4033269702754295,0.7983365148622853,1703.5776380536033,5.0,五星級,1
2024,3,台中市,龍谷大飯店,189.0,1434,24.47516641065,1865.8891213389,2675685,1164871,4274005,37,1120,1934,3054,3014,5,0,27,5,0.9869024230517355,0.013097576948264522,0.366732154551408,456.6794674859109,,無星等/未評鑑,0
2024,3,台北市,JR東日本大飯店台北,288.0,7472,83.691756272401,6064.9965203426,45317654,26045503,76202080,260,12632,832,13464,2116,5084,529,1599,1288,0.15715983363042185,0.8428401663695781,0.9382055852644088,5075.90210573473,4.0,四星級,1
2024,3,台北市,三德大飯店,287.0,5553,62.414296954029005,2122.6128218981,11786869,2371317,16728892,75,7539,337,7876,1391,2090,661,1120,429,0.17661249365159978,0.8233875063484002,0.957211782630777,1324.813869843775,3.0,三星級,1
2024,3,台北市,亞都麗緻大飯店,219.0,4827,71.100309323906,4405.6074166149,21265867,14847637,40450732,183,8035,0,8035,2647,2906,170,305,375,0.3294337274424393,0.6705662725575607,1.0,3132.400500810138,4.0,四星級,1
2024,3,台北市,兄弟大飯店,250.0,5776,74.529032258065,3869.4897853186,22350173,46666473,73963097,450,5809,2656,8465,3111,1608,273,381,595,0.36751329001772004,0.63248670998228,0.6862374483165977,2883.8932903226296,4.0,四星級,1
2024,3,台北市,北投老爺酒店,50.0,1470,94.838709677419,5445.793877551,8005317,3569027,13324452,61,3106,0,3106,1845,51,74,679,76,0.5940115904700579,0.4059884095299421,1.0,5164.720645161252,4.0,四星級,1
2024,3,台北市,北投麗禧溫泉酒店,66.0,1605,78.445747800587,15620.447352025,25070818,11053520,44851871,151,2732,187,2919,1147,50,152,628,332,0.3929427886262419,0.6070572113737581,0.9359369647139432,12253.576735093002,4.0,四星級,1
2024,3,台北市,台北W飯店,405.0,8464,67.415372361609,10449.364012287,88443417,58520609,165394447,398,11776,1100,12876,1964,816,318,1419,3836,0.1525318421870146,0.8474681578129855,0.9145697421559491,7044.477658303247,5.0,五星級,1
2024,3,台北市,台北中山雅樂軒酒店,88.0,2561,93.878299120235,4783.3842249121,12250247,703992,14361361,41,3968,0,3968,429,621,133,290,1178,0.1081149193548387,0.8918850806451613,1.0,4490.559750733115,,無星等/未評鑑,0
2024,3,台北市,台北凱撒大飯店,478.0,14238,96.08584154406799,3863.8037645737,55012838,22859678,80483794,135,19523,7213,26736,4173,11745,2312,1856,850,0.15608168761220825,0.8439183123877918,0.7302139437462597,3712.5683628020192,4.0,四星級,1
2024,3,台北市,台北君品大酒店,277.0,7471,87.003610108303,5138.9036273591,38392749,43510519,85446538,319,12353,1345,13698,1324,5260,876,1629,1346,0.09665644619652504,0.903343553803475,0.901810483282231,4471.031675788951,5.0,五星級,1
2024,3,台北市,台北君悅酒店,850.0,22232,84.371916508539,6262.0438557035,139217759,114715613,519247158,532,23463,12126,35589,10425,2164,3516,1593,11568,0.29292758998566976,0.7070724100143302,0.6592767428137908,5283.406413662255,5.0,五星級,1
2024,3,台北市,台北寒舍喜來登大飯店,688.0,18694,87.650037509377,5166.2839948647,96578513,138253427,260997875,786,22543,8278,30821,5364,9512,1116,1434,6221,0.17403718244054378,0.8259628175594562,0.7314168910807566,4528.2498593398495,5.0,五星級,1
2024,3,台北市,台北寒舍艾美酒店,160.0,4378,88.26612903225801,9950.4339881224,43563000,72018961,127097974,339,5494,413,5907,2377,201,93,563,1326,0.40240392754359233,0.5975960724564077,0.9300829524293212,8782.862903225774,5.0,五星級,1
2024,3,台北市,台北敦化美憬閣酒店,101.0,1753,55.988502076014,4485.3519680548,7862822,335237,9050151,58,3186,0,3186,947,33,37,354,172,0.29723791588198367,0.7027620841180163,1.0,2511.281379750896,,無星等/未評鑑,0
2024,3,台北市,台北漢來大飯店,424.0,4811,36.602251978089,5874.1423820412,28260499,75780174,123238948,421,6921,946,7867,5020,191,363,235,366,0.6381085547222576,0.3618914452777424,0.8797508580144909,2150.0683962264393,5.0,五星級,1
2024,3,台北市,台北美福大飯店,146.0,3266,72.160848431286,6859.7198407838,22403845,73949465,104484891,334,5413,395,5808,2042,570,824,402,1092,0.3515840220385675,0.6484159779614325,0.9319903581267218,4950.032037118851,6.0,卓越五星,1
2024,3,台北市,台北艾麗酒店,235.0,6479,88.936170212766,6753.0015434481,43752697,28378281,79972925,184,7989,952,8941,1541,222,365,974,1184,0.17235208589643217,0.8276479141035679,0.8935242142937032,6005.8609471517175,5.0,五星級,1
2024,3,台北市,台北花園大酒店,241.0,6944,92.946058091286,2805.8460541475,19483795,25147704,54561882,150,14208,1131,15339,797,1270,6781,1540,634,0.05195905860877502,0.948040941391225,0.9262663798161549,2607.9233034399917,4.0,四星級,1
2024,3,台北市,台北萬豪酒店,318.0,9262,93.954148914587,6305.5375728784,58401889,89174932,184071428,518,11431,1108,12539,2386,614,1471,745,4744,0.19028630672302416,0.8097136932769758,0.9116356966265252,5924.314161087406,5.0,五星級,1
2024,3,台北市,台北遠東香格里拉,420.0,10346,79.462365591398,6706.0368258264,69380657,62456859,150307582,475,14989,2644,17633,2565,1506,594,1482,5152,0.14546588782396644,0.8545341121760336,0.8500538762547496,5328.775499231955,5.0,五星級,1
2024,3,台北市,國王大飯店,97.0,2579,85.766544728966,1538.1748739822,3966953,1068740,5050838,47,773,1806,2579,142,2359,5,2,30,0.0550601008142691,0.944939899185731,0.29972857696781696,1319.23944130366,3.0,三星級,1
2024,3,台北市,國聯大飯店,243.0,3437,45.625912651002,2678.8830375327,9207321,1767568,12391129,78,3624,2185,5809,1854,923,252,183,321,0.31915992425546563,0.6808400757445343,0.6238595283181271,1222.2648347271788,4.0,四星級,1
2024,3,台北市,圓山大飯店,473.0,11755,80.167769215031,4124.8484049341,48487593,71762024,136747780,528,8379,14912,23291,10781,7913,557,305,1822,0.46288265853763255,0.5371173414623674,0.3597526941737152,3306.7989497374565,5.0,五星級,1
2024,3,台北市,天成大飯店,225.0,6697,96.014336917563,4040.5839928326,27059791,34669394,65874816,315,12712,1153,13865,1059,5495,1396,1134,962,0.07637937252073566,0.9236206274792643,0.9168409664623152,3879.5399283154125,4.0,四星級,1
2024,3,台北市,日勝生加賀屋國際溫泉飯店,89.0,988,35.810076114534,12470.793522267,12321144,7856390,27326945,131,2009,181,2190,1257,154,4,452,90,0.5739726027397261,0.42602739726027394,0.917351598173516,4465.800652410188,,無星等/未評鑑,0
2024,3,台北市,晶華酒店,538.0,14219,85.256025902386,6021.1961460018,85615388,174464462,287813051,958,22160,3217,25377,6779,9572,1893,742,2339,0.2671316546479095,0.7328683453520906,0.8732316664696379,5133.432545868763,5.0,五星級,1
2024,3,台北市,歐華酒店,112.0,2166,62.384792626728,3493.784856879,7567538,3711412,12800632,93,2362,1382,3744,476,1446,158,138,596,0.12713675213675213,0.8728632478632479,0.6308760683760684,2179.5904377879897,4.0,四星級,1
2024,3,台北市,漢普頓酒店,121.0,3353,89.389496134364,2261.8153892037,7583867,3583972,13162845,59,4047,2390,6437,1265,2526,1361,362,169,0.1965201180674227,0.8034798819325772,0.6287090259437627,2021.8253798986914,,無星等/未評鑑,0
2024,3,台北市,福容大飯店  台北一館,120.0,2624,70.537634408602,3155.1806402439,8279194,7724604,16841100,78,2913,711,3624,1818,238,132,143,207,0.5016556291390728,0.4983443708609272,0.8038079470198676,2225.5897849462303,4.0,四星級,1
2024,3,台北市,福華大飯店,606.0,14613,77.786649632705,4492.9856976665,65656000,47034000,130368000,481,23228,1454,24682,6053,3644,2264,534,3423,0.24523944574993922,0.7547605542500608,0.9410906733652055,3494.943042691386,5.0,五星級,1
2024,3,台北市,第一大飯店,176.0,3706,67.925219941349,1689.3084187804,6260577,3049604,30105452,33,562,5647,6209,780,3061,29,279,177,0.12562409405701402,0.874375905942986,0.09051377033338702,1147.4664589443119,4.0,四星級,1
2024,3,台北市,美麗信花園酒店,203.0,6069,96.440489432703,2542.9940682155,15433431,4053604,28322719,117,9893,2262,12155,1327,5618,1329,958,617,0.10917317976141505,0.890826820238585,0.813903743315508,2452.475925631634,,無星等/未評鑑,0
2024,3,台北市,義華酒店,149.0,3150,68.19657934617899,3379.2447619048,10644621,179317,12053358,17,3873,375,4248,1029,113,414,180,1499,0.2422316384180791,0.7577683615819208,0.911723163841808,2304.529335354004,,無星等/未評鑑,0
2024,3,台北市,老爺大酒店,202.0,6002,95.847971893964,5327.2902365878,31974396,20794850,59766115,214,9523,234,9757,1297,6444,42,309,507,0.13293020395613406,0.8670697960438659,0.9760172184072973,5106.099648674563,5.0,五星級,1
2024,3,台北市,豪景大酒店,200.0,5126,82.677419354839,2285.5433086227,11715695,53400,11985137,35,4719,6988,11707,1398,3327,1351,822,193,0.11941573417613394,0.8805842658238661,0.40309216707952505,1889.6282258064518,3.0,三星級,1
2024,3,台北市,雀客旅館台北南京,56.0,1614,92.972350230415,2766.6579925651,4465386,0,4465386,8,2238,990,3228,2162,34,0,68,0,0.6697645600991325,0.33023543990086746,0.6933085501858736,2572.226958525394,,無星等/未評鑑,0
2024,3,台北市,雀客藏居台北陽明山,50.0,858,55.354838709677004,3581.6317016317,3073040,1618673,5872587,31,1201,545,1746,1345,64,32,82,58,0.7703321878579611,0.2296678121420389,0.6878579610538373,1982.6064516128872,3.0,三星級,1
2024,3,台南市,台南大員皇冠假日酒店,230.0,4094,57.41935483871,3972.9237909135,16265150,17865666,37632095,212,6075,2545,8620,7783,91,31,98,177,0.9029002320185615,0.09709976798143849,0.7047563805104409,2281.227208976152,5.0,五星級,1
2024,3,台南市,台南大飯店,152.0,3225,68.442275042445,2238.5720930233,7219395,10023193,18033948,116,4512,783,5295,2758,1432,35,148,215,0.5208687440982058,0.4791312559017942,0.8521246458923513,1532.129668930425,3.0,三星級,1
2024,3,台南市,台南遠東香格里拉,330.0,7635,74.633431085044,3948.7663392272,30148831,23365077,60508120,465,11288,1144,12432,6202,1111,538,638,1201,0.4988738738738739,0.5011261261261262,0.907979407979408,2947.0998044965468,5.0,五星級,1
2024,3,台南市,台糖長榮酒店(台南),197.0,4959,81.201899459636,2714.4025005041,13460722,19836401,34604727,162,7724,1664,9388,7977,558,176,65,181,0.8497017469109501,0.15029825308904987,0.8227524499360886,2204.1463893891846,5.0,五星級,1
2024,3,台南市,趣淘漫旅,198.0,4333,70.59302704464,2550.4756519732,11051211,2753821,15520674,109,7396,4126,11522,11498,0,0,15,0,0.997917028293699,0.0020829717063010067,0.641902447491755,1800.4579667643993,3.0,三星級,1
2024,3,台南市,遠百企業觀光旅館,40.0,80,6.451612903225799,505.0,40400,0,40400,23,80,0,80,80,0,0,0,0,1.0,0.0,1.0,32.580645161290285,,無星等/未評鑑,0
2024,3,台東縣,台東桂田喜來登酒店,290.0,3639,40.478309232481,3344.6922231382,12171335,14128787,27450731,152,3698,4397,8095,7782,18,0,28,177,0.9613341568869672,0.03866584311303278,0.45682520074119826,1353.874860956624,5.0,五星級,1
2024,3,台東縣,娜路彎大酒店,292.0,4187,46.254971277066,4793.6398375925,20070970,12565519,34024647,171,6324,1106,7430,5569,1,0,10,21,0.7495289367429341,0.2504710632570659,0.8511440107671602,2217.2967300044043,5.0,五星級,1
2024,3,台東縣,樂樂日暉溫泉酒店,48.0,399,26.814516129032,2512.0501253133,1002308,0,1002308,9,801,0,801,801,0,0,0,0,1.0,0.0,1.0,673.5940860215035,,無星等/未評鑑,0
2024,3,台東縣,知本老爺大酒店,182.0,4804,85.147110953563,4773.5799333888,22932278,11621229,38469268,196,7355,2647,10002,9375,61,0,35,285,0.9373125374925015,0.06268746250749846,0.7353529294141172,4064.5654023395805,5.0,五星級,1
2024,3,嘉義市,耐斯王子大飯店,245.0,3637,47.88676761027,2449.9832279351,8910589,8379391,18652581,114,3420,5179,8599,7297,143,525,49,189,0.8485870450052332,0.1514129549947668,0.39772066519362714,1173.2177748518727,5.0,五星級,1
2024,3,嘉義市,鈺通大飯店,120.0,1759,47.284946236559,1883.7521318931,3313520,5433374,8813821,61,1053,2221,3274,3130,48,45,4,16,0.9560171044593769,0.04398289554062307,0.32162492364080636,890.7311827956863,3.0,三星級,1
2024,3,嘉義縣,名都觀光渡假大飯店,97.0,838,27.868307283006,1585.692124105,1328810,846956,2195706,40,174,1687,1861,1861,0,0,0,0,1.0,0.0,0.09349811929070392,441.90555370800627,3.0,三星級,1
2024,3,嘉義縣,阿里山賓館(歷史館),35.0,352,32.442396313364,12423.014204545,4372901,0,4372901,11,603,258,861,787,3,1,10,27,0.9140534262485482,0.08594657375145176,0.7003484320557491,4030.323502303993,4.0,四星級,1
2024,3,嘉義縣,阿里山賓館(現代館),104.0,1738,53.908188585607995,12284.260069045,21350044,8706747,30845459,103,2944,1262,4206,3841,14,7,48,134,0.9132192106514503,0.08678078934854971,0.6999524488825487,6622.222084367317,4.0,四星級,1
2024,3,基隆市,長榮桂冠酒店(基隆),140.0,3560,82.027649769585,2969.2396067416,10570493,6241113,19949666,87,3557,3594,7151,6607,161,39,41,52,0.9239267235351699,0.07607327646483009,0.49741294923786883,2435.5974654378024,5.0,五星級,1
2024,3,宜蘭縣,凱渡廣場酒店,285.0,1978,22.388228636106,5228.0505561173,10341084,9693706,21972747,150,1739,2783,4522,4490,2,1,20,6,0.9929234851835471,0.0070765148164528835,0.3845643520566121,1170.4679117147525,,無星等/未評鑑,0
2024,3,宜蘭縣,山泉大飯店,146.0,2910,64.295183384887,1906.3130584192,5547371,1306144,7214226,38,1683,4608,6291,5123,0,178,596,4,0.8143379430933079,0.18566205690669213,0.2675250357653791,1225.6674768006726,3.0,三星級,1
2024,3,宜蘭縣,幼獅大飯店,53.0,207,12.598904443092,1442.0289855072,298500,0,315730,8,52,172,224,224,0,0,0,0,1.0,0.0,0.23214285714285715,181.67985392574113,3.0,三星級,1
2024,3,宜蘭縣,悅川酒店,103.0,1922,60.194174757282006,3963.9151925078,7618645,5875480,13494125,94,2941,2129,5070,4918,2,0,52,19,0.9700197238658778,0.02998027613412224,0.5800788954635109,2386.0460382085967,4.0,四星級,1
2024,3,宜蘭縣,礁溪老爺酒店,197.0,4909,80.383166857704,7435.1383173762,36499094,25880195,73367830,287,10588,1545,12133,11300,44,33,335,132,0.931344267699662,0.06865573230033795,0.8726613368499134,5976.5996397575955,5.0,五星級,1
2024,3,宜蘭縣,礁溪麒麟酒店,167.0,1896,36.62352713927,4251.6445147679,8061118,0,8061118,41,2911,1829,4740,4387,0,86,125,17,0.9255274261603376,0.07447257383966244,0.6141350210970464,1557.1021827313061,,無星等/未評鑑,0
2024,3,宜蘭縣,綠舞國際觀光飯店,113.0,875,24.978589780188003,6348.1428571429,5554625,4480298,13048267,242,1456,970,2426,2403,0,0,12,0,0.9905193734542457,0.009480626545754323,0.6001648804616653,1585.676562946031,4.0,四星級,1
2024,3,宜蘭縣,蘭城晶英酒店,193.0,3438,57.46281129868001,10473.897614892,36009260,36746567,81009812,364,11571,512,12083,10783,4,10,492,153,0.8924108251262104,0.1075891748737896,0.9576264172804767,6018.596022062336,5.0,五星級,1
2024,3,宜蘭縣,長榮鳳凰酒店(礁溪),231.0,3054,42.647674905739,5193.5196463654,15861009,17728354,37779673,253,5132,2573,7705,7399,2,53,96,49,0.9602855288773524,0.03971447112264759,0.6660609993510708,2214.915374947602,5.0,五星級,1
2024,3,屏東縣,凱撒大飯店,281.0,5679,65.193433589714,5421.8667018841,30790781,7890714,41766875,201,9933,2602,12535,11370,71,187,132,156,0.9070602313522138,0.09293976864778619,0.7924212205823694,3534.7010676156274,5.0,五星級,1
2024,3,屏東縣,墾丁怡灣渡假酒店,234.0,3497,48.207885304659,3298.7663711753,11535786,738792,12498062,79,2471,3994,6465,2520,0,0,6,6,0.38979118329466356,0.6102088167053364,0.38221191028615625,1590.2655086848504,3.0,三星級,1
2024,3,屏東縣,墾丁福華渡假飯店,458.0,6606,46.527679954923,2684.8153194066,17735890,9709985,28110609,235,6572,11600,18172,17392,174,42,0,98,0.9570768214836012,0.04292317851639882,0.36165529385868367,1249.1822791942466,5.0,五星級,1
2024,3,新北市,八里福朋喜來登酒店,241.0,3922,52.496319100522,3112.9665986741,12209055,16332727,28585165,150,3128,5811,8939,8192,96,21,108,312,0.9164336055487191,0.08356639445128089,0.34992728493120034,1634.1928791326218,3.0,三星級,1
2024,3,新北市,大板根渡假酒店,95.0,2226,75.58573853989799,5100.0,11352600,11563414,35393710,226,1950,4728,6678,6465,9,3,84,24,0.968104222821204,0.03189577717879599,0.2920035938903863,3854.8726655347978,4.0,四星級,1
2024,3,新北市,板橋凱撒大飯店,400.0,10767,86.83064516129,4221.7975294883,45456094,9163329,54707121,149,19116,2825,21941,11633,1461,2926,2225,634,0.5301946128253042,0.4698053871746958,0.8712456132354952,3665.814032258093,5.0,五星級,1
2024,3,新北市,瓏山林台北中和飯店,126.0,2470,63.236047107015004,2335.6688259109,5769102,2862671,9168641,82,3396,1431,4827,3090,76,80,215,192,0.6401491609695463,0.3598508390304537,0.7035425730267246,1476.9846390168811,3.0,三星級,1
2024,3,新北市,碧特弗大飯店,55.0,302,17.712609970674002,2718.1887417219,820893,136617,957510,17,268,220,488,442,0,6,25,6,0.9057377049180327,0.09426229508196726,0.5491803278688525,481.46217008797146,,無星等/未評鑑,0
2024,3,新北市,福容大飯店    淡水漁人碼頭,198.0,3431,55.897686542848,4649.2349169338,15951525,17997624,36050663,150,3301,6169,9470,9200,9,3,37,94,0.9714889123548046,0.028511087645195388,0.34857444561774026,2598.8147605082954,4.0,四星級,1
2024,3,新北市,福容大飯店 福隆,174.0,1406,26.065999258435003,4076.2048364154,5731144,4417001,11118411,112,1366,1941,3307,3224,6,0,8,10,0.9749017236165709,0.025098276383429097,0.4130631992742667,1062.5035224323299,3.0,三星級,1
2024,3,新北市,美麗春天大飯店,34.0,0,0.0,,0,0,0,3,0,0,0,0,0,0,0,0,,,,,,無星等/未評鑑,0
2024,3,新竹市,新竹國賓大飯店,257.0,5109,64.127023973892,3327.6359365825,17000892,34723774,58678977,281,6539,1485,8024,4548,541,400,130,811,0.5667996011964108,0.4332003988035892,0.8149302093718843,2133.9138948161053,4.0,四星級,1
2024,3,新竹市,新竹老爺大酒店,208.0,4936,76.550868486352,3063.1010940032,15119467,14303838,30668054,167,5348,2031,7379,4623,914,112,6,743,0.6265076568640737,0.3734923431359263,0.7247594525003388,2344.830490074399,4.0,四星級,1
2024,3,新竹縣,新竹喜來登大飯店,386.0,9706,81.113153936152,4005.1527920874,38874013,43240988,93308590,299,9724,1950,11674,4072,331,654,42,3447,0.3488093198560905,0.6511906801439096,0.8329621380846325,3248.7057496239427,4.0,四星級,1
2024,3,新竹縣,豐邑喜來登大飯店,384.0,6470,54.351478494624,4005.5655332303,25916009,3970400,32621418,99,6483,1297,7780,2715,221,436,28,2298,0.34897172236503854,0.6510282776349614,0.8332904884318766,2177.0840893817376,4.0,四星級,1
2024,3,桃園市,南方莊園渡假飯店,111.0,1192,34.641092705609,5265.7709731544,6276799,16006294,24963630,111,1652,1411,3063,3050,0,2,4,3,0.9957557949722494,0.0042442050277505805,0.5393405158341495,1824.1206044754647,4.0,四星級,1
2024,3,桃園市,古華花園飯店,255.0,7174,90.752688172043,2900.7522999721,20809997,9972999,32738581,166,10150,1097,11247,5738,560,282,436,702,0.510180492575798,0.489819507424202,0.9024628789899529,2632.5106894370456,3.0,三星級,1
2024,3,桃園市,台北諾富特華航桃園機場飯店,516.0,11623,72.66191547887,3161.8265508044,36749910,23449464,65418458,253,10596,1808,12404,3657,1109,393,203,1287,0.2948242502418575,0.7051757497581426,0.854240567558852,2297.443735933964,4.0,四星級,1
2024,3,桃園市,名人堂花園大飯店,128.0,1737,43.775201612903,5433.4991364421,9437988,17731911,32546236,288,4090,823,4913,4667,4,16,44,85,0.9499287604315082,0.0500712395684918,0.832485243232241,2378.525201612873,,無星等/未評鑑,0
2024,3,桃園市,和逸飯店桃園青埔館,218.0,4957,73.350103580941,4535.0847286665,22480415,0,25643392,107,11197,0,11197,7422,371,822,581,429,0.6628561221755828,0.33714387782441724,1.0,3326.489345960315,4.0,四星級,1
2024,3,桃園市,尊爵大飯店,218.0,4563,67.51997632435601,2761.1838702608,12599282,7429011,20780589,94,2388,4057,6445,887,278,1101,68,217,0.13762606671838634,0.8623739332816136,0.37051978277734676,1864.3506954720294,3.0,三星級,1
2024,3,桃園市,尊爵天際大飯店,250.0,6796,87.690322580645,2531.2879635079,17202633,2893371,20314981,84,3376,6524,9900,929,312,847,0,140,0.09383838383838383,0.9061616161616162,0.341010101010101,2219.6945806451167,3.0,三星級,1
2024,3,桃園市,桃園喜來登酒店,189.0,3175,54.190134835296,3179.8522834646,10096031,10598254,22571098,143,3155,1716,4871,2275,131,96,85,1310,0.4670498870868405,0.5329501129131595,0.6477109423116403,1723.1662399727056,4.0,四星級,1
2024,3,桃園市,福容大飯店   桃園,182.0,4757,84.31407302375,2163.2732814799,10290691,5296801,15675628,60,3916,841,4757,2039,68,838,683,42,0.4286314904351482,0.5713685095648517,0.8232079041412655,1823.9438142502358,3.0,三星級,1
2024,3,桃園市,福容徠旅 林口,149.0,2760,59.753193331889996,2701.3387681159,7455695,0,7455695,22,3922,1587,5509,3280,97,1058,208,84,0.5953893628607733,0.40461063713922674,0.7119259393719368,1614.1361766615894,,無星等/未評鑑,0
2024,3,澎湖縣,寶華大飯店,74.0,359,15.649520488230001,1193.0445682451,428303,0,430303,14,390,305,695,682,2,0,2,0,0.981294964028777,0.018705035971222972,0.5611510791366906,186.70575414123206,,無星等/未評鑑,0
2024,3,澎湖縣,澎湖福朋喜來登酒店,331.0,4667,45.482896403859,2044.5562459824,9541944,14597195,26782119,209,5514,4546,10060,9450,12,0,24,397,0.9393638170974155,0.060636182902584546,0.5481113320079523,929.9233992788036,5.0,五星級,1
2024,3,花蓮縣,太魯閣晶英酒店,160.0,3126,63.024193548387,10345.588931542,32340311,10016824,46998726,204,5397,2425,7822,6398,34,16,39,475,0.8179493735617489,0.1820506264382511,0.6899769879826131,6520.2239919355325,5.0,五星級,1
2024,3,花蓮縣,瑞穗天合國際觀光酒店,198.0,3224,52.525252525252995,9105.0545905707,29354696,5026818,35825845,197,4516,3609,8125,7939,5,1,9,7,0.9771076923076923,0.022892307692307656,0.5558153846153846,4782.452916259401,5.0,五星級,1
2024,3,花蓮縣,美侖大飯店,299.0,3669,39.583558096882,3332.6211501772,12227387,6383939,19662073,192,5496,3146,8642,7687,67,12,28,237,0.889493172876649,0.11050682712335103,0.6359638972460079,1319.1700291293691,5.0,五星級,1
2024,3,花蓮縣,遠雄悅來大飯店,381.0,3369,28.524257048514002,4819.7352330068,16237688,11999250,32159181,337,5714,2347,8061,7833,10,12,8,27,0.9717156680312616,0.028284331968738363,0.7088450564446098,1374.793666920655,5.0,五星級,1
2024,3,苗栗縣,馥藝金鬱金香酒店,191.0,3729,62.979226482013,2619.0683829445,9766506,5867711,16041603,91,5818,2625,8443,8062,46,64,28,17,0.9548738600023688,0.045126139997631154,0.6890915551344309,1649.4690086134121,3.0,三星級,1
2024,3,金門縣,陸島酒店,47.0,520,35.689773507207,1412.0288461538,734255,82400,822725,13,42,988,1030,812,0,0,178,0,0.7883495145631068,0.21165048543689324,0.040776699029126215,503.94989704871966,,無星等/未評鑑,0
2024,3,高雄市,寒軒國際大飯店,371.0,8625,74.993478827928,2242.4127536232,19340810,15625832,35837382,206,6822,5631,12453,9137,1392,298,326,113,0.7337187826226612,0.2662812173773388,0.5478198024572393,1681.6633336231719,5.0,五星級,1
2024,3,高雄市,承攜行旅 高雄六合館,269.0,3106,37.246672262861004,2582.6716033484,8021778,0,8021778,22,3925,6872,10797,7198,452,260,568,126,0.6666666666666666,0.33333333333333337,0.363526905621932,961.9592277251561,,無星等/未評鑑,0
2024,3,高雄市,晶英國際行館,147.0,2041,44.788237875795,7632.0411562959,15576996,12987678,30780947,224,3538,273,3811,3214,52,52,122,88,0.8433482025715036,0.15665179742849644,0.9283652584623459,3418.256747860383,4.0,四星級,1
2024,3,高雄市,漢來大飯店,535.0,11257,67.874585468797,3791.4120991383,42679926,80202105,145179234,920,13419,4604,18023,10197,2043,840,345,1181,0.5657770626421794,0.4342229373578206,0.7445486323031681,2573.4052457039356,5.0,五星級,1
2024,3,高雄市,福容大飯店 高雄,250.0,4504,58.116129032258,2509.3774422735,11302236,4532425,15849712,81,4612,4429,9041,7587,674,255,59,127,0.8391770821811746,0.1608229178188254,0.5101205618847473,1458.353032258043,3.0,三星級,1
2024,3,高雄市,義大皇家酒店,656.0,8948,44.000786782061,2865.0317389361,25636304,21005673,51002672,387,6982,15751,22733,21206,172,865,258,32,0.9328289271103681,0.06717107288963187,0.3071306030880218,1260.6365066876479,4.0,四星級,1
2024,3,高雄市,高雄圓山大飯店,105.0,2381,73.149001536098,2605.3364132717,6203306,14329076,22253015,126,2206,2696,4902,4411,141,18,12,81,0.8998368013055895,0.10016319869441048,0.4500203998368013,1905.7775729646364,5.0,五星級,1
2024,3,高雄市,高雄福華大飯店,271.0,6674,79.442923461493,2553.171860953,17039869,21444699,42332869,285,9399,2520,11919,5728,2961,738,572,242,0.4805772296333585,0.5194227703666414,0.788572866851246,2028.3143673372679,5.0,五星級,1
2024,3,高雄市,高雄萬豪酒店,700.0,13389,61.700460829493,4699.2947195459,62918857,92473896,169476326,690,16498,5704,22202,14344,509,383,600,4036,0.6460679218088461,0.3539320781911539,0.7430862084496892,2899.4864976958506,5.0,五星級,1
2024,3,高雄市,麗尊大酒店,188.0,3718,63.795470144132004,2725.0,10131550,18649735,29572740,179,5899,996,6895,4709,640,269,130,413,0.6829586656997825,0.3170413343002175,0.8555474981870921,1738.426561427597,3.0,三星級,1
2024,4,南投縣,日月潭力麗溫德姆溫泉酒店,197.0,1231,20.829103214889997,7384.8862713241,9090795,3742287,14199240,162,2078,898,2976,2707,3,0,22,113,0.9096102150537635,0.0903897849462365,0.698252688172043,1538.2055837563382,5.0,五星級,1
2024,4,南投縣,涵碧樓大飯店,96.0,2342,81.319444444444,16113.807856533,37738538,6407856,48743188,293,3844,632,4476,3342,58,4,42,369,0.7466487935656837,0.2533512064343163,0.8588025022341377,13103.659027777805,5.0,五星級,1
2024,4,南投縣,雲品溫泉酒店日月潭,207.0,4100,66.02254428341399,11705.245609756,47991507,18394806,70875313,322,7415,3090,10505,8877,63,0,198,816,0.8450261780104712,0.1549738219895288,0.7058543550690147,7728.100966183528,5.0,五星級,1
2024,4,台中市,全國大飯店,178.0,2462,46.104868913858,2248.6921202275,5536280,2804962,9869137,75,4154,361,4515,3376,330,88,80,222,0.7477297895902547,0.2522702104097453,0.9200442967884829,1036.756554307143,5.0,五星級,1
2024,4,台中市,台中港酒店,200.0,5072,84.533333333333,2856.6699526814,14489030,3251643,18911304,102,6651,386,7037,3796,961,85,46,71,0.5394344180758847,0.46056558192411534,0.9451470797214723,2414.838333333334,3.0,三星級,1
2024,4,台中市,台中福華大飯店,155.0,4188,90.064516129032,2904.017669532,12162026,12877048,27910108,177,6937,789,7726,5465,232,94,85,247,0.707351799119855,0.292648200880145,0.897877297437225,2615.4894623655873,5.0,五星級,1
2024,4,台中市,台中金典酒店,222.0,5349,80.31531531531499,2788.907646289,14917867,17760290,43807500,256,5725,4904,10629,8703,421,120,94,295,0.8187976291278577,0.1812023708721423,0.5386207545394675,2239.9199699699398,5.0,五星級,1
2024,4,台中市,裕元花園酒店,149.0,4048,90.559284116331,3989.0348320158,16147613,24298529,43384297,279,6464,599,7063,5193,179,116,103,374,0.7352399830100523,0.26476001698994767,0.9151918448251452,3612.4413870245953,5.0,五星級,1
2024,4,台中市,通豪大飯店,226.0,2630,38.790560471976,1408.9121673004,3705439,251636,4361937,39,2496,0,2496,2346,13,4,10,28,0.9399038461538461,0.060096153846153855,1.0,546.5249262536894,3.0,三星級,1
2024,4,台中市,長榮桂冠酒店(台中),354.0,7394,69.62335216572501,2620.5229916148,19376147,23252210,48034239,241,5384,2010,7394,5226,523,79,87,488,0.7067892886123884,0.29321071138761157,0.7281579659183122,1824.4959510357646,5.0,五星級,1
2024,4,台中市,龍谷大飯店,189.0,735,12.962962962963001,1980.9931972789,1456030,605592,2396739,35,688,953,1641,1628,2,0,11,0,0.992078001218769,0.00792199878123101,0.4192565508836076,256.7954144620804,,無星等/未評鑑,0
2024,4,台北市,JR東日本大飯店台北,288.0,6031,69.803240740741,5602.2225169955,33787004,22465712,60510212,256,10757,449,11206,2557,2955,625,1718,1114,0.2281813314295913,0.7718186685704087,0.9599321791897198,3910.532870370369,4.0,四星級,1
2024,4,台北市,三德大飯店,287.0,4074,47.317073170732,1975.1401570938,8046721,1633749,13000769,76,6653,653,7306,1945,1144,469,1253,250,0.2662195455789762,0.7337804544210238,0.9106214070626882,934.5785133565845,3.0,三星級,1
2024,4,台北市,亞都麗緻大飯店,219.0,3430,52.207001522069994,4014.6819241983,13770359,11579423,29207529,188,5533,0,5533,1783,1339,144,197,269,0.3222483282125429,0.6777516717874571,1.0,2095.945053272475,4.0,四星級,1
2024,4,台北市,兄弟大飯店,250.0,4617,61.56,3821.3528265107,17643186,41664456,63779204,450,4315,2646,6961,3101,1140,102,421,588,0.44548197098118086,0.5545180290188192,0.6198822008332137,2352.424799999987,4.0,四星級,1
2024,4,台北市,北投老爺酒店,50.0,1137,75.8,5473.9041336851,6223829,3239323,10899928,61,2330,85,2415,1595,38,48,432,94,0.660455486542443,0.339544513457557,0.9648033126293996,4149.219333333305,4.0,四星級,1
2024,4,台北市,北投麗禧溫泉酒店,66.0,1180,59.595959595960004,15194.234745763,17929197,7261731,30878536,158,1855,234,2089,1056,53,80,407,173,0.5055050263283868,0.4944949736716132,0.8879846816658689,9055.150000000234,4.0,四星級,1
2024,4,台北市,台北W飯店,405.0,7290,60.0,9256.4593964335,67479589,30711027,111694785,388,10936,531,11467,1886,605,192,917,3816,0.16447196302433068,0.8355280369756694,0.9536932065928316,5553.8756378601,5.0,五星級,1
2024,4,台北市,台北中山雅樂軒酒店,88.0,2314,87.651515151515,4611.9965427831,10672160,324536,12175280,40,3475,0,3475,546,500,98,268,849,0.15712230215827339,0.8428776978417266,1.0,4042.484848484877,,無星等/未評鑑,0
2024,4,台北市,台北凱撒大飯店,478.0,11837,82.545327754533,3649.7611725944,43202223,11761309,57591967,137,17398,4871,22269,4286,7799,2224,2030,1085,0.1924648614666128,0.8075351385333872,0.7812654362566797,3012.7073221757346,4.0,四星級,1
2024,4,台北市,台北君品大酒店,277.0,5956,71.67268351383899,4983.6356615178,29682534,30634486,62871312,321,9687,978,10665,1511,2327,767,1620,1178,0.1416783872480075,0.8583216127519925,0.9082981715893108,3571.905415162469,5.0,五星級,1
2024,4,台北市,台北君悅酒店,850.0,19269,75.564705882353,5757.9677201723,110950280,86600532,223685977,535,26120,6845,32965,11136,1089,1909,868,12006,0.3378128317912938,0.6621871682087062,0.7923555285909297,4350.991372549024,5.0,五星級,1
2024,4,台北市,台北寒舍喜來登大飯店,688.0,15446,74.835271317829,4946.1866502654,76398799,103207632,200697801,776,21389,3562,24951,5508,4788,1042,1418,5904,0.22075267524347722,0.7792473247565228,0.8572401907739169,3701.4921996123503,5.0,五星級,1
2024,4,台北市,台北寒舍艾美酒店,160.0,3794,79.041666666667,9280.9949920928,35212095,53959769,98326490,337,5529,22,5551,2358,117,76,585,1216,0.42478832642767067,0.5752116735723294,0.9960367501351108,7335.853125000048,5.0,五星級,1
2024,4,台北市,台北敦化美憬閣酒店,101.0,828,27.326732673267003,4058.981884058,3360837,368384,4178447,48,1467,0,1467,311,17,36,134,97,0.2119972733469666,0.7880027266530334,1.0,1109.187128712866,,無星等/未評鑑,0
2024,4,台北市,台北漢來大飯店,424.0,3448,27.106918238993998,5364.8816705336,18498112,52993296,84236429,435,5588,741,6329,5128,129,143,138,187,0.8102385842945173,0.18976141570548266,0.882919892558066,1454.2540880503186,5.0,五星級,1
2024,4,台北市,台北美福大飯店,146.0,2751,62.808219178082005,6317.1192293711,17378395,50675756,74113733,332,4723,197,4920,2442,267,541,189,720,0.49634146341463414,0.5036585365853659,0.9599593495934959,3967.6700913241657,6.0,卓越五星,1
2024,4,台北市,台北艾麗酒店,235.0,5551,78.737588652482,6413.9446946496,35603807,17449353,59057702,187,7611,521,8132,1879,246,289,1045,1220,0.2310624692572553,0.7689375307427447,0.9359321200196754,5050.185390070895,5.0,五星級,1
2024,4,台北市,台北花園大酒店,241.0,6118,84.619640387275,2585.9354364171,15820753,17828584,42246688,149,11351,1462,12813,971,358,4312,1466,796,0.07578240849137595,0.924217591508624,0.8858971357215328,2188.20926694326,4.0,四星級,1
2024,4,台北市,台北萬豪酒店,318.0,7934,83.165618448637,5997.535291152,47584445,60609322,135504571,518,8681,1969,10650,1739,435,1697,582,4054,0.1632863849765258,0.8367136150234742,0.8151173708920187,4987.887316561823,5.0,五星級,1
2024,4,台北市,台北遠東香格里拉,420.0,8754,69.47619047619,6156.0137080192,53889744,48362957,119681470,476,12059,2647,14706,2385,905,394,1026,4920,0.16217870257037945,0.8378212974296205,0.8200054399564803,4276.963809523786,5.0,五星級,1
2024,4,台北市,國王大飯店,97.0,1856,63.780068728522,1807.2510775862,3354258,687967,4058398,47,557,1299,1856,223,1553,2,5,30,0.12015086206896551,0.8798491379310345,0.30010775862068967,1152.6659793814326,3.0,三星級,1
2024,4,台北市,國聯大飯店,243.0,1378,18.902606310014,4401.8294629898,6065721,910846,7775103,81,1418,897,2315,1248,255,222,187,93,0.5390928725701943,0.46090712742980566,0.6125269978401728,832.0604938271654,4.0,四星級,1
2024,4,台北市,圓山大飯店,473.0,10023,70.634249471459,4239.6084006784,42493595,52000224,107555790,536,11574,8571,20145,9553,4560,626,454,1843,0.4742119632663192,0.5257880367336808,0.5745346239761727,2994.6155743481145,5.0,五星級,1
2024,4,台北市,天成大飯店,225.0,5844,86.577777777778,3747.1146475017,21898138,23013360,47757862,317,12146,324,12470,1791,2999,1976,1169,1172,0.14362469927826785,0.8563753007217322,0.9740176423416199,3244.1685925925913,4.0,四星級,1
2024,4,台北市,日勝生加賀屋國際溫泉飯店,89.0,913,34.194756554307,11425.272727273,10431274,6287809,21560304,129,2036,71,2107,1399,71,13,313,119,0.6639772187944946,0.33602278120550544,0.9663028001898434,3906.8441947566344,,無星等/未評鑑,0
2024,4,台北市,晶華酒店,538.0,11762,72.874845105328,5723.1796463187,67316039,136716897,226839967,960,19457,1558,21015,7209,5195,1812,916,2234,0.3430406852248394,0.6569593147751607,0.925862479181537,4170.758302354412,5.0,五星級,1
2024,4,台北市,歐華酒店,112.0,1271,37.827380952381,3572.5365853659,4540694,3484997,8862912,90,1365,823,2188,285,604,52,97,295,0.13025594149908593,0.8697440585009141,0.6238574040219378,1351.3970238095428,4.0,四星級,1
2024,4,台北市,漢普頓酒店,121.0,2565,70.661157024793,2479.6822612086,6360385,3329390,11521581,62,4151,1058,5209,2585,822,406,574,155,0.4962564791706662,0.5037435208293338,0.7968899980802457,1752.1721763085463,,無星等/未評鑑,0
2024,4,台北市,福容大飯店  台北一館,120.0,1824,50.666666666667005,3162.6041666667,5768590,5809437,12203172,75,2351,450,2801,1294,156,149,130,283,0.46197786504819705,0.538022134951803,0.8393430917529454,1602.386111111139,4.0,四星級,1
2024,4,台北市,福華大飯店,606.0,11312,62.222222222222,4405.9405940594,49840000,33454000,101027000,479,18146,1922,20068,6403,1573,1814,338,3530,0.3190651783934622,0.6809348216065378,0.9042256328483157,2741.474147414728,5.0,五星級,1
2024,4,台北市,第一大飯店,176.0,2104,39.848484848485,1798.1886882129,3783389,2957793,27522574,35,538,2794,3332,805,917,14,60,275,0.2415966386554622,0.7584033613445378,0.16146458583433373,716.5509469696887,4.0,四星級,1
2024,4,台北市,美麗信花園酒店,203.0,5505,90.394088669951,2410.3093551317,13268753,3838853,25056216,120,10067,1186,11253,1838,2971,1464,1102,965,0.16333422198524838,0.8366657780147516,0.8946058828756775,2178.777175697873,,無星等/未評鑑,0
2024,4,台北市,義華酒店,149.0,2190,48.993288590604,3480.1173515982,7621457,206331,8804159,17,3145,133,3278,964,140,253,135,1056,0.2940817571690055,0.7059182428309945,0.9594264795607077,1705.0239373601912,,無星等/未評鑑,0
2024,4,台北市,老爺大酒店,202.0,4977,82.12871287128701,4895.8030942335,24366412,18514198,48931597,214,7502,250,7752,1529,4438,107,348,438,0.19723942208462333,0.8027605779153767,0.967750257997936,4020.8600660066163,5.0,五星級,1
2024,4,台北市,豪景大酒店,209.0,4166,66.443381180223,2154.6116178589,8976112,25150,9352524,34,5005,4485,9490,1865,547,1150,829,217,0.196522655426765,0.803477344573235,0.5273972602739726,1431.5968102073589,3.0,三星級,1
2024,4,台北市,雀客旅館台北南京,56.0,1364,81.190476190476,2685.1202346041,3662504,0,3662504,8,3002,396,3398,2302,52,58,234,34,0.6774573278399059,0.32254267216009413,0.8834608593290171,2180.061904761895,,無星等/未評鑑,0
2024,4,台北市,雀客藏居台北陽明山,50.0,688,45.866666666667,4630.75,3185956,1747003,5539404,28,1158,228,1386,1118,42,24,52,56,0.8066378066378066,0.1933621933621934,0.8354978354978355,2123.970666666682,3.0,三星級,1
2024,4,台南市,台南大員皇冠假日酒店,230.0,4034,58.463768115942,4096.3549826475,16524696,15997487,35887415,211,6556,2647,9203,8465,30,48,64,255,0.9198087580136912,0.08019124198630878,0.712376399000326,2394.8834782608706,5.0,五星級,1
2024,4,台南市,台南大飯店,152.0,2764,60.614035087718996,2192.8267004342,6060973,8613062,15440302,116,4378,600,4978,3546,600,28,140,123,0.7123342707914825,0.2876657292085175,0.879469666532744,1329.1607456140566,3.0,三星級,1
2024,4,台南市,台南遠東香格里拉,331.0,6791,68.388721047331,4049.4455897511,27499785,15738717,48956894,422,10764,1017,11781,6799,618,397,387,1221,0.5771156947627536,0.4228843052372464,0.9136745607333843,2769.3640483383274,5.0,五星級,1
2024,4,台南市,台糖長榮酒店(台南),197.0,4488,75.939086294416,2803.0276292335,12579988,16620765,30297753,165,6627,2314,8941,7919,233,62,52,126,0.8856951124035343,0.11430488759646573,0.74119226037356,2128.593570219951,5.0,五星級,1
2024,4,台南市,趣淘漫旅,198.0,3489,58.737373737374,3393.4130123244,11839618,2357231,15833320,108,6081,3890,9971,9911,3,0,6,0,0.9939825493932404,0.006017450606759622,0.6098686189950857,1993.201683501664,3.0,三星級,1
2024,4,台南市,遠百企業觀光旅館,40.0,80,6.6666666666667,505.0,40400,0,40400,23,80,0,80,80,0,0,0,0,1.0,0.0,1.0,33.666666666666835,,無星等/未評鑑,0
2024,4,台東縣,台東桂田喜來登酒店,290.0,2806,32.252873563217996,3619.8300071276,10157243,11834398,22701566,148,3701,2956,6657,6413,5,9,6,154,0.9633468529367583,0.03665314706324174,0.5559561363977767,1167.4991954022898,5.0,五星級,1
2024,4,台東縣,娜路彎大酒店,292.0,3825,43.664383561644,4627.7249673203,17701048,10552595,33985512,167,6758,1287,8045,6225,12,0,8,63,0.7737725295214419,0.22622747047855807,0.8400248601615911,2020.6675799087002,5.0,五星級,1
2024,4,台東縣,樂樂日暉溫泉酒店,48.0,233,16.180555555556,2505.3862660944,583755,0,583755,9,468,0,468,468,0,0,0,0,1.0,0.0,1.0,405.3854166666745,,無星等/未評鑑,0
2024,4,台東縣,知本老爺大酒店,182.0,3510,64.28571428571401,5058.0965811966,17753919,9323443,30304490,194,5862,1736,7598,7076,21,0,34,248,0.9312977099236641,0.06870229007633588,0.7715188207423006,3251.633516483514,5.0,五星級,1
2024,4,嘉義市,耐斯王子大飯店,245.0,3294,44.816326530612,2771.3181542198,9128722,7595109,17971837,111,4373,4199,8572,7888,90,21,66,78,0.920205319645357,0.07979468035464299,0.5101493233784414,1242.0029931972751,5.0,五星級,1
2024,4,嘉義市,鈺通大飯店,120.0,1372,38.111111111111,2168.9307580175,2975773,3115907,6102000,61,1558,1215,2773,2711,14,0,4,32,0.9776415434547422,0.02235845654525781,0.561846375766318,826.6036111111115,3.0,三星級,1
2024,4,嘉義縣,名都觀光渡假大飯店,97.0,868,29.828178694157998,1557.7142857143,1352096,1123695,2508982,40,500,1575,2075,2075,0,0,0,0,1.0,0.0,0.24096385542168675,464.63780068728835,3.0,三星級,1
2024,4,嘉義縣,阿里山賓館(歷史館),35.0,276,26.285714285714,11116.322463768,3068105,0,3068105,11,510,218,728,655,0,3,6,17,0.8997252747252747,0.10027472527472525,0.7005494505494505,2922.0047619047,4.0,四星級,1
2024,4,嘉義縣,阿里山賓館(現代館),104.0,1407,45.096153846154,10646.462686567,14979573,6544832,22206517,102,2483,1064,3547,3196,2,15,29,84,0.9010431350436989,0.09895686495630107,0.7000281928390188,4801.145192307635,4.0,四星級,1
2024,4,基隆市,長榮桂冠酒店(基隆),140.0,3719,88.547619047619,2980.6810970691,11085153,6303798,20658383,87,4532,3249,7781,7403,19,1,41,107,0.9514201259478217,0.04857987405217834,0.5824444158848477,2639.3221428571374,5.0,五星級,1
2024,4,宜蘭縣,凱渡廣場酒店,285.0,2136,24.982456140351,5879.25,12558078,10043987,24406115,144,2353,2907,5260,5186,4,0,12,30,0.9859315589353612,0.014068441064638781,0.4473384030418251,1468.7810526315861,,無星等/未評鑑,0
2024,4,宜蘭縣,山泉大飯店,146.0,2140,48.858447488584,1984.173364486,4246131,1015353,5538404,39,1428,3246,4674,3844,0,148,302,0,0.8224219084296106,0.1775780915703894,0.3055198973042362,969.4363013698628,3.0,三星級,1
2024,4,宜蘭縣,幼獅大飯店,53.0,187,11.761006289308,1278.6096256684,239100,0,250100,8,87,162,249,249,0,0,0,0,1.0,0.0,0.3493975903614458,150.377358490558,3.0,三星級,1
2024,4,宜蘭縣,悅川酒店,103.0,2056,66.53721682847899,4289.2932879377,8818787,6037143,14855930,97,2217,3325,5542,5429,0,0,31,2,0.9796102490075785,0.020389750992421463,0.40003608805485386,2853.9763754045034,4.0,四星級,1
2024,4,宜蘭縣,礁溪麒麟酒店,167.0,1775,35.429141716566996,4290.1008450704,7614929,0,7614929,46,3756,682,4438,4139,15,66,98,9,0.9326273095989185,0.06737269040108151,0.8463271744028842,1519.9459081836303,,無星等/未評鑑,0
2024,4,宜蘭縣,綠舞國際觀光飯店,113.0,1028,30.324483775811,5964.1089494163,6131104,3436198,13348390,227,1885,1257,3142,3142,0,0,0,0,1.0,0.0,0.5999363462762571,1808.5852507374377,4.0,四星級,1
2024,4,宜蘭縣,蘭城晶英酒店,193.0,3985,68.825561312608,10568.252446675,42114486,33591426,84327479,355,13792,576,14368,13428,0,4,276,99,0.9345768374164811,0.06542316258351888,0.9599109131403119,7273.659067357498,5.0,五星級,1
2024,4,宜蘭縣,長榮鳳凰酒店(礁溪),231.0,3115,44.949494949495,5559.6282504013,17318242,18046291,38963302,257,6053,2314,8367,8063,10,32,54,128,0.9636667861838174,0.0363332138161826,0.723437313254452,2499.0248196248294,5.0,五星級,1
2024,4,屏東縣,凱撒大飯店,281.0,6102,72.38434163701099,6183.5555555556,37732056,6667712,47456590,198,13604,1550,15154,13428,80,435,208,284,0.8861026791606177,0.11389732083938231,0.8977167744489903,4475.925978647739,5.0,五星級,1
2024,4,屏東縣,墾丁怡灣渡假酒店,234.0,4141,58.988603988604005,3466.5208886742,14354863,896215,15609698,76,3462,5006,8468,3290,0,0,4,0,0.38852149267831837,0.6114785073216816,0.4088332546055739,2044.85227920226,3.0,三星級,1
2024,4,屏東縣,墾丁福華渡假飯店,458.0,6997,50.92430858806401,3665.8543661569,25649983,7258964,33787474,233,11478,9274,20752,19577,46,93,4,123,0.9433789514263685,0.05662104857363148,0.5531033153430994,1866.8109898107577,5.0,五星級,1
2024,4,新北市,八里福朋喜來登酒店,241.0,3367,46.569847856155,3457.7748737749,11642328,15197905,26914097,151,4983,3609,8592,7877,83,34,36,282,0.9167830540037244,0.0832169459962756,0.5799581005586593,1610.2804979253262,3.0,三星級,1
2024,4,新北市,大板根渡假酒店,95.0,2238,78.526315789474,6258.0,14005404,13298809,41366662,226,2887,3827,6714,6447,9,18,84,30,0.9602323503127793,0.039767649687220685,0.4299970211498362,4914.176842105283,4.0,四星級,1
2024,4,新北市,板橋凱撒大飯店,400.0,10127,84.39166666666699,4108.1111879135,41602842,6514480,48196288,151,18054,2701,20755,11583,946,2909,1350,431,0.5580823897855939,0.4419176102144061,0.869862683690677,3466.9035000000144,5.0,五星級,1
2024,4,新北市,瓏山林台北中和飯店,126.0,2065,54.62962962963,2394.7055690073,4945067,1973368,7080250,83,3313,725,4038,2345,64,37,104,219,0.5807330361565132,0.41926696384348683,0.8204556711243189,1308.2187830688117,3.0,三星級,1
2024,4,新北市,碧特弗大飯店,55.0,259,15.696969696970001,2448.3088803089,634112,153510,787622,16,183,215,398,348,0,0,6,2,0.8743718592964824,0.12562814070351758,0.45979899497487436,384.3103030303135,,無星等/未評鑑,0
2024,4,新北市,福容大飯店    淡水漁人碼頭,198.0,3343,56.279461279460996,6177.9455578821,20652872,12219142,35054725,148,3796,5065,8861,8633,13,23,26,107,0.9742692698341046,0.025730730165895443,0.428394086446225,3476.914478114437,4.0,四星級,1
2024,4,新北市,福容大飯店 福隆,174.0,2023,38.754789272031,4914.5872466634,9942210,4779138,16157395,119,3414,1974,5388,5287,7,7,5,31,0.9812546399406088,0.018745360059391203,0.6336302895322939,1904.6379310345108,3.0,三星級,1
2024,4,新北市,美麗春天大飯店,34.0,0,0.0,,0,0,0,3,0,0,0,0,0,0,0,0,,,,,,無星等/未評鑑,0
2024,4,新竹市,新竹國賓大飯店,257.0,4771,61.880674448768005,3481.4200377279,16609855,28326339,51324739,273,6612,1428,8040,5059,481,365,53,602,0.6292288557213931,0.3707711442786069,0.8223880597014925,2154.326199740578,4.0,四星級,1
2024,4,新竹市,新竹老爺大酒店,208.0,4620,74.038461538462,3026.2714285714,13981374,12278101,27380837,162,5920,1245,7165,4857,827,127,29,376,0.6778785764131193,0.3221214235868807,0.8262386601535241,2240.6048076923007,4.0,四星級,1
2024,4,新竹縣,新竹喜來登大飯店,386.0,8576,74.05872193437,3880.4933535448,33279111,31132334,73962467,302,9057,1457,10514,4499,246,722,35,2529,0.42790564961004374,0.5720943503899563,0.8614228647517596,2873.8437823834524,4.0,四星級,1
2024,4,新竹縣,豐邑喜來登大飯店,384.0,5718,49.635416666667,3880.0409233998,22186074,2961577,27425374,101,6038,972,7010,2999,164,481,23,1686,0.4278174037089872,0.5721825962910128,0.8613409415121255,1925.8744791666843,4.0,四星級,1
2024,4,桃園市,南方莊園渡假飯店,111.0,1338,40.180180180179995,5552.2840059791,7428956,12272436,22471562,124,2099,1575,3674,3643,4,0,10,1,0.9915623298856832,0.008437670114316842,0.5713119216113228,2230.917717717718,4.0,四星級,1
2024,4,桃園市,古華花園飯店,255.0,6111,79.88235294117601,2546.7077401407,15562931,8104199,24908264,161,8694,1017,9711,5100,360,209,338,397,0.5251776336113686,0.4748223663886314,0.8952734012974977,2034.3700653594415,3.0,三星級,1
2024,4,桃園市,台北諾富特華航桃園機場飯店,516.0,10551,68.15891472868199,3155.6482797839,33295245,22575298,60587034,253,11591,1131,12722,3908,955,327,110,1176,0.3071844049677724,0.6928155950322277,0.9110988838232982,2150.855620155028,4.0,四星級,1
2024,4,桃園市,名人堂花園大飯店,128.0,1803,46.953125,6263.2484747643,11292637,15856683,31794764,243,5385,379,5764,5545,3,5,52,63,0.9620055517002082,0.037994448299791816,0.9342470506592644,2940.790885416676,,無星等/未評鑑,0
2024,4,桃園市,和逸飯店桃園青埔館,218.0,4339,66.345565749235,4996.852731044,21681344,0,24645606,110,8950,1377,10327,7651,104,334,348,420,0.7408734385591169,0.2591265614408831,0.866660211097124,3315.1902140672423,4.0,四星級,1
2024,4,桃園市,尊爵大飯店,218.0,3369,51.51376146788999,2711.8026120511,9136063,5181892,14843441,97,1946,2577,4523,861,316,413,65,144,0.19036038027857616,0.8096396197214238,0.4302454123369445,1396.951529052014,3.0,三星級,1
2024,4,桃園市,尊爵天際大飯店,250.0,5451,72.68,2597.843698404,14160846,1963909,16265522,82,3100,4466,7566,692,170,360,0,171,0.09146180280200898,0.908538197197991,0.40972772931535817,1888.1128000000274,3.0,三星級,1
2024,4,桃園市,桃園喜來登酒店,189.0,2651,46.754850088183,3191.4168238401,8460446,7809708,17737884,145,3280,1086,4366,2428,150,52,95,950,0.5561154374713697,0.4438845625286303,0.7512597343105818,1492.14215167549,4.0,四星級,1
2024,4,桃園市,福容大飯店   桃園,182.0,4181,76.575091575092,2245.3903372399,9387977,3980268,13660813,67,3666,515,4181,2096,154,144,202,50,0.5013154747668022,0.49868452523319784,0.8768237263812485,1719.4097069597206,3.0,三星級,1
2024,4,桃園市,福容徠旅 林口,149.0,2449,54.787472035794,2645.4614128216,6478735,0,6478735,23,3988,754,4742,3063,121,302,139,118,0.6459299873471109,0.35407001265288907,0.8409953606073387,1449.381431767355,,無星等/未評鑑,0
2024,4,澎湖縣,寶華大飯店,74.0,722,32.522522522523,1822.6094182825,1315924,4810,1322734,15,646,834,1480,1446,12,10,1,0,0.977027027027027,0.02297297297297296,0.43648648648648647,592.7585585585515,,無星等/未評鑑,0
2024,4,澎湖縣,澎湖福朋喜來登酒店,331.0,6845,68.932527693857,2812.4666179693,19251334,22315329,45320833,205,8867,7147,16014,15436,17,0,8,379,0.9639065817409767,0.03609341825902335,0.5537030098663669,1938.7043303121711,5.0,五星級,1
2024,4,花蓮縣,瑞穗天合國際觀光酒店,198.0,1486,25.016835016835,9878.9845222073,14680171,2816762,18361727,195,2915,1023,3938,3777,2,0,6,110,0.9591163026917217,0.040883697308278344,0.7402234636871509,2471.4092592592656,5.0,五星級,1
2024,4,花蓮縣,美侖大飯店,299.0,1046,11.661092530658,3305.3479923518,3457394,2318330,6280401,182,1907,308,2215,1752,5,12,20,250,0.7909706546275395,0.20902934537246054,0.8609480812641084,385.4396878483899,5.0,五星級,1
2024,4,花蓮縣,遠雄悅來大飯店,381.0,470,4.111986001749799,4225.3042553191,1985893,2818183,5317920,332,871,208,1079,992,2,3,8,31,0.9193697868396663,0.0806302131603337,0.8072289156626506,173.74391951006,5.0,五星級,1
2024,4,苗栗縣,馥藝金鬱金香酒店,191.0,3695,64.485165794066,2421.0186738836,8945664,4600524,13936120,91,5026,2432,7458,7078,54,9,27,7,0.9490480021453472,0.050951997854652764,0.6739072137302226,1561.1979057591377,3.0,三星級,1
2024,4,金門縣,陸島酒店,47.0,492,34.893617021277,1308.7703252033,643915,77360,721845,16,18,949,967,961,0,0,0,0,0.9937952430196484,0.006204756980351611,0.01861427094105481,456.677304964561,,無星等/未評鑑,0
2024,4,高雄市,寒軒國際大飯店,371.0,8389,75.37286612758301,2177.1783287639,18264349,12981078,31955541,206,6743,5279,12022,9545,960,256,181,106,0.7939610713691565,0.2060389286308435,0.5608883713192481,1641.0017070979634,5.0,五星級,1
2024,4,高雄市,承攜行旅 高雄六合館,269.0,3469,42.986369268897,2273.9703084462,7888403,0,7888403,22,5497,4905,10402,7350,122,78,519,37,0.7065948855989233,0.29340511440107675,0.5284560661411267,977.4972738537596,,無星等/未評鑑,0
2024,4,高雄市,晶英國際行館,147.0,1813,41.111111111111,7165.1406508549,12990400,11465284,30242119,221,3308,163,3471,2847,147,30,119,99,0.8202247191011236,0.1797752808988764,0.9530394698934025,2945.66893424034,4.0,四星級,1
2024,4,高雄市,漢來大飯店,535.0,9453,58.897196261682005,4514.9609647731,42679926,57180224,124192299,767,11754,4094,15848,9729,1441,595,190,804,0.61389449772842,0.38610550227158,0.741670873296315,2659.185420560744,5.0,五星級,1
2024,4,高雄市,福容大飯店 高雄,250.0,4476,59.68,2529.4101876676,11321640,4040576,15371483,80,4083,4970,9053,8111,131,183,126,206,0.8959460952170551,0.10405390478294485,0.45101071468021653,1509.5520000000238,3.0,三星級,1
2024,4,高雄市,義大皇家酒店,656.0,9237,46.935975609756,2987.6945978131,27597335,17809452,49165493,385,10737,12731,23468,22405,38,499,158,45,0.9547042781660133,0.04529572183398667,0.457516618373956,1402.303607723554,4.0,四星級,1
2024,4,高雄市,高雄圓山大飯店,105.0,2262,71.809523809524,2975.4721485411,6730518,8685913,16904656,128,3290,1634,4924,4521,125,4,4,51,0.9181559707554834,0.08184402924451661,0.6681559707554834,2136.6723809523764,5.0,五星級,1
2024,4,高雄市,高雄福華大飯店,271.0,5705,70.17220172201701,2671.5903593339,15241423,16554589,34815723,284,8671,2464,11135,6729,1596,462,602,184,0.6043107319263583,0.3956892680736417,0.7787157611136057,1874.7137761377433,5.0,五星級,1
2024,4,高雄市,高雄萬豪酒店,700.0,12440,59.238095238095,4669.9667202572,58094386,60234884,130424924,618,18063,3144,21207,13529,306,401,633,4206,0.6379497335785353,0.36205026642146465,0.8517470646484652,2766.3993333333015,5.0,五星級,1
2024,4,高雄市,麗尊大酒店,188.0,3318,58.829787234042996,2632.0,8732976,10738483,20146518,179,5266,1166,6432,5120,495,217,214,49,0.7960199004975125,0.20398009950248752,0.8187189054726368,1548.4000000000117,3.0,三星級,1
2024,5,南投縣,日月潭力麗溫德姆溫泉酒店,197.0,1385,22.678893073521998,6307.3761732852,8735716,5233021,15384563,162,1217,2058,3275,3144,3,0,2,72,0.96,0.040000000000000036,0.3716030534351145,1430.443098084154,5.0,五星級,1
2024,5,南投縣,涵碧樓大飯店,96.0,2408,80.91397849462399,15848.813122924,38163942,4231359,46452101,291,3863,824,4687,3868,210,12,37,198,0.8252613612118626,0.17473863878813745,0.8241945807552805,12823.90524193587,5.0,五星級,1
2024,5,南投縣,雲品溫泉酒店日月潭,207.0,3755,58.516440704379,11256.539813582,42268307,18527710,64744646,319,6137,3282,9419,8565,59,16,104,404,0.9093322008705808,0.09066779912941925,0.6515553668117634,6586.926445379525,5.0,五星級,1
2024,5,台中市,全國大飯店,178.0,2361,42.787241754259,1953.2333756883,4611584,3531923,8861616,73,3089,982,4071,2643,396,68,54,153,0.6492262343404569,0.3507737656595431,0.7587816261360845,835.7346864806268,5.0,五星級,1
2024,5,台中市,台中港酒店,200.0,5171,83.403225806452,2817.7375749371,14570521,3518967,19203754,101,6131,424,6555,2658,1027,64,108,621,0.4054919908466819,0.5945080091533181,0.9353165522501907,2350.084032258034,3.0,三星級,1
2024,5,台中市,台中福華大飯店,155.0,3829,79.687825182102,2749.9182554192,10529437,13845135,27232362,182,6365,411,6776,4837,268,105,71,207,0.7138429752066116,0.28615702479338845,0.939344746162928,2191.3500520291614,5.0,五星級,1
2024,5,台中市,台中金典酒店,222.0,4766,69.253124091834,2602.7601762484,12404755,17419163,39558042,255,4876,4162,9038,7093,487,191,113,162,0.7847975215755698,0.2152024784244302,0.5394998893560522,1802.4927346701415,5.0,五星級,1
2024,5,台中市,裕元花園酒店,149.0,3390,73.392509201126,3685.4144542773,12493555,31716715,47264104,277,5290,588,5878,4735,105,77,99,271,0.8055461041170466,0.19445389588295336,0.8999659748213679,2704.818142455095,5.0,五星級,1
2024,5,台中市,通豪大飯店,226.0,2480,35.398230088496,1454.8201612903,3607954,349915,4368125,39,2465,0,2465,2284,6,13,26,21,0.9265720081135903,0.0734279918864097,1.0,514.9805880673689,3.0,三星級,1
2024,5,台中市,長榮桂冠酒店(台中),354.0,6816,62.110442864953995,2411.5145246479,16436883,24627070,46165341,238,4795,2021,6816,5256,362,60,68,223,0.7711267605633803,0.22887323943661975,0.7034917840375586,1497.8023510115008,5.0,五星級,1
2024,5,台中市,龍谷大飯店,189.0,773,13.193377709507,1758.8253557568,1359572,715180,2455514,33,336,1279,1615,1592,0,0,13,0,0.9857585139318885,0.014241486068111486,0.20804953560371517,232.04847243557487,,無星等/未評鑑,0
2024,5,台北市,JR東日本大飯店台北,288.0,6318,70.766129032258,5442.3271604938,34384623,26461225,65771559,253,10914,681,11595,2827,3720,683,1094,914,0.2438119879258301,0.75618801207417,0.941267787839586,3851.324260752665,4.0,四星級,1
2024,5,台北市,三德大飯店,287.0,4312,48.46577498033,1934.1702226345,8340142,2535557,14443424,66,5840,775,6615,1995,1601,274,1003,166,0.30158730158730157,0.6984126984126984,0.8828420256991686,937.4105878385847,3.0,三星級,1
2024,5,台北市,亞都麗緻大飯店,219.0,3003,44.233318603624,4019.999000999,12072057,14166223,30428654,196,4746,0,4746,1390,1474,165,180,395,0.29287821323219554,0.7071217867678045,1.0,1778.1789659743895,4.0,四星級,1
2024,5,台北市,兄弟大飯店,250.0,4443,57.329032258065006,3691.8892640108,16403064,49820830,71383647,450,3528,2485,6013,2556,1482,138,151,556,0.42507899550972894,0.5749210044902711,0.5867287543655413,2116.52438709679,4.0,四星級,1
2024,5,台北市,北投老爺酒店,50.0,975,62.903225806452,5069.3497435897,4942616,3521907,9800526,62,1991,46,2037,1290,61,62,427,74,0.6332842415316642,0.3667157584683358,0.9774177712322042,3188.7845161290247,4.0,四星級,1
2024,5,台北市,北投麗禧溫泉酒店,66.0,1149,56.158357771261,14429.433420366,16579419,7173547,29282324,162,1640,55,1695,849,90,97,303,115,0.5008849557522124,0.49911504424778763,0.967551622418879,8103.332844575041,4.0,四星級,1
2024,5,台北市,台北W飯店,405.0,7496,59.705296694543996,9220.2146478122,69114729,44640226,127939496,387,9878,816,10694,2030,836,261,1070,2884,0.18982607069384702,0.810173929306153,0.9236955302038526,5504.9565113500785,5.0,五星級,1
2024,5,台北市,台北中山雅樂軒酒店,88.0,2260,82.844574780059,4352.3619469027,9836338,425785,11369116,41,3320,0,3320,503,599,44,290,924,0.15150602409638556,0.8484939759036144,1.0,3605.6957478006393,,無星等/未評鑑,0
2024,5,台北市,台北凱撒大飯店,478.0,11293,76.21136455662,3524.2474984504,39799327,13343496,55730598,134,15423,5296,20719,4039,9515,1456,1399,806,0.19494184082243352,0.8050581591775665,0.7443892079733578,2685.8771089215948,4.0,四星級,1
2024,5,台北市,台北君品大酒店,286.0,5848,65.959846605008,5035.6838235294,29448679,35477477,67959373,307,9368,915,10283,1504,2995,705,1149,950,0.1462608188271905,0.8537391811728094,0.9110181853544685,3321.5293255131937,5.0,五星級,1
2024,5,台北市,台北君悅酒店,850.0,19230,72.97912713472499,6141.2120124805,118095507,112988116,260289399,535,20238,9926,30164,11177,1898,1875,880,8346,0.37054104230208196,0.629458957697918,0.6709322371038324,4481.802922201146,5.0,五星級,1
2024,5,台北市,台北寒舍喜來登大飯店,688.0,14995,70.30663915979,5263.0041347116,78918747,110991453,211687537,777,19111,4576,23687,5236,6087,936,1117,4732,0.22104952083421286,0.7789504791657871,0.8068138641448896,3700.241325956513,5.0,五星級,1
2024,5,台北市,台北寒舍艾美酒店,160.0,3989,80.42338709677401,9096.0471296064,36284132,73186772,119773479,327,4390,924,5314,2145,168,114,443,1297,0.4036507339104253,0.5963492660895747,0.8261196838539706,7315.349193548356,5.0,五星級,1
2024,5,台北市,台北敦化美憬閣酒店,101.0,822,26.253593101245997,4237.1849148418,3482966,125903,4039439,48,1186,0,1186,386,0,28,81,0,0.3254637436762226,0.6745362563237773,1.0,1112.4132864899427,,無星等/未評鑑,0
2024,5,台北市,台北漢來大飯店,424.0,3291,25.03804017042,5648.0240048617,18587647,57045231,89980973,440,5280,624,5904,4586,251,108,172,163,0.7767615176151762,0.2232384823848238,0.8943089430894309,1414.1545191722369,5.0,五星級,1
2024,5,台北市,台北美福大飯店,146.0,3010,66.504639858595,6324.2920265781,19036119,62897989,89062715,333,4980,362,5342,2557,462,688,127,865,0.4786596780232123,0.5213403219767877,0.9322351179333583,4205.947635881605,6.0,卓越五星,1
2024,5,台北市,台北艾麗酒店,235.0,5420,74.399450926561,6515.7793357934,35315524,20558752,62013708,181,6921,666,7587,1366,187,499,861,1295,0.1800448134967708,0.8199551865032292,0.9122182680901542,4847.704049416613,5.0,五星級,1
2024,5,台北市,台北花園大酒店,241.0,5796,77.57997590684,2304.6055900621,13357494,21189927,43015969,150,10716,994,11710,1343,788,4331,1668,544,0.11468830059777968,0.8853116994022203,0.9151152860802733,1787.912461517865,4.0,四星級,1
2024,5,台北市,台北萬豪酒店,318.0,8215,83.333333333333,5994.7593426659,49246948,67140329,162784707,520,9361,1790,11151,1952,517,1218,381,3898,0.17505156488207335,0.8249484351179266,0.8394762801542462,4995.632785554897,5.0,五星級,1
2024,5,台北市,台北遠東香格里拉,420.0,8590,65.975422427035,5926.0330616997,50904624,62764325,130173938,475,10485,3311,13796,2441,1355,449,707,3957,0.17693534357784865,0.8230646564221513,0.7600028993911279,3909.7253456221324,5.0,五星級,1
2024,5,台北市,國王大飯店,97.0,1770,58.862653807781996,1531.4463276836,2710660,749910,3477127,47,531,1239,1770,156,1582,4,7,11,0.08813559322033898,0.9118644067796611,0.3,901.4499501163881,3.0,三星級,1
2024,5,台北市,國聯大飯店,243.0,1923,25.527678215850003,3000.4258970359,5769819,1032663,7634980,91,1884,1089,2973,1680,161,123,21,70,0.5650857719475277,0.43491422805247226,0.6337033299697276,765.9390681003555,4.0,四星級,1
2024,5,台北市,圓山大飯店,473.0,9769,66.623474050331,4340.9762514075,42406997,62556337,124448696,539,9754,9915,19669,10345,4498,571,356,1563,0.5259545477655193,0.4740454522344807,0.49590726523971734,2892.109186387507,5.0,五星級,1
2024,5,台北市,天成大飯店,225.0,5744,82.351254480287,3578.9768454039,20557643,22666350,46073393,309,11235,835,12070,1704,3670,1733,1182,917,0.1411764705882353,0.8588235294117648,0.9308202154101077,2947.3323297491133,4.0,四星級,1
2024,5,台北市,日勝生加賀屋國際溫泉飯店,89.0,788,28.561072852483,10171.709390863,8015307,5992582,17949411,128,1471,246,1717,1160,118,16,185,78,0.675596971461852,0.32440302853814795,0.8567268491555038,2905.149329467236,,無星等/未評鑑,0
2024,5,台北市,晶華酒店,538.0,11722,70.284206739417,5718.0579252687,67027075,164471759,257178075,960,17791,2812,20603,7248,5437,1675,607,2210,0.3517934281415328,0.6482065718584672,0.8635150220841625,4018.891653675472,5.0,五星級,1
2024,5,台北市,歐華酒店,112.0,1059,30.501152073733,3591.0254957507,3802896,4042504,8631291,93,1164,657,1821,308,744,34,112,143,0.16913783635365184,0.8308621636463481,0.6392092257001647,1095.3041474654453,4.0,四星級,1
2024,5,台北市,漢普頓酒店,121.0,2751,73.340442548654,2417.505997819,6650559,4772343,13900470,61,4479,906,5385,2180,971,559,592,221,0.40482822655524603,0.5951717734447539,0.8317548746518106,1773.0095974407084,,無星等/未評鑑,0
2024,5,台北市,福容大飯店  台北一館,120.0,1740,46.774193548387,3124.9436781609,5437402,7121704,13301189,77,2483,274,2757,1306,169,40,142,304,0.4737033006891549,0.5262966993108451,0.9006166122597026,1461.667204301063,4.0,四星級,1
2024,5,台北市,福華大飯店,606.0,10202,54.306398381774,4167.8102332876,42520000,34757000,92633000,475,16895,1451,18346,6514,1858,1512,519,2752,0.35506377411969914,0.6449362258803009,0.920909190014172,2263.3876290855083,5.0,五星級,1
2024,5,台北市,第一大飯店,176.0,1714,31.41495601173,1825.219369895,3128426,3131231,27156067,34,413,2031,2444,481,753,19,18,208,0.19680851063829788,0.8031914893617021,0.16898527004909983,573.3918621700898,4.0,四星級,1
2024,5,台北市,美麗信花園酒店,203.0,5514,87.621166375338,2287.7569822271,12614692,4737299,25344433,120,9863,1399,11262,1856,3744,1491,926,858,0.16480198898952228,0.8351980110104777,0.8757769490321435,2004.559351660619,,無星等/未評鑑,0
2024,5,台北市,義華酒店,149.0,1636,35.418921844555,3829.956601467,6265809,172621,7280264,17,2025,150,2175,821,106,126,97,494,0.3774712643678161,0.6225287356321839,0.9310344827586207,1356.5293353539716,,無星等/未評鑑,0
2024,5,台北市,老爺大酒店,202.0,5211,83.21622484829099,4974.8712339282,25924054,29912095,62557207,217,7655,521,8176,1722,4917,72,162,401,0.2106164383561644,0.7893835616438356,0.9362769080234834,4139.90003193864,5.0,五星級,1
2024,5,台北市,豪景大酒店,209.0,4115,63.512887791326,2038.8889428919,8390028,12030,8615961,33,5887,3483,9370,2037,648,1915,850,175,0.21739594450373534,0.7826040554962647,0.628281750266809,1294.957246488685,3.0,三星級,1
2024,5,台北市,雀客旅館台北南京,56.0,1041,59.965437788017994,2696.0413064361,2806579,0,2806579,8,2236,0,2236,1764,26,0,84,0,0.7889087656529516,0.21109123434704835,1.0,1616.6929723502074,,無星等/未評鑑,0
2024,5,台北市,雀客藏居台北陽明山,50.0,534,34.451612903226,4501.1310861423,2403604,1548741,5130360,29,748,320,1068,920,20,12,38,28,0.8614232209737828,0.13857677902621723,0.700374531835206,1550.7122580645173,3.0,三星級,1
2024,5,台南市,台南大員皇冠假日酒店,230.0,3878,54.389901823282,3735.0386797318,14484480,17919679,35616168,208,5974,2085,8059,7275,82,37,43,151,0.9027174587417793,0.09728254125822067,0.7412830375977169,2031.4838709677342,5.0,五星級,1
2024,5,台南市,台南大飯店,152.0,2675,56.769949066214,2063.9603738318,5521094,8687513,15243760,116,4051,240,4291,2687,748,59,180,81,0.6261943602889769,0.3738056397110231,0.9440689815893731,1171.7092529711529,3.0,三星級,1
2024,5,台南市,台南遠東香格里拉,331.0,6815,66.41652860345,3823.9201760822,26060016,23836394,56131161,429,9185,2031,11216,6539,802,486,347,975,0.583006419400856,0.41699358059914404,0.8189194008559201,2539.71503752073,5.0,五星級,1
2024,5,台南市,台糖長榮酒店(台南),197.0,4438,72.67070574750299,2688.1498422713,11930009,20171338,33270935,164,7293,1427,8720,7740,251,119,24,237,0.8876146788990825,0.11238532110091748,0.8363532110091743,1953.4974619289421,5.0,五星級,1
2024,5,台南市,趣淘漫旅,198.0,3443,56.093189964158,3241.6996805112,11161172,2501210,15100424,106,4986,4535,9521,9503,0,0,0,0,0.9981094422854743,0.0018905577145257313,0.5236844869236424,1818.3727598566504,3.0,三星級,1
2024,5,台南市,遠百企業觀光旅館,40.0,80,6.451612903225799,505.0,40400,0,40400,23,80,0,80,80,0,0,0,0,1.0,0.0,1.0,32.580645161290285,,無星等/未評鑑,0
2024,5,台東縣,台東桂田喜來登酒店,290.0,2276,25.317018909900003,3035.5206502636,6908845,11532739,19295811,153,2042,2926,4968,4824,27,0,4,86,0.9710144927536232,0.02898550724637683,0.4110305958132045,768.5033370411552,5.0,五星級,1
2024,5,台東縣,娜路彎大酒店,292.0,2636,29.120636323463998,4181.9085735964,11023511,8426432,21920047,161,4003,810,4813,3511,8,0,1,31,0.7294826511531269,0.27051734884687306,0.8317057968003324,1217.7983870967685,5.0,五星級,1
2024,5,台東縣,樂樂日暉溫泉酒店,48.0,228,15.322580645160999,2521.600877193,574925,0,574925,9,459,0,459,459,0,0,0,0,1.0,0.0,1.0,386.3743279569846,,無星等/未評鑑,0
2024,5,台東縣,知本老爺大酒店,182.0,2814,49.875930521092,4656.9484719261,13104653,7312148,22914122,192,4534,1438,5972,5755,42,6,21,26,0.9636637642330877,0.03633623576691225,0.7592096450100468,2322.696384260917,5.0,五星級,1
2024,5,嘉義市,耐斯王子大飯店,245.0,4104,54.035549703752,2132.9115497076,8753469,12122497,23057279,109,2155,7423,9578,9083,117,49,5,58,0.9483190645228649,0.05168093547713515,0.22499477970348716,1152.5304805793173,5.0,五星級,1
2024,5,嘉義市,鈺通大飯店,120.0,1368,36.774193548387004,1977.9861111111,2705885,3729209,6476510,61,1148,1687,2835,2800,25,0,5,5,0.9876543209876543,0.012345679012345734,0.4049382716049383,727.3884408602091,3.0,三星級,1
2024,5,嘉義縣,名都觀光渡假大飯店,97.0,881,29.298303957432996,1494.8955732123,1317003,1487845,2864143,40,103,1793,1896,1896,0,0,0,0,1.0,0.0,0.054324894514767935,437.97904888594996,3.0,三星級,1
2024,5,嘉義縣,阿里山賓館(歷史館),35.0,238,21.935483870968,9193.487394958,2188050,0,2188050,11,432,185,617,578,0,1,2,13,0.9367909238249594,0.06320907617504057,0.700162074554295,2016.6359447004882,4.0,四星級,1
2024,5,嘉義縣,阿里山賓館(現代館),104.0,1208,37.468982630273004,8843.4031456954,10682831,5279118,16337046,104,2110,904,3014,2821,2,5,10,61,0.9359654943596549,0.06403450564034507,0.7000663570006636,3313.533188585626,4.0,四星級,1
2024,5,基隆市,長榮桂冠酒店(基隆),140.0,3605,83.064516129032,2864.5750346741,10326793,7754098,21249747,86,3813,3882,7695,7445,27,20,13,30,0.967511371020143,0.03248862897985705,0.49551656920077974,2379.445391705092,5.0,五星級,1
2024,5,宜蘭縣,凱渡廣場酒店,285.0,2578,29.179400113186,5375.0512024825,13856882,12829257,29037879,134,2291,3866,6157,6110,0,0,2,6,0.9923664122137404,0.007633587786259555,0.37209680038980025,1568.4076966609841,,無星等/未評鑑,0
2024,5,宜蘭縣,山泉大飯店,146.0,2471,54.595669465312,1871.2448401457,4623846,1386932,6327134,38,1768,3536,5304,4683,0,0,342,0,0.8829185520361991,0.11708144796380093,0.3333333333333333,1021.6186478126522,3.0,三星級,1
2024,5,宜蘭縣,幼獅大飯店,53.0,207,12.598904443092,1047.8260869565,216900,0,235460,8,61,216,277,277,0,0,0,0,1.0,0.0,0.22021660649819494,132.01460742543952,3.0,三星級,1
2024,5,宜蘭縣,悅川酒店,103.0,1621,50.767303476354996,4049.7458359038,6564638,7692664,14257302,91,2698,1654,4352,4260,15,0,17,0,0.9788602941176471,0.02113970588235292,0.6199448529411765,2055.9467585343314,4.0,四星級,1
2024,5,宜蘭縣,礁溪麒麟酒店,167.0,1437,27.757388448908998,3988.9429366736,5732111,0,5732111,51,2721,872,3593,3257,18,34,116,18,0.9064848316170331,0.09351516838296692,0.7573058725299193,1107.226385937809,,無星等/未評鑑,0
2024,5,宜蘭縣,綠舞國際觀光飯店,113.0,988,28.204396231801,6152.6538461538,6078822,4112459,14021002,230,1772,1182,2954,2954,0,0,0,0,1.0,0.0,0.5998645903859174,1735.3188695403617,4.0,四星級,1
2024,5,宜蘭縣,蘭城晶英酒店,193.0,4584,76.617081731573,9257.2065881326,42435035,37421700,89140123,355,16360,244,16604,16263,4,3,73,25,0.9794627800529992,0.02053721994700075,0.9853047458443749,7092.601537690114,5.0,五星級,1
2024,5,宜蘭縣,長榮鳳凰酒店(礁溪),231.0,3020,42.172880882558,4797.7149006623,14489099,21219665,39419432,259,5482,2279,7761,7506,0,1,62,30,0.9671434093544646,0.032856590645535366,0.7063522741914702,2023.3345901410476,5.0,五星級,1
2024,5,屏東縣,凱撒大飯店,281.0,5956,68.373321088279,5829.3841504365,34719812,5953749,43621722,197,13582,1083,14665,13530,97,321,143,118,0.9226048414592567,0.0773951585407433,0.9261506989430617,3985.743542647193,5.0,五星級,1
2024,5,屏東縣,墾丁怡灣渡假酒店,234.0,3337,46.002205679625,2508.5376086305,8370990,3421588,12679237,79,3711,3047,6758,3267,0,4,19,12,0.4834270494229062,0.5165729505770937,0.5491269606392424,1153.982630272949,3.0,三星級,1
2024,5,屏東縣,墾丁福華渡假飯店,458.0,6246,43.992111565009004,3218.7355107269,20104222,6827305,27599589,233,8215,8797,17012,15885,46,93,100,123,0.9337526451916295,0.06624735480837052,0.4828944274629673,1415.9897168615403,5.0,五星級,1
2024,5,新北市,八里福朋喜來登酒店,241.0,2766,37.023156203989,3541.9309472162,9796981,1767829,11613688,146,3060,3739,6799,6311,65,38,41,218,0.9282247389321959,0.07177526106780407,0.4500661862038535,1311.3346272252809,3.0,三星級,1
2024,5,新北市,大板根渡假酒店,95.0,2253,76.502546689304,5065.0,11411445,12372771,36490795,227,2203,4556,6759,6627,6,0,36,6,0.9804704837993786,0.019529516200621377,0.3259357893179464,3874.8539898132476,4.0,四星級,1
2024,5,新北市,板橋凱撒大飯店,400.0,10253,82.685483870968,3949.087193992,40489991,8002456,48595716,144,17861,2047,19908,10247,1174,3431,1372,433,0.5147177014265621,0.48528229857343785,0.8971770142656219,3265.3218548387176,5.0,五星級,1
2024,5,新北市,瓏山林台北中和飯店,126.0,1711,43.804403481823,2347.0631209819,4015825,2081256,6385893,81,2798,533,3331,2322,77,22,133,127,0.6970879615731012,0.30291203842689884,0.8399879915941159,1028.116999487979,3.0,三星級,1
2024,5,新北市,碧特弗大飯店,55.0,196,11.495601173021,2670.9846938776,523513,147628,671141,16,186,162,348,332,4,2,2,2,0.9540229885057471,0.04597701149425293,0.5344827586206896,307.0457478006048,,無星等/未評鑑,0
2024,5,新北市,福容大飯店    淡水漁人碼頭,198.0,3014,49.103942652330005,5059.103848706,15248139,14178106,31060402,149,3515,4566,8081,7922,24,14,24,27,0.9803242172998391,0.019675782700160904,0.4349709194406633,2484.219452590414,4.0,四星級,1
2024,5,新北市,福容大飯店 福隆,174.0,2376,44.0489432703,4825.1994949495,11464674,6569599,20211895,131,3279,3017,6296,6187,41,3,2,18,0.9826874205844981,0.017312579415501905,0.5208068614993647,2125.4493882091074,3.0,三星級,1
2024,5,新北市,美麗春天大飯店,34.0,0,0.0,,0,0,0,3,0,0,0,0,0,0,0,0,,,,,,無星等/未評鑑,0
2024,5,新竹市,新竹國賓大飯店,257.0,4768,59.846868331869,3419.7978187919,16305596,28006455,50436713,257,6384,1255,7639,4671,477,387,67,491,0.611467469564079,0.38853253043592095,0.8357114805602828,2046.6418978285164,4.0,四星級,1
2024,5,新竹市,新竹老爺大酒店,208.0,4824,74.813895781638,3009.9769900498,14520129,12324094,27924844,161,6083,1004,7087,4773,864,81,0,530,0.6734866657259772,0.32651333427402285,0.8583321574714265,2251.8810483871416,4.0,四星級,1
2024,5,新竹縣,新竹喜來登大飯店,386.0,9787,81.790071870299,3863.6987841014,37814020,36705594,85775003,305,10012,1525,11537,4306,323,860,33,2850,0.37323394296610907,0.6267660570338909,0.8678165901014129,3160.122012368404,4.0,四星級,1
2024,5,新竹縣,豐邑喜來登大飯店,384.0,6524,54.805107526882004,3864.0935009197,25209346,3599954,31436748,98,6675,1016,7691,2870,216,574,22,1900,0.37316343778442335,0.6268365622155767,0.867897542582239,2117.720598118301,4.0,四星級,1
2024,5,桃園市,南方莊園渡假飯店,111.0,1180,34.292356873002,5520.8415254237,6514593,8428222,17685074,127,2264,688,2952,2952,0,0,0,0,1.0,0.0,0.7669376693766937,1893.2266782911827,4.0,四星級,1
2024,5,桃園市,古華花園飯店,255.0,6119,77.406704617331,2646.3206406276,16192836,8338472,25993363,164,9723,382,10105,5748,372,308,424,519,0.5688273132112815,0.43117268678871845,0.9621969322117764,2048.4296015180676,3.0,三星級,1
2024,5,桃園市,台北諾富特華航桃園機場飯店,516.0,9563,59.78369592398099,3003.4744327094,28722226,22606285,55726582,256,9548,1140,10688,3271,1080,265,149,1067,0.3060441616766467,0.6939558383233533,0.8933383233532934,1795.5880220055008,4.0,四星級,1
2024,5,桃園市,名人堂花園大飯店,128.0,1806,45.514112903226,5274.8466223699,9526373,14751747,27932678,180,4652,648,5300,5162,2,0,35,14,0.9739622641509434,0.026037735849056554,0.8777358490566037,2400.7996471774395,,無星等/未評鑑,0
2024,5,桃園市,和逸飯店桃園青埔館,218.0,3981,58.907960935188,4848.2918864607,19301050,0,22455483,114,6561,1643,8204,6320,141,202,248,242,0.7703559239395417,0.22964407606045834,0.7997318381277425,2856.0298905001587,4.0,四星級,1
2024,5,桃園市,尊爵大飯店,218.0,3173,46.951760875999,2794.6378821305,8867386,7924801,17388034,96,2227,2414,4641,961,428,359,68,105,0.20706744236156002,0.79293255763844,0.47985347985347987,1312.1316957679953,3.0,三星級,1
2024,5,桃園市,尊爵天際大飯店,250.0,4572,58.99354838709699,2623.2887139108,11993676,3400693,15516653,80,2623,2971,5594,771,275,275,0,180,0.13782624240257418,0.8621737575974258,0.46889524490525564,1547.5710967742225,3.0,三星級,1
2024,5,桃園市,桃園喜來登酒店,189.0,2292,39.119303635433,3129.497382199,7172808,10453466,19041608,146,2557,832,3389,1782,225,62,60,627,0.525818825612275,0.474181174387725,0.7544998524638536,1224.237583205354,4.0,四星級,1
2024,5,桃園市,福容大飯店   桃園,182.0,4408,78.128323289614,2243.390199637,9888864,5174744,15395204,64,4144,263,4407,1690,205,318,525,127,0.3834808259587021,0.6165191740412979,0.9403222146584979,1752.7231478199124,3.0,三星級,1
2024,5,桃園市,福容徠旅 林口,149.0,2831,61.290322580645,2555.206640763,7233790,0,7233790,24,4409,1152,5561,3778,194,213,128,110,0.6793742132709945,0.32062578672900555,0.7928430138464305,1566.0943927257053,,無星等/未評鑑,0
2024,5,澎湖縣,寶華大飯店,74.0,1150,50.130775937228,2159.7895652174,2483758,22295,2520553,15,1155,1320,2475,2442,0,0,8,2,0.9866666666666667,0.013333333333333308,0.4666666666666667,1082.7192676547656,,無星等/未評鑑,0
2024,5,澎湖縣,澎湖福朋喜來登酒店,331.0,7556,73.638046973979,3840.1013763896,29015806,24051568,57747933,200,9507,7878,17385,16576,0,0,13,658,0.9534656312913431,0.046534368708656904,0.5468507333908542,2827.7756553941877,5.0,五星級,1
2024,5,花蓮縣,瑞穗天合國際觀光酒店,198.0,1235,20.120560443141,9232.0267206478,11401553,2360227,14440696,193,1644,1483,3127,3060,0,0,5,1,0.9785737128237928,0.021426287176207204,0.5257435241445475,1857.5355164548685,5.0,五星級,1
2024,5,花蓮縣,美侖大飯店,299.0,713,7.6923076923077,3102.809256662,2212303,2949848,5857487,166,1225,370,1595,1406,31,2,1,31,0.8815047021943574,0.11849529780564261,0.768025078369906,238.67763512784637,5.0,五星級,1
2024,5,花蓮縣,遠雄悅來大飯店,381.0,312,2.6416052832106,3779.9519230769,1179345,3305571,4933929,326,610,98,708,669,0,2,0,18,0.9449152542372882,0.05508474576271183,0.8615819209039548,99.85140970282008,5.0,五星級,1
2024,5,苗栗縣,馥藝金鬱金香酒店,191.0,4134,69.819287282554,2063.5440251572,8530691,5069735,14000816,101,4730,1916,6646,6310,49,26,2,27,0.9494432741498646,0.050556725850135376,0.7117062894974421,1440.751731126484,3.0,三星級,1
2024,5,金門縣,陸島酒店,47.0,624,42.827728208648004,1363.0528846154,850545,100160,954305,15,7,1245,1252,1252,0,0,0,0,1.0,0.0,0.005591054313099041,583.76458476322,,無星等/未評鑑,0
2024,5,高雄市,寒軒國際大飯店,371.0,7549,65.63777062864101,1992.7966618095,15043622,12128226,27877505,207,6587,4045,10632,8060,945,255,186,128,0.7580887885628292,0.24191121143717076,0.6195447705041385,1308.0273019737344,5.0,五星級,1
2024,5,高雄市,承攜行旅 高雄六合館,269.0,2820,33.817004436983,1954.4170212766,5511456,0,5511456,24,7124,1336,8460,6215,283,352,267,18,0.7346335697399528,0.26536643026004725,0.842080378250591,660.9252908022588,,無星等/未評鑑,0
2024,5,高雄市,晶英國際行館,147.0,1879,41.233267500549,6641.4241617882,12479236,13325141,28456646,219,3266,287,3553,2941,181,38,117,65,0.8277511961722488,0.1722488038277512,0.9192231916690121,2738.4761904762227,4.0,四星級,1
2024,5,高雄市,漢來大飯店,535.0,8291,49.990955682846,3680.6967796406,30516657,70095676,123827970,751,10704,2934,13638,8423,1735,347,164,688,0.6176125531602874,0.3823874468397126,0.7848658161020677,1840.0154959300721,5.0,五星級,1
2024,5,高雄市,福容大飯店 高雄,250.0,3883,50.103225806452,2330.2559876384,9048384,3999829,13085584,80,3818,3289,7107,5820,402,92,158,80,0.818910932883073,0.18108906711692696,0.5372168284789643,1167.5334193548356,3.0,三星級,1
2024,5,高雄市,義大皇家酒店,656.0,8400,41.306058221873,2695.2416666667,22640030,16625624,43218021,380,8108,13040,21148,20256,48,409,93,25,0.9578210705504067,0.04217892944959334,0.3833932286741063,1113.2980920535274,4.0,四星級,1
2024,5,高雄市,高雄圓山大飯店,105.0,2311,70.99846390169,2489.5049762008,5753246,10464305,18537255,126,2006,2890,4896,4526,163,25,29,34,0.9244281045751634,0.07557189542483655,0.4097222222222222,1767.510291858701,5.0,五星級,1
2024,5,高雄市,高雄福華大飯店,271.0,5523,65.742173550768,2527.5422777476,13959616,18412306,35700732,284,8454,1483,9937,5509,1683,299,481,191,0.554392673845225,0.44560732615477505,0.8507597866559323,1661.6612308058618,5.0,五星級,1
2024,5,高雄市,高雄萬豪酒店,700.0,11491,52.953917050691004,4521.6305804543,51958057,72559548,138742217,676,15609,3550,19159,12026,481,524,382,3813,0.6276945560833029,0.37230544391669707,0.8147084920924892,2394.3805069124483,5.0,五星級,1
2024,5,高雄市,麗尊大酒店,188.0,2945,50.531914893617,2462.0,7250590,13055147,21106971,179,4811,737,5548,4596,432,52,107,28,0.8284066330209084,0.17159336697909156,0.8671593366979091,1244.0957446808504,3.0,三星級,1
2024,6,南投縣,日月潭力麗溫德姆溫泉酒店,203.0,1422,23.349753694581,6731.1533052039,9571700,5016562,16075182,162,1226,2016,3242,2864,10,20,24,99,0.8834053053670574,0.11659469463294259,0.37816162862430597,1571.7077175697589,5.0,五星級,1
2024,6,南投縣,涵碧樓大飯店,96.0,2433,84.479166666667,16194.812988081,39401980,8297542,54410233,290,3894,1079,4973,4369,58,0,37,315,0.8785441383470742,0.12145586165292577,0.7830283531067765,13681.24305555598,5.0,五星級,1
2024,6,南投縣,雲品溫泉酒店日月潭,207.0,4267,68.711755233494,12651.662526365,53984644,20611617,79654781,317,3356,7974,11330,10098,49,0,22,750,0.8912621359223301,0.10873786407766994,0.2962047661076787,8693.179388083603,5.0,五星級,1
2024,6,台中市,全國大飯店,178.0,2389,44.737827715356,2022.7053160318,4832243,7406122,14224266,73,3148,1024,4172,2913,442,67,56,155,0.6982262703739214,0.3017737296260786,0.7545541706615532,904.9144194756537,5.0,五星級,1
2024,6,台中市,台中港酒店,200.0,5374,89.566666666667,2843.1153703015,15278902,3476978,20340702,100,6782,416,7198,3257,1005,127,52,440,0.4524868018894137,0.5475131981105863,0.9422061683801056,2546.4836666667197,3.0,三星級,1
2024,6,台中市,台中福華大飯店,155.0,4004,86.10752688171999,2956.5447052947,11838005,13865838,28708707,183,6935,464,7399,5778,316,113,56,165,0.7809163400459521,0.21908365995404788,0.9372888228138938,2545.807526881703,5.0,五星級,1
2024,6,台中市,台中金典酒店,222.0,5173,77.672672672673,2727.5028030157,14109372,21080481,48039337,243,4062,5200,9262,7462,467,168,104,249,0.8056575253724897,0.1943424746275103,0.4385661844094148,2118.524324324366,5.0,五星級,1
2024,6,台中市,裕元花園酒店,149.0,3700,82.774049217002,3990.4189189189,14764550,29196508,47380387,261,5719,781,6500,5204,150,139,97,174,0.8006153846153846,0.19938461538461538,0.8798461538461538,3303.03131991049,5.0,五星級,1
2024,6,台中市,通豪大飯店,226.0,3332,49.144542772861,1367.5519207683,4556683,347281,5346835,38,3404,0,3404,2684,13,10,22,23,0.7884841363102233,0.2115158636897767,1.0,672.0771386430595,3.0,三星級,1
2024,6,台中市,長榮桂冠酒店(台中),354.0,6783,63.870056497175,2691.4604157452,18256176,21336843,45032024,243,5789,994,6783,5106,362,120,47,300,0.7527642636001769,0.2472357363998231,0.8534571723426213,1719.0372881355602,5.0,五星級,1
2024,6,台中市,龍谷大飯店,189.0,845,14.902998236332,1786.8449704142,1509884,613654,2484472,32,584,1189,1773,1754,4,0,14,0,0.9892836999435984,0.010716300056401562,0.329385222786238,266.29347442681524,,無星等/未評鑑,0
2024,6,台北市,JR東日本大飯店台北,288.0,7213,83.48379629629599,5427.3489532788,39147468,22092626,65456074,263,12585,643,13228,3829,3019,530,1461,1414,0.2894617478076807,0.7105382521923194,0.9513909888116118,4530.956944444426,4.0,四星級,1
2024,6,台北市,三德大飯店,287.0,3412,39.628339140534,1906.2866354045,6504250,2205422,12230352,75,4800,685,5485,1499,835,197,983,112,0.2732907930720146,0.7267092069279855,0.8751139471285324,755.4297328687702,3.0,三星級,1
2024,6,台北市,亞都麗緻大飯店,219.0,2619,39.86301369863,4077.141657121,10678034,11678613,24880837,193,4129,0,4129,1542,1046,76,220,405,0.373456042625333,0.626543957374667,1.0,1625.2715372906946,4.0,四星級,1
2024,6,台北市,兄弟大飯店,250.0,5032,67.093333333333,3845.5961844197,19351040,49020203,73488619,450,4295,1415,5710,2308,1138,174,145,261,0.4042031523642732,0.5957968476357268,0.7521891418563923,2580.138666666645,4.0,四星級,1
2024,6,台北市,北投老爺酒店,50.0,1022,68.133333333333,5086.7358121331,5198644,3342763,9796984,64,2096,93,2189,1562,42,35,289,87,0.7135678391959799,0.2864321608040201,0.9575148469620831,3465.7626666666683,4.0,四星級,1
2024,6,台北市,北投麗禧溫泉酒店,66.0,839,42.373737373737,15904.296781883,13343705,5312222,22305416,165,1638,6,1644,805,19,79,371,150,0.48965936739659366,0.5103406326034063,0.9963503649635036,6739.244949494808,4.0,四星級,1
2024,6,台北市,台北W飯店,405.0,7379,60.732510288066,9840.6265076569,72613983,57034919,145317397,393,9975,900,10875,2242,482,197,1073,3698,0.2061609195402299,0.7938390804597701,0.9172413793103448,5976.459506172877,5.0,五星級,1
2024,6,台北市,台北中山雅樂軒酒店,88.0,2223,84.204545454545,4398.5542060279,9777986,567225,11517943,40,3272,0,3272,603,383,104,301,1072,0.18429095354523228,0.8157090464547677,1.0,3703.7825757575642,,無星等/未評鑑,0
2024,6,台北市,台北凱撒大飯店,478.0,12015,83.78661087866101,3494.2404494382,41983299,13106359,57874811,136,16324,5477,21801,4698,7589,1639,2170,947,0.21549470207788635,0.7845052979221137,0.7487729920645841,2927.7056485355597,4.0,四星級,1
2024,6,台北市,台北君品大酒店,286.0,5711,66.561771561772,4899.3678865348,27980290,35161009,66284673,301,8844,912,9756,1969,1669,516,1381,1239,0.20182451824518244,0.7981754817548176,0.906519065190652,3261.106060606111,5.0,五星級,1
2024,6,台北市,台北君悅酒店,850.0,21312,83.576470588235,6352.8286880631,135391485,113831116,280899468,533,26291,8633,34924,9854,1027,1586,1310,13830,0.2821555377390906,0.7178444622609095,0.7528060932310159,5309.470000000013,5.0,五星級,1
2024,6,台北市,台北寒舍喜來登大飯店,688.0,15887,76.971899224806,4733.204569774,75196421,126653433,223794046,777,18526,5955,24481,6004,3943,1121,1218,6275,0.24525141946815898,0.754748580531841,0.7567501327560149,3643.2374515503557,5.0,五星級,1
2024,6,台北市,台北寒舍艾美酒店,160.0,4193,87.354166666667,9366.5044121154,39273753,60884831,110073119,315,5399,553,5952,2107,178,74,622,1575,0.3539986559139785,0.6460013440860215,0.9070900537634409,8182.031875000004,5.0,五星級,1
2024,6,台北市,台北敦化美憬閣酒店,101.0,1060,34.983498349835,3909.8009433962,4144389,267152,4886258,197,1519,17,1536,496,29,30,117,20,0.3229166666666667,0.6770833333333333,0.9889322916666666,1367.785148514843,,無星等/未評鑑,0
2024,6,台北市,台北漢來大飯店,424.0,6350,49.921383647799,7539.6543307087,47876805,73118023,157649165,457,8378,1467,9845,5977,399,184,176,664,0.6071102082275267,0.3928897917724733,0.8509903504316912,3763.8997641509823,5.0,五星級,1
2024,6,台北市,台北美福大飯店,146.0,3345,76.369863013699,6460.8968609865,21611700,74316957,103674688,324,5633,260,5893,2746,113,481,176,1552,0.4659765823858816,0.5340234176141184,0.955879857458001,4934.178082191769,6.0,卓越五星,1
2024,6,台北市,台北艾麗酒店,235.0,5830,82.69503546099301,6571.6017152659,38312438,20225351,64831953,187,7120,1039,8159,1585,270,317,1187,1499,0.19426400294153695,0.805735997058463,0.8726559627405319,5434.388368794361,5.0,五星級,1
2024,6,台北市,台北花園大酒店,241.0,5803,80.262793914246,2460.8997070481,14280601,20440585,43184581,148,11714,675,12389,1814,394,2505,2333,1086,0.14642021147792397,0.853579788522076,0.9455161837113568,1975.1868603043001,4.0,四星級,1
2024,6,台北市,台北萬豪酒店,318.0,7998,83.836477987421,6216.1217804451,49716542,86784014,173466005,515,8734,1490,10224,1945,472,771,438,3586,0.19023865414710486,0.8097613458528952,0.854264475743349,5211.3775681341385,5.0,五星級,1
2024,6,台北市,台北遠東香格里拉,420.0,9574,75.984126984127,6198.2812826405,59342345,63278347,139505552,466,13714,2049,15763,3055,644,446,788,5851,0.19380828522489374,0.8061917147751063,0.8700120535431073,4709.709920634933,5.0,五星級,1
2024,6,台北市,國王大飯店,97.0,1751,60.171821305842,1741.1170759566,3048696,693905,3767621,47,525,1226,1751,185,1500,10,7,15,0.105653912050257,0.894346087949743,0.2998286693318104,1047.6618556701067,3.0,三星級,1
2024,6,台北市,國聯大飯店,243.0,2022,27.736625514403002,2967.0934718101,5999463,1085181,7903699,87,1709,1446,3155,1616,65,19,9,56,0.512202852614897,0.48779714738510305,0.5416798732171156,822.971604938266,4.0,四星級,1
2024,6,台北市,圓山大飯店,473.0,9487,66.856941508104,4298.7776957942,40782504,70289435,126860829,540,10660,8537,19197,10495,2517,735,341,2131,0.5467000052091473,0.4532999947908527,0.555295098192426,2874.0312896405494,5.0,五星級,1
2024,6,台北市,天成大飯店,225.0,5639,83.540740740741,3629.4436956907,20466433,27289953,50965773,308,11154,577,11731,1965,2597,1072,892,1090,0.16750490154292047,0.8324950984570796,0.950814082345921,3032.0641481481366,4.0,四星級,1
2024,6,台北市,日勝生加賀屋國際溫泉飯店,89.0,759,28.426966292135,10545.732542819,8004211,5403276,17022210,127,1381,316,1697,1240,47,10,196,87,0.7307012374779022,0.26929876252209783,0.8137890394814379,2997.831835205868,,無星等/未評鑑,0
2024,6,台北市,晶華酒店,536.0,12432,77.313432835821,5453.0528474903,67792353,165917132,259788391,932,19376,2801,22177,9179,3661,1538,917,3313,0.41389728096676737,0.5861027190332326,0.8736979753798981,4215.942350746238,5.0,五星級,1
2024,6,台北市,歐華酒店,112.0,1063,31.636904761905,3714.5221072437,3948537,4483948,9388898,86,1294,416,1710,265,370,24,30,380,0.15497076023391812,0.8450292397660819,0.7567251461988304,1175.159821428596,4.0,四星級,1
2024,6,台北市,漢普頓酒店,121.0,2654,73.112947658402,2321.860587792,6162218,3799825,12295220,62,3534,1121,4655,1968,980,198,346,286,0.42277121374865734,0.5772287862513427,0.7591836734693878,1697.58071625343,,無星等/未評鑑,0
2024,6,台北市,福容大飯店  台北一館,120.0,1783,49.527777777778,3277.7526640494,5844233,6430105,13014932,78,2261,610,2871,1574,257,10,80,166,0.5482410309996517,0.4517589690003483,0.7875304771856496,1623.3980555555854,4.0,四星級,1
2024,6,台北市,福華大飯店,606.0,11842,65.137513751375,4433.2038507009,52498000,36066000,102784000,470,19540,1428,20968,6908,2110,1714,439,3639,0.32945440671499426,0.6705455932850057,0.9318962228157192,2887.6787678767846,5.0,五星級,1
2024,6,台北市,第一大飯店,176.0,1535,29.07196969697,1912.4977198697,2935684,3081247,28416432,36,427,1835,2262,612,929,12,31,83,0.27055702917771884,0.7294429708222812,0.1887709991158267,556.0007575757613,4.0,四星級,1
2024,6,台北市,美麗信花園酒店,203.0,5731,94.105090311987,2236.3870179724,12816734,5829792,27045792,122,9813,1736,11549,2805,2678,1109,1322,973,0.24287817127023983,0.7571218287297602,0.849683955320807,2104.55402298848,,無星等/未評鑑,0
2024,6,台北市,義華酒店,149.0,2532,56.644295302013006,3519.1279620853,8910432,224273,10343035,17,3105,365,3470,1065,87,280,93,992,0.3069164265129683,0.6930835734870318,0.8948126801152738,1993.3852348993098,,無星等/未評鑑,0
2024,6,台北市,老爺大酒店,202.0,4934,81.419141914191,4689.9594649372,23140260,29614481,58902676,214,7425,76,7501,2219,3802,77,284,421,0.29582722303692843,0.7041727769630716,0.9898680175976536,3818.524752475252,5.0,五星級,1
2024,6,台北市,豪景大酒店,209.0,4039,64.417862838915,2040.4251052241,8241277,8846,8380135,38,6578,2532,9110,2076,772,1401,1077,340,0.2278814489571899,0.7721185510428101,0.7220636663007683,1314.3982456140477,3.0,三星級,1
2024,6,台北市,雀客旅館台北南京,56.0,1115,66.369047619048,2795.132735426,3116573,0,3116573,10,1352,880,2232,1143,202,328,285,12,0.5120967741935484,0.4879032258064516,0.6057347670250897,1855.102976190481,,無星等/未評鑑,0
2024,6,台北市,雀客藏居台北陽明山,50.0,692,46.133333333333,3944.5650289017,2729639,1774242,5615610,29,1212,192,1404,1241,12,16,24,32,0.8839031339031339,0.11609686609686609,0.8632478632478633,1819.7593333333043,3.0,三星級,1
2024,6,台南市,台南大員皇冠假日酒店,230.0,4814,69.768115942029,3956.5724968841,19046940,18163044,41064565,226,8105,2739,10844,10027,70,2,66,236,0.9246587974917004,0.07534120250829957,0.7474179269642198,2760.4260869565305,5.0,五星級,1
2024,6,台南市,台南大飯店,152.0,2438,53.464912280702,2248.7178014766,5482374,8529555,14780168,113,3991,335,4326,2730,603,37,205,202,0.6310679611650486,0.3689320388349514,0.9225612575127138,1202.2749999999949,3.0,三星級,1
2024,6,台南市,台南遠東香格里拉,331.0,7163,72.134944612286,4085.9930196845,29267968,23926831,59752165,448,11053,1471,12524,7979,454,532,388,1209,0.6370967741935484,0.3629032258064516,0.8825455126157777,2947.4288016112864,5.0,五星級,1
2024,6,台南市,台糖長榮酒店(台南),197.0,4732,80.067681895093,2791.1420118343,13207684,19970043,34348609,158,7708,1378,9086,7997,271,58,30,128,0.8801452784503632,0.11985472154963683,0.8483381025753907,2234.8027072757864,5.0,五星級,1
2024,6,台南市,趣淘漫旅,198.0,3998,67.306397306397,3460.3826913457,13834610,3267614,18856199,106,6570,4500,11070,11043,0,0,0,0,0.9975609756097561,0.0024390243902439046,0.5934959349593496,2329.05892255893,3.0,三星級,1
2024,6,台南市,遠百企業觀光旅館,40.0,80,6.6666666666667,520.0,41600,0,41600,23,80,0,80,80,0,0,0,0,1.0,0.0,1.0,34.666666666666835,,無星等/未評鑑,0
2024,6,台東縣,台東桂田喜來登酒店,290.0,2946,33.862068965517,3438.1025118805,10128650,13618278,24892512,159,4095,2766,6861,6608,0,0,36,175,0.9631249089054074,0.03687509109459264,0.5968517708788806,1164.212643678147,5.0,五星級,1
2024,6,台東縣,娜路彎大酒店,292.0,3536,40.365296803653,4354.4284502262,15397259,10449238,27951038,169,6586,927,7513,6353,6,0,12,11,0.8456009583388793,0.15439904166112073,0.876613869293225,1757.6779680365132,5.0,五星級,1
2024,6,台東縣,樂樂日暉溫泉酒店,48.0,272,18.888888888889,2491.0955882353,677578,0,677578,9,548,0,548,548,0,0,0,0,1.0,0.0,1.0,470.5402777777817,,無星等/未評鑑,0
2024,6,台東縣,知本老爺大酒店,182.0,3300,60.439560439560005,5020.3593939394,16567186,8812255,28564439,191,6675,889,7564,7439,2,0,10,88,0.983474352194606,0.016525647805394006,0.882469592808038,3034.2831501831324,5.0,五星級,1
2024,6,嘉義市,耐斯王子大飯店,245.0,3072,41.795918367347,2488.1868489583,7643710,8968977,18735423,108,3752,3776,7528,7216,65,2,6,61,0.9585547290116897,0.0414452709883103,0.49840595111583424,1039.9605442176746,5.0,五星級,1
2024,6,嘉義市,鈺通大飯店,120.0,1151,31.972222222222,2166.4378801043,2493570,3750395,6256968,61,1214,1066,2280,2215,15,8,2,2,0.9714912280701754,0.028508771929824595,0.5324561403508772,692.6583333333422,3.0,三星級,1
2024,6,嘉義縣,名都觀光渡假大飯店,97.0,673,23.127147766323,1571.0921248143,1057345,1080387,2162835,40,184,1323,1507,1507,0,0,0,0,1.0,0.0,0.12209688122096882,363.34879725086694,3.0,三星級,1
2024,6,嘉義縣,阿里山賓館(歷史館),35.0,297,28.285714285713997,9720.6296296296,2887027,0,2887027,11,574,247,821,791,1,0,1,17,0.9634591961023142,0.03654080389768577,0.6991473812423873,2749.5495238094877,4.0,四星級,1
2024,6,嘉義縣,阿里山賓館(現代館),104.0,1465,46.955128205128,9621.4894197952,14095482,7294573,21955046,105,2804,1201,4005,3860,7,0,5,82,0.9637952559300874,0.03620474406991259,0.7001248439450687,4517.782692307662,4.0,四星級,1
2024,6,基隆市,長榮桂冠酒店(基隆),140.0,3637,86.595238095238,3223.7951608469,11724943,7171246,22355564,88,5133,2856,7989,7697,38,10,15,80,0.9634497433971712,0.036550256602828846,0.6425084491175366,2791.6530952381345,5.0,五星級,1
2024,6,宜蘭縣,凱渡廣場酒店,285.0,3681,43.052631578947,5652.3914697093,20806453,18948913,43277611,143,4660,4624,9284,9242,0,0,0,23,0.9954760878931495,0.004523912106850547,0.5019388194743645,2433.5032748537724,,無星等/未評鑑,0
2024,6,宜蘭縣,山泉大飯店,146.0,2360,53.88127853881301,1903.7224576271,4492785,1650980,6467121,39,2582,2420,5002,4520,16,0,336,0,0.9036385445821671,0.09636145541783292,0.5161935225909636,1025.749999999994,3.0,三星級,1
2024,6,宜蘭縣,幼獅大飯店,53.0,213,13.396226415094,1284.1314553991,273520,0,294820,9,69,198,267,267,0,0,0,0,1.0,0.0,0.25842696629213485,172.02515723270528,3.0,三星級,1
2024,6,宜蘭縣,悅川酒店,103.0,1941,62.815533980583005,4424.1859866048,8587345,7293423,15880768,92,3491,1802,5293,5223,10,0,5,0,0.986774985830342,0.013225014169658045,0.6595503495182317,2779.0760517799295,4.0,四星級,1
2024,6,宜蘭縣,礁溪麒麟酒店,167.0,2193,43.77245508982,4154.9293205654,9111760,0,9111760,48,4649,1053,5702,5201,12,87,122,31,0.912136092599088,0.08786390740091199,0.8153279551034724,1818.714570858253,,無星等/未評鑑,0
2024,6,宜蘭縣,綠舞國際觀光飯店,113.0,1262,37.227138643067995,6444.8280507132,8133373,4308377,16924802,248,2311,1540,3851,3847,0,0,4,0,0.9989613087509738,0.0010386912490262246,0.6001038691249027,2399.2250737463396,4.0,四星級,1
2024,6,宜蘭縣,蘭城晶英酒店,193.0,5263,90.898100172712,10249.999809994,53945749,41395624,106255527,348,19376,418,19794,19375,18,0,69,57,0.9788319692836213,0.02116803071637874,0.9788824896433262,9317.055094991136,5.0,五星級,1
2024,6,宜蘭縣,長榮鳳凰酒店(礁溪),231.0,3030,43.722943722944,5727.0633663366,17353002,18980102,39836310,258,6870,1351,8221,7885,8,15,73,141,0.9591290597250943,0.040870940274905676,0.8356647609779833,2504.0406926406936,5.0,五星級,1
2024,6,屏東縣,凱撒大飯店,281.0,6323,75.005931198102,6811.2829353155,43067742,8191519,55016113,196,14552,1874,16426,15529,14,155,111,345,0.9453914525751856,0.05460854742481436,0.885912577620845,5108.866192170807,5.0,五星級,1
2024,6,屏東縣,墾丁怡灣渡假酒店,234.0,4378,62.364672364672,2978.0603015075,13037948,4425743,18797275,93,5852,3206,9058,4719,2,7,26,32,0.5209759328770148,0.4790240671229852,0.6460587326120556,1857.2575498575156,3.0,三星級,1
2024,6,屏東縣,墾丁福華渡假飯店,458.0,8267,60.167394468705005,3729.2802709568,30829960,9920049,41989165,236,15298,8849,24147,23535,55,95,75,133,0.9746552366753634,0.025344763324636643,0.6335362570919782,2243.8107714701687,5.0,五星級,1
2024,6,新北市,八里福朋喜來登酒店,241.0,2754,38.091286307054,3891.3231663036,10716704,16200024,27000058,148,4319,2647,6966,6232,72,32,59,399,0.8946310651737008,0.10536893482629917,0.6200114843525696,1482.2550484094234,3.0,三星級,1
2024,6,新北市,大板根渡假酒店,95.0,2175,76.315789473684,5706.0,12410550,12231513,37268930,225,3771,2754,6525,6399,3,9,24,66,0.9806896551724138,0.0193103448275862,0.5779310344827586,4354.578947368409,4.0,四星級,1
2024,6,新北市,板橋凱撒大飯店,400.0,10632,88.6,3878.0518246802,41231447,8510921,50070972,145,19167,1939,21106,11779,663,2898,1961,619,0.5580877475599355,0.4419122524400645,0.9081303894627121,3435.953916666657,5.0,五星級,1
2024,6,新北市,瓏山林台北中和飯店,126.0,1706,45.132275132275,2662.3487690504,4541967,2535246,8862563,89,3288,159,3447,2400,40,87,28,67,0.6962576153176675,0.3037423846823325,0.9538729329852045,1201.5785714285632,3.0,三星級,1
2024,6,新北市,碧特弗大飯店,55.0,214,12.969696969697,2567.5841121495,549463,129021,678484,16,213,150,363,349,0,2,6,0,0.9614325068870524,0.038567493112947604,0.5867768595041323,333.00787878787537,,無星等/未評鑑,0
2024,6,新北市,福容大飯店    淡水漁人碼頭,198.0,3960,66.666666666667,5843.7643939394,23141307,18508868,43958665,148,4638,6054,10692,10469,9,14,62,52,0.9791432846988403,0.020856715301159734,0.4337822671156005,3895.8429292929527,4.0,四星級,1
2024,6,新北市,福容大飯店 福隆,174.0,3444,65.977011494253,5271.8617886179,18156292,9345458,30867773,146,6221,1995,8216,8134,0,3,13,34,0.9900194741966893,0.009980525803310658,0.7571811100292113,3478.216858237564,3.0,三星級,1
2024,6,新北市,美麗春天大飯店,34.0,20,1.9607843137254999,2568.0,51360,0,51360,3,45,0,45,45,0,0,0,0,1.0,0.0,1.0,50.35294117647084,,無星等/未評鑑,0
2024,6,新竹市,新竹國賓大飯店,257.0,5489,71.193255512322,3476.2073237384,19080902,32491318,58280422,248,8125,803,8928,5239,683,443,70,720,0.5868055555555556,0.4131944444444444,0.9100582437275986,2474.8251621271293,4.0,四星級,1
2024,6,新竹市,新竹老爺大酒店,208.0,5119,82.035256410256,3121.3873803477,15978382,14593711,31890580,154,6626,1086,7712,5194,808,54,13,700,0.6734958506224067,0.3265041493775933,0.8591804979253111,2560.6381410256085,4.0,四星級,1
2024,6,新竹縣,新竹喜來登大飯店,386.0,9210,79.533678756477,3884.4018458198,35775341,35928461,82759693,263,10199,739,10938,3925,392,659,31,2683,0.35884073870908756,0.6411592612909125,0.932437374291461,3089.407685664983,4.0,四星級,1
2024,6,新竹縣,豐邑喜來登大飯店,384.0,6140,53.29861111111101,3884.4017915309,23850227,3879463,30243636,85,6799,493,7292,2616,261,439,21,1789,0.3587493143170598,0.6412506856829402,0.9323916620954471,2070.3322048610835,4.0,四星級,1
2024,6,桃園市,南方莊園渡假飯店,111.0,1473,44.234234234234,5641.9640190088,8310613,11501126,22982439,104,2843,1095,3938,3922,0,0,10,0,0.9959370238699847,0.004062976130015272,0.7219400711020822,2495.6795795795556,4.0,四星級,1
2024,6,桃園市,古華花園飯店,255.0,6152,80.418300653595,2715.4461963589,16705425,10358704,28420852,145,10274,100,10374,6265,469,300,530,465,0.6039136302294197,0.3960863697705803,0.9903605166763062,2183.71568627451,3.0,三星級,1
2024,6,桃園市,台北諾富特華航桃園機場飯店,516.0,9583,61.90568475452199,3135.0750286967,30043424,21856451,56409757,260,11215,1083,12298,4384,1125,142,136,1310,0.35648072857375185,0.6435192714262481,0.9119369003089933,1940.789664082719,4.0,四星級,1
2024,6,桃園市,名人堂花園大飯店,128.0,2111,54.973958333332995,5382.3694931312,11362182,12796982,28335272,196,5541,557,6098,5878,17,0,3,93,0.9639225975729747,0.036077402427025285,0.908658576582486,2958.901562499972,,無星等/未評鑑,0
2024,6,桃園市,和逸飯店桃園青埔館,218.0,4712,72.048929663609,5348.4622241087,25201954,0,28883712,111,9351,2069,11420,9027,103,189,291,437,0.7904553415061296,0.20954465849387038,0.8188266199649737,3853.5097859327752,4.0,四星級,1
2024,6,桃園市,尊爵大飯店,218.0,3286,50.244648318043,2710.263846622,8905927,7553070,17058078,94,2729,2489,5218,1337,325,408,116,117,0.25622844001533157,0.7437715599846684,0.5229973169796857,1361.7625382262881,3.0,三星級,1
2024,6,桃園市,尊爵天際大飯店,250.0,5144,68.586666666667,2553.4263219285,13134825,2565952,15882514,79,3654,2883,6537,1145,254,57,0,255,0.1751567997552394,0.8248432002447605,0.5589720055071133,1751.3100000000354,3.0,三星級,1
2024,6,桃園市,桃園喜來登酒店,189.0,2182,38.483245149912,3235.6970669111,7060291,10756599,19512351,137,2747,855,3602,2093,89,47,63,682,0.5810660744031094,0.4189339255968906,0.7626318711826763,1245.201234567911,4.0,四星級,1
2024,6,桃園市,福容大飯店   桃園,182.0,4372,80.07326007326,2242.7092863678,9805125,5300737,15904230,66,4019,351,4370,1788,266,241,526,124,0.4091533180778032,0.5908466819221968,0.9196796338672769,1795.8104395604419,3.0,三星級,1
2024,6,桃園市,福容徠旅 林口,149.0,2733,61.140939597315004,2835.0918404683,7748306,0,7748306,22,2769,191,2960,2003,102,57,94,89,0.6766891891891892,0.3233108108108108,0.9354729729729729,1733.4017897091294,,無星等/未評鑑,0
2024,6,澎湖縣,寶華大飯店,74.0,1263,56.891891891892,2600.7228820269,3284713,22230,3322993,16,1490,1165,2655,2596,3,0,14,0,0.9777777777777777,0.022222222222222254,0.5612052730696798,1479.600450450442,,無星等/未評鑑,0
2024,6,澎湖縣,澎湖福朋喜來登酒店,331.0,8241,82.99093655589101,3866.6382720544,31864966,28367879,65657538,199,11183,8836,20019,19182,50,20,13,599,0.9581897197662221,0.04181028023377786,0.5586193116539288,3208.959315206468,5.0,五星級,1
2024,6,花蓮縣,瑞穗天合國際觀光酒店,198.0,2753,46.346801346800994,8783.7824191791,24181753,4610045,29977781,189,4822,2435,7257,7139,0,0,3,64,0.983739837398374,0.016260162601625994,0.6644618988562767,4071.0021885521683,5.0,五星級,1
2024,6,花蓮縣,美侖大飯店,299.0,2567,28.617614269788,2869.9805220101,7367240,4723130,13244506,162,6120,408,6528,6454,0,6,8,22,0.9886642156862745,0.011335784313725505,0.9375,821.3199554068983,5.0,五星級,1
2024,6,花蓮縣,遠雄悅來大飯店,381.0,2224,19.457567804024002,4114.6088129496,9150890,8395375,19837617,317,4481,989,5470,5393,0,15,6,10,0.9859232175502742,0.014076782449725767,0.8191956124314442,800.6027996500155,5.0,五星級,1
2024,6,苗栗縣,馥藝金鬱金香酒店,191.0,3713,64.799301919721,2477.1605171021,9197697,6561325,16290516,105,5449,1421,6870,6611,114,0,15,10,0.9622998544395924,0.03770014556040757,0.7931586608442504,1605.182722513112,3.0,三星級,1
2024,6,金門縣,陸島酒店,47.0,591,41.914893617021,1329.7884940778,785905,95840,887145,15,9,1189,1198,1195,0,0,0,0,0.9974958263772955,0.0025041736227044975,0.007512520868113523,557.3794326240954,,無星等/未評鑑,0
2024,6,高雄市,寒軒國際大飯店,371.0,8103,72.803234501348,2069.1308157473,16766167,13779303,31378476,210,7626,4166,11792,8810,1252,233,279,147,0.7471166892808684,0.2528833107191316,0.6467096336499322,1506.3941599281616,5.0,五星級,1
2024,6,高雄市,承攜行旅 高雄六合館,269.0,2950,36.555142503098,2161.5552542373,6376588,0,6376588,33,6322,1053,7375,5130,210,430,120,11,0.6955932203389831,0.3044067796610169,0.8572203389830508,790.1596034696471,,無星等/未評鑑,0
2024,6,高雄市,晶英國際行館,147.0,1765,40.022675736961,6891.5954674221,12163666,13048088,26932948,223,3217,134,3351,2878,52,19,200,63,0.8588481050432707,0.1411518949567293,0.9600119367353029,2758.200907029449,4.0,四星級,1
2024,6,高雄市,漢來大飯店,535.0,8481,52.841121495327,3916.2683645796,33213872,65928168,131091235,741,11747,2501,14248,9711,912,264,229,995,0.6815693430656934,0.3184306569343066,0.8244665918023583,2069.400124610562,5.0,五星級,1
2024,6,高雄市,福容大飯店 高雄,250.0,4374,58.32000000000001,2610.641746685,11418947,3706449,15217958,73,5397,3042,8439,7252,274,88,121,69,0.8593435241142315,0.14065647588576846,0.6395307500888731,1522.5262666666922,3.0,三星級,1
2024,6,高雄市,義大皇家酒店,656.0,9034,45.904471544714994,3022.5726145672,27305921,19485440,50664786,379,13226,9614,22840,22345,10,6,157,61,0.9783274956217163,0.02167250437828372,0.5790718038528897,1387.4959857723484,4.0,四星級,1
2024,6,高雄市,高雄圓山大飯店,105.0,2088,66.28571428571401,2602.6882183908,5434413,12943049,20092425,124,2068,2526,4594,4339,65,10,20,54,0.9444928167174576,0.05550718328254245,0.4501523726599913,1725.210476190466,5.0,五星級,1
2024,6,高雄市,高雄福華大飯店,271.0,5611,69.015990159902,2725.7635002673,15294259,21657576,41029507,282,9850,1101,10951,7264,1163,214,678,320,0.6633184184092777,0.33668158159072226,0.8994612364167656,1881.21266912668,5.0,五星級,1
2024,6,高雄市,高雄萬豪酒店,700.0,11627,55.366666666666994,4760.9021243657,55355009,68511962,136449582,665,17184,3550,20734,13078,269,369,667,4222,0.6307514227838333,0.36924857721616666,0.8287836403974149,2635.9528095238247,5.0,五星級,1
2024,6,高雄市,麗尊大酒店,188.0,3121,55.336879432623995,2418.0,7546578,12791561,21056907,179,5539,596,6135,5139,455,45,161,84,0.8376528117359413,0.1623471882640587,0.9028524857375713,1338.0457446808482,3.0,三星級,1
2024,7,南投縣,日月潭力麗溫德姆溫泉酒店,197.0,964,15.785164565252998,10078.124481328,9715312,4851773,14609618,172,724,1655,2379,2157,0,0,0,0,0.9066834804539723,0.09331651954602771,0.30432955023118957,1590.8485344686749,5.0,五星級,1
2024,7,南投縣,涵碧樓大飯店,96.0,2382,80.040322580645,16001.832073887,38116364,4825527,47348740,310,4401,384,4785,4268,61,5,7,281,0.8919540229885058,0.10804597701149421,0.9197492163009404,12807.918010752272,5.0,五星級,1
2024,7,南投縣,雲品溫泉酒店日月潭,207.0,4128,64.329125759701,12794.554021318,52815919,18906134,76411578,335,2643,9079,11722,10949,23,0,121,448,0.9340556219075243,0.06594437809247566,0.2254734686913496,8230.624746766538,5.0,五星級,1
2024,7,台中市,全國大飯店,178.0,2145,38.872779992751,2152.7547785548,4617659,3611475,10381169,76,3578,330,3908,3172,354,52,17,78,0.8116683725690891,0.18833162743091092,0.9155578300921188,836.8356288510414,5.0,五星級,1
2024,7,台中市,台中港酒店,200.0,5304,85.54838709677401,2876.3782051282,15256310,3326222,20512207,92,7407,560,7967,4793,982,68,73,191,0.6016066273377683,0.39839337266223174,0.9297100539726372,2460.6951612903126,3.0,三星級,1
2024,7,台中市,台中福華大飯店,155.0,4623,96.212278876171,2933.3781094527,13561007,11934575,28165635,191,8828,330,9158,6989,226,136,121,228,0.7631578947368421,0.23684210526315785,0.9639659314260756,2822.269927159184,5.0,五星級,1
2024,7,台中市,台中金典酒店,222.0,5482,79.65707643127,2862.2491791317,15690850,18423450,47186147,252,6651,4510,11161,9693,381,51,162,289,0.8684705671534809,0.13152943284651908,0.5959143445927785,2279.9840162743367,5.0,五星級,1
2024,7,台中市,裕元花園酒店,149.0,3995,86.490582377138,3891.9617021277,15548387,29778078,49031379,262,6939,525,7464,6279,171,150,85,213,0.8412379421221865,0.1587620578778135,0.9296623794212219,3366.1803420654205,5.0,五星級,1
2024,7,台中市,通豪大飯店,226.0,2983,42.577790465315005,1455.4991619175,4341754,376670,5123982,38,3083,0,3083,2946,7,14,19,16,0.9555627635420045,0.044437236457995466,1.0,619.7193833856492,3.0,三星級,1
2024,7,台中市,長榮桂冠酒店(台中),354.0,8280,75.45106615636999,2634.7216183575,21815495,24193815,52402077,241,6722,1558,8280,6924,309,91,93,218,0.836231884057971,0.163768115942029,0.8118357487922705,1987.9255513030994,5.0,五星級,1
2024,7,台中市,龍谷大飯店,189.0,523,8.926437958696,1822.309751434,953068,352676,1637473,32,654,500,1154,1139,1,0,14,0,0.987001733102253,0.012998266897746968,0.5667244367417678,162.6673493770233,,無星等/未評鑑,0
2024,7,台北市,JR東日本大飯店台北,288.0,7377,82.62768817204301,5209.9821065474,38434038,24167260,67835092,269,13666,533,14199,4677,2918,540,2524,1615,0.32938939361926894,0.6706106063807311,0.9624621452214944,4304.887768817223,4.0,四星級,1
2024,7,台北市,三德大飯店,287.0,2778,31.224008092615,1839.0280777538,5108820,1833681,11623618,82,11152,917,12069,2749,2260,123,2082,1480,0.22777363493247163,0.7722263650675284,0.9240202170850941,574.2182758233087,3.0,三星級,1
2024,7,台北市,亞都麗緻大飯店,219.0,2470,36.38238326705,3759.775708502,9286646,10150568,21761185,194,4185,0,4185,1952,985,79,166,217,0.4664277180406213,0.5335722819593787,1.0,1367.8960082486424,4.0,四星級,1
2024,7,台北市,兄弟大飯店,250.0,4207,54.283870967742,3682.84359401,15493723,47363803,67898195,450,3374,1499,4873,2472,907,55,142,246,0.5072850400164169,0.49271495998358306,0.6923866201518571,1999.1900645161402,4.0,四星級,1
2024,7,台北市,北投老爺酒店,50.0,917,59.161290322580996,4756.187568157,4361424,2693834,8080350,64,1888,54,1942,1435,18,20,325,42,0.738928939237899,0.26107106076210096,0.972193614830072,2813.8219354838675,4.0,四星級,1
2024,7,台北市,北投麗禧溫泉酒店,66.0,598,29.227761485825997,15759.861204013,9424397,4710214,16717020,162,1130,20,1150,561,19,58,207,118,0.48782608695652174,0.5121739130434783,0.9826086956521739,4606.2546432061445,4.0,四星級,1
2024,7,台北市,台北W飯店,405.0,7506,59.784946236559,8991.6272315481,67491154,34133624,114891804,400,11895,205,12100,2480,645,168,1498,4206,0.2049586776859504,0.7950413223140496,0.9830578512396694,5375.63950617283,5.0,五星級,1
2024,7,台北市,台北中山雅樂軒酒店,88.0,1645,60.300586510264,4239.5841945289,6974116,514956,8338512,39,2499,0,2499,474,332,49,234,764,0.18967587034813926,0.8103241296518607,1.0,2556.494134897379,,無星等/未評鑑,0
2024,7,台北市,台北凱撒大飯店,478.0,11467,77.3856120934,3335.9843899887,38253733,13959905,54808793,137,18377,3762,22139,6191,7852,1433,2775,1028,0.27964226026469124,0.7203577397353087,0.8300736257283526,2581.5719395330316,4.0,四星級,1
2024,7,台北市,台北君品大酒店,286.0,5389,60.782765621475,4583.8613843014,24702429,35829685,63410490,315,9015,634,9649,2487,1536,548,1763,1177,0.25774691677894085,0.7422530832210592,0.9342937091926624,2786.1977216332198,5.0,五星級,1
2024,7,台北市,台北君悅酒店,850.0,16932,64.258064516129,5567.32654146,94265973,87350993,207135129,530,23122,6591,29713,9236,1053,1284,899,13301,0.3108403729007505,0.6891596270992495,0.7781779019284488,3577.45628083494,5.0,五星級,1
2024,7,台北市,台北寒舍喜來登大飯店,688.0,14412,67.573143285821,4348.6772134333,62673136,108448116,191638622,785,20190,3552,23742,7063,3328,792,1681,5051,0.2974896807345632,0.7025103192654367,0.85039171089209,2938.5378844711317,5.0,五星級,1
2024,7,台北市,台北寒舍艾美酒店,160.0,3994,80.524193548387,9082.7170756134,36276372,52702836,98482364,322,5135,383,5518,1601,127,76,884,1287,0.29014135556361,0.70985864443639,0.9305907937658572,7313.78467741933,5.0,五星級,1
2024,7,台北市,台北敦化美憬閣酒店,101.0,1189,37.975087831364,3154.8906644239,3751165,462594,4682471,48,1859,48,1907,585,32,38,112,31,0.3067645516518091,0.6932354483481908,0.9748295752490823,1198.0725007984793,,無星等/未評鑑,0
2024,7,台北市,台北漢來大飯店,424.0,4066,30.934266585514,6116.5821446139,24870023,64404990,106253563,457,5937,1369,7306,5745,547,106,174,183,0.7863399945250479,0.21366000547495212,0.81261976457706,1892.119826536813,5.0,五星級,1
2024,7,台北市,台北美福大飯店,146.0,3092,68.316394167035,6313.4149417853,19521079,59601681,85779750,332,5499,223,5722,3208,150,544,150,1203,0.5606431317721077,0.4393568682278923,0.9610276127228242,4313.097437030528,6.0,卓越五星,1
2024,7,台北市,台北艾麗酒店,235.0,5737,78.75085792724799,5780.5156004881,33162818,20639191,59579245,183,7537,966,8503,2637,189,359,1238,1175,0.31012583793955073,0.6898741620604493,0.8863930377513819,4552.20562800279,5.0,五星級,1
2024,7,台北市,台北花園大酒店,241.0,6031,80.725471824388,2274.7327143094,13718913,19270837,41593555,151,12773,643,13416,2618,493,2605,4080,878,0.1951401311866428,0.8048598688133572,0.952072152653548,1836.2887163699709,4.0,四星級,1
2024,7,台北市,台北萬豪酒店,318.0,6781,68.78677216473899,6166.3804748562,41814226,65291980,137789666,526,8029,1068,9097,2156,230,700,428,3419,0.2370012091898428,0.7629987908101572,0.882598658898538,4241.654088050284,5.0,五星級,1
2024,7,台北市,台北遠東香格里拉,420.0,8744,67.15821812596,5960.4813586459,52118449,54079127,121771924,470,12280,2880,15160,3740,643,274,1324,5241,0.24670184696569922,0.7532981530343008,0.8100263852242744,4002.9530721965984,5.0,五星級,1
2024,7,台北市,國王大飯店,97.0,1538,51.147322913203,1605.7672301691,2469670,573076,3061421,47,461,1077,1538,196,1265,4,5,12,0.12743823146944083,0.8725617685305591,0.299739921976593,821.3069504489852,3.0,三星級,1
2024,7,台北市,國聯大飯店,243.0,1829,24.279835390947,2504.2061235648,4580193,992911,6151014,92,2547,631,3178,2381,18,15,2,1,0.7492133417243549,0.25078665827564506,0.8014474512271869,608.0171246515482,4.0,四星級,1
2024,7,台北市,圓山大飯店,473.0,9495,64.754825069904,4070.7448130595,38651722,57469891,124719202,550,8574,9652,18226,11994,2690,397,322,1032,0.658070887742785,0.341929112257215,0.4704268627235817,2636.00368273887,5.0,五星級,1
2024,7,台北市,天成大飯店,225.0,5831,83.598566308244,3284.2761104442,19150614,22422599,44412925,307,12027,431,12458,3449,2752,1230,1500,1173,0.27685021672820675,0.7231497832717932,0.9654037566222508,2745.6077419355115,4.0,四星級,1
2024,7,台北市,日勝生加賀屋國際溫泉飯店,89.0,627,22.725625226530997,10008.690590112,6275449,4942302,14019785,121,1251,173,1424,1036,28,2,186,70,0.7275280898876404,0.2724719101123596,0.8785112359550562,2274.537513591927,,無星等/未評鑑,0
2024,7,台北市,晶華酒店,538.0,12044,72.214893872167,5115.6023746264,61612315,156179921,241913173,944,19871,3193,23064,11139,3871,1796,943,2611,0.48296045785639957,0.5170395421436005,0.8615591397849462,3694.226825758509,5.0,五星級,1
2024,7,台北市,歐華酒店,112.0,748,21.543778801843,3566.0868983957,2667433,4046060,7671978,91,860,286,1146,306,472,23,36,77,0.2670157068062827,0.7329842931937173,0.7504363001745201,768.2698732718734,4.0,四星級,1
2024,7,台北市,漢普頓酒店,121.0,2483,66.195681151693,2538.8034635522,6303849,3872113,12628540,63,4033,1124,5157,2925,916,221,342,272,0.5671902268760908,0.4328097731239092,0.7820438239286407,1680.5782458011524,,無星等/未評鑑,0
2024,7,台北市,福容大飯店  台北一館,120.0,1861,50.026881720430005,3072.7377753896,5718365,6154272,12531858,75,3047,174,3221,1990,136,40,128,296,0.6178205526234088,0.38217944737659115,0.945979509469109,1537.1948924731273,4.0,四星級,1
2024,7,台北市,福華大飯店,606.0,10530,56.05237943149201,4099.9050332384,43172000,33576000,91563000,471,19189,1813,21002,9700,1968,1062,715,3196,0.46186077516427004,0.53813922483573,0.9136748881058947,2298.0943255616266,5.0,五星級,1
2024,7,台北市,第一大飯店,176.0,2204,40.395894428152005,1839.2885662432,4053792,2797896,39215348,38,346,3168,3514,483,1500,7,13,193,0.13745019920318724,0.8625498007968128,0.09846328969834946,742.9970674486738,4.0,四星級,1
2024,7,台北市,美麗信花園酒店,203.0,6031,95.836643890037,1961.7675344056,11831420,5246090,25888333,124,12330,827,13157,3636,2675,1076,2078,1236,0.27635479212586456,0.7236452078741354,0.9371437257733526,1880.092165898654,,無星等/未評鑑,0
2024,7,台北市,義華酒店,149.0,2552,55.250054124269,3326.9114420063,8490278,8695,9537403,18,3528,213,3741,1499,100,386,116,840,0.400695001336541,0.599304998663459,0.9430633520449078,1838.1203723749793,,無星等/未評鑑,0
2024,7,台北市,老爺大酒店,202.0,4782,76.365378473331,4484.0330405688,21442646,27509962,55052013,213,7120,276,7396,1929,3696,128,214,524,0.2608166576527853,0.7391833423472147,0.9626825310978907,3424.2488022995763,5.0,五星級,1
2024,7,台北市,豪景大酒店,209.0,2910,44.914338632505,2105.1041237113,6125853,8950,6614336,36,4891,1981,6872,2029,814,948,1002,178,0.295256111757858,0.704743888242142,0.7117287543655413,945.4935946905202,3.0,三星級,1
2024,7,台北市,雀客旅館台北南京,56.0,1180,67.972350230415,2475.2898305085,2920842,0,2920842,10,774,266,1040,511,123,130,101,4,0.4913461538461538,0.5086538461538461,0.7442307692307693,1682.5126728110836,,無星等/未評鑑,0
2024,7,台北市,雀客藏居台北陽明山,50.0,587,37.870967741935004,3197.9522998296,1877198,1781577,4587914,29,1078,146,1224,1037,34,0,42,32,0.8472222222222222,0.1527777777777778,0.880718954248366,1211.0954838709365,3.0,三星級,1
2024,7,台南市,台南大員皇冠假日酒店,230.0,5360,75.175315568022,4223.6100746269,22638550,19756090,47521630,230,10043,3152,13195,12477,42,22,46,241,0.9455854490337249,0.05441455096627512,0.7611216369837059,3175.1122019635422,5.0,五星級,1
2024,7,台南市,台南大飯店,152.0,2796,59.337860780985,2112.3290414878,5906072,8091513,14731114,117,4404,427,4831,3586,479,99,165,74,0.7422893810805217,0.25771061891947833,0.911612502587456,1253.4108658743455,3.0,三星級,1
2024,7,台南市,台南遠東香格里拉,331.0,6740,65.68560569145299,4189.781305638,28239126,19739285,54300504,443,11384,1896,13280,9335,612,377,434,774,0.7029367469879518,0.29706325301204817,0.8572289156626506,2752.0832277555874,5.0,五星級,1
2024,7,台南市,台糖長榮酒店(台南),197.0,4715,77.206484362207,3254.3412513256,15344219,18402056,34674564,156,9003,1607,10610,9865,341,23,76,99,0.9297832233741753,0.0702167766258247,0.8485391140433554,2512.5624692975507,5.0,五星級,1
2024,7,台南市,趣淘漫旅,198.0,4707,76.686217008798,4103.8891013384,19317006,3368694,25381390,99,12507,2591,15098,15065,4,0,4,3,0.997814280037091,0.0021857199629089497,0.8283878659425089,3147.117302052775,3.0,三星級,1
2024,7,台南市,遠百企業觀光旅館,80.0,80,3.2258064516128995,520.0,41600,0,83200,30,80,0,80,80,0,0,0,0,1.0,0.0,1.0,16.77419354838708,,無星等/未評鑑,0
2024,7,台東縣,台東桂田喜來登酒店,290.0,2929,32.58064516129,4121.1348583134,12070804,11658330,24375632,158,5244,2477,7721,7446,4,0,13,164,0.9643828519621811,0.0356171480378189,0.6791866338557182,1342.6923248053206,5.0,五星級,1
2024,7,台東縣,娜路彎大酒店,292.0,4398,48.585947856827,5819.4852205548,25594096,12545426,40671869,189,12881,1246,14127,12370,6,6,30,60,0.8756282296312027,0.12437177036879732,0.9118000991010122,2827.4520547945085,5.0,五星級,1
2024,7,台東縣,樂樂日暉溫泉酒店,48.0,328,22.043010752688,2490.743902439,816964,0,816964,9,657,0,657,657,0,0,0,0,1.0,0.0,1.0,549.0349462365496,,無星等/未評鑑,0
2024,7,台東縣,知本老爺大酒店,182.0,2969,52.623183268344995,5383.5540586056,15983772,9097656,28442297,194,6470,714,7184,7129,2,0,21,18,0.9923440979955457,0.007655902004454318,0.9006124721603563,2832.9975186104502,5.0,五星級,1
2024,7,嘉義市,耐斯王子大飯店,245.0,3282,43.212639894668,2301.936928702,7554957,8482725,17395198,105,4033,3871,7904,7378,84,228,18,75,0.9334514170040485,0.06654858299595146,0.510247975708502,994.7277156023757,5.0,五星級,1
2024,7,嘉義市,鈺通大飯店,120.0,1117,30.026881720429998,2001.6535362578,2235847,2361809,4606779,61,1160,497,1657,1613,22,0,0,4,0.9734459867229933,0.026554013277006683,0.700060350030175,601.0341397849339,3.0,三星級,1
2024,7,嘉義縣,名都觀光渡假大飯店,97.0,434,14.432989690722001,1770.0806451613,768215,1280623,2123352,40,481,727,1208,1208,0,0,0,0,1.0,0.0,0.3981788079470199,255.47555703359595,3.0,三星級,1
2024,7,嘉義縣,阿里山賓館(歷史館),35.0,269,24.792626728111,12485.513011152,3358603,0,3358603,11,548,235,783,767,1,0,1,6,0.979565772669221,0.020434227330779042,0.6998722860791826,3095.4866359446473,4.0,四星級,1
2024,7,嘉義縣,阿里山賓館(現代館),104.0,1359,42.152605459057,12066.140544518,16397885,6754457,23586368,105,2677,1147,3824,3743,6,0,5,30,0.9788179916317992,0.021182008368200833,0.7000523012552301,5086.192617865985,4.0,四星級,1
2024,7,基隆市,長榮桂冠酒店(基隆),140.0,3371,77.672811059908,3863.0157223376,13022226,6764187,23318751,91,5839,1921,7760,7541,36,7,6,42,0.9717783505154639,0.028221649484536093,0.7524484536082474,3000.512903225824,5.0,五星級,1
2024,7,宜蘭縣,凱渡廣場酒店,285.0,2835,32.088285229202,7444.9940035273,21106558,15960868,40318101,138,6012,2026,8038,7969,10,0,2,4,0.9914157750684249,0.008584224931575068,0.7479472505598408,2388.970911148825,,無星等/未評鑑,0
2024,7,宜蘭縣,山泉大飯店,146.0,2070,45.735749005745,1994.9898550725,4129629,1183499,5592766,40,1726,3070,4796,4380,0,0,251,0,0.9132610508757297,0.08673894912427027,0.35988323603002503,912.4235528060345,3.0,三星級,1
2024,7,宜蘭縣,幼獅大飯店,52.0,318,19.727047146402,1262.5786163522,401500,0,433300,8,71,212,283,283,0,0,0,0,1.0,0.0,0.2508833922261484,249.06947890818853,3.0,三星級,1
2024,7,宜蘭縣,悅川酒店,103.0,1723,53.961791418728,5325.7307022635,9176234,7847707,17023941,92,4284,1217,5501,5349,8,0,113,13,0.972368660243592,0.02763133975640797,0.7787674968187602,2873.8596930785875,4.0,四星級,1
2024,7,宜蘭縣,礁溪老爺酒店,197.0,3909,64.00851481906,9009.2898439499,35217314,26074828,73589676,309,10210,985,11195,10938,3,2,96,99,0.9770433229120143,0.022956677087985655,0.9120142920946851,5766.712624856739,5.0,五星級,1
2024,7,宜蘭縣,礁溪麒麟酒店,167.0,2521,48.696156074947,3979.9103530345,10033354,0,10033354,50,5780,894,6674,5989,45,87,217,26,0.89736290080911,0.10263709919089004,0.866047347917291,1938.0633571566543,,無星等/未評鑑,0
2024,7,宜蘭縣,綠舞國際觀光飯店,113.0,1381,39.423351413075,5930.6089790007,8190171,5148374,18360472,246,2525,1684,4209,4209,0,0,0,0,1.0,0.0,0.5999049655500118,2338.0448187268253,4.0,四星級,1
2024,7,宜蘭縣,蘭城晶英酒店,193.0,5830,97.44275447100101,10889.646998285,63486642,44169089,119772352,337,23350,367,23717,23278,7,0,268,78,0.9814900704136273,0.018509929586372653,0.9845258675211873,10611.171987297585,5.0,五星級,1
2024,7,宜蘭縣,長榮鳳凰酒店(礁溪),231.0,3772,52.67420751291701,5823.901378579,21967756,19908883,45948179,261,9272,1948,11220,10828,7,9,143,85,0.9650623885918004,0.03493761140819962,0.8263814616755794,3067.693897500337,5.0,五星級,1
2024,7,屏東縣,凱撒大飯店,281.0,5897,67.696016530823,9480.7812447007,55908167,7990062,68532469,228,17493,595,18088,17222,62,140,286,133,0.9521229544449359,0.04787704555506411,0.9671052631578947,6418.111238663753,5.0,五星級,1
2024,7,屏東縣,墾丁怡灣渡假酒店,234.0,4630,63.826854149435,3818.2924406048,17678694,5207761,24588000,99,7578,2196,9774,5029,0,6,28,0,0.5145283404951914,0.48547165950480864,0.7753222836095764,2437.0959470637276,3.0,三星級,1
2024,7,屏東縣,墾丁福華渡假飯店,458.0,7386,52.021411466404,5488.2497969131,40536213,10669156,53463430,229,19190,4196,23386,22154,32,133,252,427,0.9473189087488241,0.05268109125117593,0.8205764132386898,2855.0650091562457,5.0,五星級,1
2024,7,新北市,八里福朋喜來登酒店,241.0,2784,37.264087806184,3579.9317528736,9966530,13643737,23708632,151,5117,2299,7416,6641,73,24,80,441,0.8954962243797195,0.10450377562028046,0.6899946062567421,1334.0289117922803,3.0,三星級,1
2024,7,新北市,大板根渡假酒店,95.0,2314,78.573853989813,6477.0,14987778,13851118,42865429,232,3839,3103,6942,6840,3,6,39,24,0.9853068280034573,0.014693171996542742,0.5530106597522327,5089.228522920188,4.0,四星級,1
2024,7,新北市,板橋凱撒大飯店,400.0,10605,85.52419354838699,3842.5106082037,40749825,8726390,49646533,153,20203,1908,22111,12214,615,3919,2528,550,0.552394735651938,0.447605264348062,0.9137081090859753,3286.2762096774345,5.0,五星級,1
2024,7,新北市,瓏山林台北中和飯店,126.0,1643,42.063492063492,2496.4418746196,4101654,2669866,7097027,89,3291,183,3474,2523,59,31,218,56,0.7262521588946459,0.2737478411053541,0.9473229706390328,1050.0906298003063,3.0,三星級,1
2024,7,新北市,碧特弗大飯店,55.0,162,9.501466275659801,2835.1913580247,459301,173563,632864,16,101,111,212,202,0,0,6,0,0.9528301886792453,0.047169811320754707,0.47641509433962265,269.38475073313805,,無星等/未評鑑,0
2024,7,新北市,福容大飯店    淡水漁人碼頭,198.0,4318,70.348647768003,5806.9823992589,25074550,17357865,45553712,153,5971,5879,11850,11605,11,0,81,28,0.9793248945147679,0.020675105485232104,0.5038818565400844,4085.1335940045738,4.0,四星級,1
2024,7,新北市,福容大飯店 福隆,174.0,3673,68.094178717093,6472.0114347944,23771698,10868110,37383751,166,7906,1301,9207,9098,6,4,10,21,0.9881611817095688,0.011838818290431208,0.8586944715976974,4407.063032999594,3.0,三星級,1
2024,7,新北市,美麗春天大飯店,34.0,26,2.4667931688805,2639.6538461538,68631,0,68631,5,50,0,50,50,0,0,0,0,1.0,0.0,1.0,65.11480075901332,,無星等/未評鑑,0
2024,7,新竹市,新竹國賓大飯店,257.0,5436,68.23145475084699,3544.1800956586,19266163,27749781,53358737,263,7722,1288,9010,5784,1156,455,76,389,0.641953385127636,0.358046614872364,0.8570477247502775,2418.2456382578234,4.0,四星級,1
2024,7,新竹市,新竹老爺大酒店,208.0,5556,86.166253101737,3091.506299496,17176409,13770784,32047252,158,7379,957,8336,5613,775,85,13,787,0.6733445297504799,0.32665547024952013,0.8851967370441459,2663.835142679867,4.0,四星級,1
2024,7,新竹縣,新竹喜來登大飯店,386.0,9153,76.491726558583,3872.9501802688,35449113,36270674,83249812,274,10126,980,11106,4285,341,499,52,2451,0.3858274806410949,0.6141725193589052,0.911759409328291,2962.486461641358,4.0,四星級,1
2024,7,新竹縣,豐邑喜來登大飯店,384.0,6102,51.260080645161,3872.9501802688,23632742,3706185,29843500,89,6751,654,7405,2857,227,332,35,1634,0.3858203916272789,0.6141796083727211,0.9116812964213369,1985.2773857526952,4.0,四星級,1
2024,7,桃園市,南方莊園渡假飯店,111.0,2272,66.027317640221,5663.744278169,12868027,11344821,27831984,126,4251,1135,5386,5358,0,0,11,4,0.9948013367991088,0.00519866320089124,0.7892684738210175,3739.6184248764876,4.0,四星級,1
2024,7,桃園市,古華花園飯店,255.0,6787,85.857052498419,2669.6874907912,18119169,8612270,28203009,159,12611,521,13132,8919,457,175,779,461,0.6791806274748705,0.3208193725251295,0.9603259214133415,2292.1149905123257,3.0,三星級,1
2024,7,桃園市,台北諾富特華航桃園機場飯店,516.0,9506,59.42735683921,3229.3672417421,30698365,22659115,58358063,268,11847,904,12751,4934,951,213,223,1361,0.3869500431338719,0.6130499568661281,0.9291035997176692,1919.1275943986311,4.0,四星級,1
2024,7,桃園市,名人堂花園大飯店,128.0,2119,53.402217741935,6031.6866446437,12781144,13372872,32813645,203,5967,470,6437,6095,13,0,101,169,0.9468696597794003,0.0531303402205997,0.926984620164673,3221.0544354838416,,無星等/未評鑑,0
2024,7,桃園市,和逸飯店桃園青埔館,218.0,5096,75.40692512577701,5654.5007849294,28815336,0,32327118,116,12212,1091,13303,11080,210,183,401,479,0.8328948357513343,0.16710516424866573,0.9179884236638353,4263.885173128186,4.0,四星級,1
2024,7,桃園市,尊爵大飯店,218.0,3091,45.738384137319,2953.228081527,9128428,8021790,17897084,101,2887,1652,4539,1149,354,49,97,189,0.25313945803040316,0.7468605419695968,0.6360431813174708,1350.7588043799956,3.0,三星級,1
2024,7,桃園市,尊爵天際大飯店,250.0,5537,71.445161290323,2603.3359219794,14414671,1834550,16398559,81,4409,3341,7750,1623,272,27,0,469,0.2094193548387097,0.7905806451612903,0.5689032258064516,1859.9575483871,3.0,三星級,1
2024,7,桃園市,桃園喜來登酒店,189.0,2502,42.703533026114,3190.4912070344,7982609,11814670,22066968,140,2847,1272,4119,2780,144,36,32,725,0.6749210973537266,0.32507890264627337,0.6911871813546977,1362.452466291198,4.0,四星級,1
2024,7,桃園市,福容大飯店   桃園,182.0,4696,83.23289613612201,2271.9197189097,10668935,5265474,16315767,64,4030,391,4421,1612,352,187,689,131,0.36462338837367114,0.6353766116263289,0.9115584709341777,1890.9845799361856,3.0,三星級,1
2024,7,桃園市,福容徠旅 林口,149.0,2628,56.895431911669,2661.99847793,6995732,0,6995732,22,5062,285,5347,4304,133,62,201,92,0.8049373480456331,0.1950626519543669,0.9466990835982794,1514.5555315003282,,無星等/未評鑑,0
2024,7,澎湖縣,寶華大飯店,74.0,1073,46.774193548387,2233.8033550792,2396871,12285,2425906,15,1588,762,2350,2319,11,0,12,0,0.9868085106382979,0.013191489361702113,0.6757446808510639,1044.8435047951075,,無星等/未評鑑,0
2024,7,澎湖縣,澎湖福朋喜來登酒店,331.0,7764,75.665139849917,3756.7266872746,29167226,28803003,63043049,201,14130,7525,21655,21043,4,2,37,427,0.9717386284922651,0.02826137150773489,0.6525051951050566,2842.5325017054797,5.0,五星級,1
2024,7,花蓮縣,瑞穗天合國際觀光酒店,198.0,2716,44.248941023135,10649.554123711,28924189,4236236,34571779,188,6418,1569,7987,7885,0,0,0,36,0.9872292475272317,0.012770752472768265,0.8035557781394767,4712.314923427722,5.0,五星級,1
2024,7,花蓮縣,美侖大飯店,299.0,2607,28.126011435969,3257.9712313003,8493531,4000144,13519269,178,6533,630,7163,6986,8,4,4,67,0.9752896830936758,0.024710316906324192,0.9120480245707105,916.3373610961025,5.0,五星級,1
2024,7,花蓮縣,遠雄悅來大飯店,381.0,2161,18.296503259673,4691.2244331328,10137736,9843557,22947596,318,5347,838,6185,6112,2,0,16,24,0.988197251414713,0.01180274858528696,0.8645109135004042,858.3300313267189,5.0,五星級,1
2024,7,苗栗縣,馥藝金鬱金香酒店,191.0,4054,68.468164161459,2600.2298963986,10541332,5706507,16740499,107,7697,815,8512,8156,91,0,0,47,0.9581766917293233,0.04182330827067671,0.9042528195488722,1780.3296740415287,3.0,三星級,1
2024,7,金門縣,陸島酒店,47.0,560,38.435140700069,1303.3839285714,729895,87680,822545,12,42,1054,1096,1080,0,0,0,0,0.9854014598540146,0.014598540145985384,0.03832116788321168,500.9574468085044,,無星等/未評鑑,0
2024,7,高雄市,寒軒國際大飯店,371.0,7057,61.359881749413006,2288.025931699,16146599,13002577,30143451,209,8839,3182,12021,9252,867,179,328,160,0.7696531070626403,0.23034689293735966,0.7352965643457283,1403.9300060864116,5.0,五星級,1
2024,7,高雄市,承攜行旅 高雄六合館,269.0,2596,31.130831034896,2932.3455315871,7612369,0,7612369,37,4568,616,5184,4286,80,374,232,13,0.8267746913580247,0.17322530864197527,0.8811728395061729,912.8635327977031,,無星等/未評鑑,0
2024,7,高雄市,晶英國際行館,147.0,1702,37.349133201668,6777.0428907168,11534527,15134105,29406432,212,2677,445,3122,2410,107,74,170,80,0.7719410634208841,0.2280589365791159,0.8574631646380525,2531.166776387989,4.0,四星級,1
2024,7,高雄市,漢來大飯店,535.0,8833,53.258968947844,3803.5547379146,33596799,68621287,123835516,759,12981,2155,15136,10391,827,250,271,1260,0.6865089852008457,0.3134910147991543,0.8576242071881607,2025.734036780186,5.0,五星級,1
2024,7,高雄市,福容大飯店 高雄,250.0,3711,47.883870967742,2643.8701158717,9811402,3253748,13132491,85,5249,1653,6902,5509,493,263,123,136,0.7981744421906694,0.20182555780933065,0.7605042016806722,1265.9873548386956,3.0,三星級,1
2024,7,高雄市,義大皇家酒店,656.0,10147,49.896734854445,3217.8196511284,32651216,18936192,57009517,383,19688,4306,23994,23289,38,24,347,124,0.9706176544136034,0.02938234558639663,0.8205384679503209,1605.586939417765,4.0,四星級,1
2024,7,高雄市,高雄圓山大飯店,105.0,2004,61.566820276498,2706.8682634731,5424564,8434129,15038045,127,2754,1898,4652,4362,48,34,29,41,0.9376612209802235,0.06233877901977647,0.5920034393809115,1666.5327188940457,5.0,五星級,1
2024,7,高雄市,高雄福華大飯店,271.0,6033,71.81287941911701,2655.9565721863,16023386,21122553,40587739,278,11043,1778,12821,8855,1700,269,914,158,0.6906637547773185,0.30933624522268155,0.861321269791748,1907.318890608261,5.0,五星級,1
2024,7,高雄市,高雄萬豪酒店,700.0,13570,62.534562211982006,4741.2039793662,64338138,66860857,144113637,662,17043,8601,25644,17043,280,347,1126,4315,0.6645999064108563,0.3354000935891437,0.6645999064108563,2964.891152073723,5.0,五星級,1
2024,7,高雄市,麗尊大酒店,188.0,3281,56.297185998627,2451.0,8041731,11159260,19861435,178,5733,742,6475,5414,482,147,188,75,0.8361389961389961,0.16386100386100388,0.8854054054054054,1379.8440288263478,3.0,三星級,1
2024,8,南投縣,日月潭力麗溫德姆溫泉酒店,197.0,2207,36.138857049288,7785.3112822836,17182182,7485508,25645127,178,1465,628,2093,1473,0,40,40,60,0.7037744863831821,0.2962255136168179,0.6999522216913521,2813.5225151465606,5.0,五星級,1
2024,8,南投縣,涵碧樓大飯店,96.0,2463,82.762096774194,16184.817295981,39863205,7052867,51918158,311,4493,483,4976,4278,130,0,46,202,0.8597266881028939,0.14027331189710612,0.9029340836012861,13394.894153226285,5.0,五星級,1
2024,8,南投縣,雲品溫泉酒店日月潭,207.0,4305,67.087424029921,12356.125667828,53193121,20578347,81558603,318,9658,2489,12147,11248,42,6,199,436,0.9259899563678274,0.07401004363217256,0.7950934387091463,8289.406420445679,5.0,五星級,1
2024,8,台中市,全國大飯店,178.0,2433,44.092062341428004,2224.0147965475,5411028,3601337,10597804,76,4228,446,4674,3884,303,21,100,101,0.8309798887462558,0.16902011125374417,0.9045785194694053,980.6139905763068,5.0,五星級,1
2024,8,台中市,台中港酒店,200.0,5478,88.354838709677,2905.2652427893,15915043,3626241,21043896,98,7828,144,7972,4450,854,210,126,613,0.5582037129954842,0.4417962870045158,0.9819367787255394,2566.9424193547916,3.0,三星級,1
2024,8,台中市,台中福華大飯店,155.0,4559,94.880332986472,3104.2020179864,14152057,14196528,31571232,187,9539,174,9713,7399,215,116,262,342,0.7617625862246474,0.23823741377535257,0.9820858643055699,2945.2772112382795,5.0,五星級,1
2024,8,台中市,台中金典酒店,222.0,5375,78.102295844231,2933.6535813953,15768388,18004875,46600406,249,7143,3744,10887,9126,462,171,238,212,0.8382474510884541,0.1617525489115459,0.6561036098098649,2291.2507991862353,5.0,五星級,1
2024,8,台中市,裕元花園酒店,149.0,4098,88.720502273219,3899.785261103,15981320,30398248,50210905,280,6729,690,7419,6155,149,76,106,253,0.8296266343172934,0.17037336568270656,0.9069955519611808,3459.909071227546,5.0,五星級,1
2024,8,台中市,通豪大飯店,226.0,0,0.0,,0,0,0,35,0,0,0,0,0,0,0,0,,,,,3.0,三星級,1
2024,8,台中市,長榮桂冠酒店(台中),354.0,8260,75.268817204301,2719.0168280872,22459079,23975044,52593455,245,6871,1389,8260,6798,415,86,83,135,0.823002421307506,0.176997578692494,0.8318401937046005,2046.5718060871377,5.0,五星級,1
2024,8,台中市,龍谷大飯店,189.0,542,9.2507253797576,1797.9095940959,974467,481405,1841854,32,742,463,1205,1197,0,0,2,2,0.9933609958506224,0.00663900414937757,0.6157676348547718,166.3196791261263,,無星等/未評鑑,0
2024,8,台北市,JR東日本大飯店台北,288.0,7765,86.973566308244,5262.99356085,40867145,28236433,74124302,270,14719,343,15062,3604,4746,769,2650,896,0.23927765237020315,0.7607223476297968,0.9772274598326915,4577.413194444487,4.0,四星級,1
2024,8,台北市,三德大飯店,287.0,2778,31.224008092615,2064.4769618431,5735117,1719436,13371233,82,4847,177,5024,2032,914,105,1020,136,0.40445859872611467,0.5955414012738853,0.9647691082802548,644.6124536360619,3.0,三星級,1
2024,8,台北市,亞都麗緻大飯店,219.0,2898,42.686699072028,3848.1259489303,11151869,13145635,27033970,196,5178,0,5178,2153,1230,64,325,306,0.4157976052529934,0.5842023947470065,1.0,1642.637943732499,4.0,四星級,1
2024,8,台北市,兄弟大飯店,250.0,3708,47.845161290323,3818.657227616,14159581,50890469,70408504,450,3358,1728,5086,2614,830,63,215,254,0.5139598898938262,0.48604011010617376,0.6602438065277232,1827.042709677452,4.0,四星級,1
2024,8,台北市,北投老爺酒店,50.0,720,46.451612903226,5227.2305555556,3763606,3092282,7661533,63,1496,43,1539,1165,36,22,216,23,0.7569850552306693,0.24301494476933072,0.9720597790773229,2428.1329032258377,4.0,四星級,1
2024,8,台北市,北投麗禧溫泉酒店,66.0,773,37.781036168133,15798.893919793,12212545,5303465,20617936,162,1367,6,1373,727,77,39,288,94,0.5294974508375819,0.47050254916241807,0.9956300072833212,5968.985826001959,4.0,四星級,1
2024,8,台北市,台北W飯店,405.0,7952,63.337315810434006,9055.2286217304,72007178,39442401,125352901,409,12073,398,12471,2475,1280,338,1620,3397,0.1984604281934087,0.8015395718065913,0.9680859594258681,5735.338749502194,5.0,五星級,1
2024,8,台北市,台北中山雅樂軒酒店,88.0,1810,66.348973607038,4064.008839779,7355856,513769,8743881,40,2750,0,2750,552,468,41,233,647,0.20072727272727273,0.7992727272727272,1.0,2696.4281524926605,,無星等/未評鑑,0
2024,8,台北市,台北凱撒大飯店,478.0,13546,91.41584559319699,3374.860180127,45715856,13744981,62167069,140,21162,5736,26898,5317,13313,1448,3241,696,0.19767268941928767,0.8023273105807123,0.786749944233772,3085.156971251188,4.0,四星級,1
2024,8,台北市,台北君品大酒店,286.0,6068,68.44123618317201,4402.1051417271,26711974,35916730,67953779,327,15881,692,16573,4059,4794,890,2787,1002,0.24491643033850238,0.7550835696614976,0.9582453388040789,3012.855177081003,5.0,五星級,1
2024,8,台北市,台北君悅酒店,850.0,16781,63.685009487666,5563.1088731303,93354530,99268022,218159658,535,22137,6589,28726,9328,1695,1464,1216,10196,0.3247232472324723,0.6752767527675276,0.7706259138063078,3542.8664136622206,5.0,五星級,1
2024,8,台北市,台北寒舍喜來登大飯店,688.0,16163,75.783008252063,4714.0610035266,76193368,108203607,205453491,795,22565,4342,26907,6150,7061,1077,1747,4856,0.22856505742000224,0.7714349425799978,0.8386293529564798,3572.457239309847,5.0,五星級,1
2024,8,台北市,台北寒舍艾美酒店,160.0,4172,84.11290322580601,8589.5500958773,35835603,62754890,108466357,329,5735,37,5772,1920,227,102,759,1109,0.33264033264033266,0.6673596673596673,0.9935897435897436,7224.9199596774,5.0,五星級,1
2024,8,台北市,台北漢來大飯店,424.0,5025,38.230371272063,6143.1066666667,30869111,59961514,108137342,455,7102,1408,8510,5854,650,151,191,306,0.6878965922444183,0.31210340775558165,0.8345475910693302,2348.5324863055334,5.0,五星級,1
2024,8,台北市,台北美福大飯店,146.0,3073,67.89659743703001,6513.7930361211,20016886,63557234,89862900,333,5820,154,5974,3068,584,584,291,839,0.5135587546032809,0.48644124539671907,0.9742216270505524,4422.643835616438,6.0,卓越五星,1
2024,8,台北市,台北艾麗酒店,235.0,5767,79.162663006177,5737.866828507,33090278,17602683,56165603,181,7830,615,8445,2630,262,472,1214,1123,0.3114268798105388,0.6885731201894612,0.9271758436944938,4542.248181194212,5.0,五星級,1
2024,8,台北市,台北花園大酒店,241.0,6696,89.626556016598,2259.1028972521,15126953,18367610,42842612,149,14829,490,15319,1864,1244,4106,5332,341,0.12167896076767414,0.8783210392323259,0.9680135779097853,2024.7561236782415,4.0,四星級,1
2024,8,台北市,台北萬豪酒店,318.0,7109,72.114019070805,6413.0905893937,45590661,59347942,134143158,516,9061,1045,10106,2211,473,984,685,2868,0.21878092222442114,0.7812190777755789,0.8965960815357213,4624.737370663373,5.0,五星級,1
2024,8,台北市,台北遠東香格里拉,420.0,8904,68.387096774194,5933.0484052111,52827863,58268028,128731601,475,13465,1836,15301,3296,1734,395,1100,4510,0.21541075746683222,0.7845892425331678,0.880007842624665,4057.4395545314887,5.0,五星級,1
2024,8,台北市,國王大飯店,97.0,2160,71.832391087463,1579.999537037,3412799,901573,4332905,47,648,1512,2160,139,1919,32,0,1,0.06435185185185185,0.9356481481481481,0.3,1134.9514466245225,3.0,三星級,1
2024,8,台北市,國聯大飯店,243.0,1641,21.784149741139,2942.662400975,4828909,1068205,6517172,107,1783,963,2746,1521,26,21,10,12,0.5538965768390386,0.4461034231609614,0.6493080844865259,641.0339838045901,4.0,四星級,1
2024,8,台北市,圓山大飯店,473.0,10195,69.528745822819,4298.117312408,43819306,64172302,123541573,582,11886,9063,20949,12382,4408,605,453,901,0.5910544656069502,0.4089455343930498,0.5673779178003723,2988.427061310738,5.0,五星級,1
2024,8,台北市,天成大飯店,226.0,6439,91.90693691121899,3385.1052958534,21796693,21563877,46019992,312,12650,694,13344,2623,4889,1196,1671,684,0.1965677458033573,0.8034322541966427,0.9479916067146283,3111.146588638317,4.0,四星級,1
2024,8,台北市,日勝生加賀屋國際溫泉飯店,89.0,883,32.004349401957,7106.9637599094,6275449,4942302,14019785,128,1755,261,2016,1464,80,19,310,87,0.7261904761904762,0.27380952380952384,0.8705357142857143,2274.537513591865,,無星等/未評鑑,0
2024,8,台北市,晶華酒店,537.0,12853,77.20910674596,5645.537539874,72562094,160640425,259015690,948,22964,2054,25018,10341,7086,1826,838,2064,0.41334239347669677,0.5866576065233032,0.9178991126389,4358.869105544561,5.0,五星級,1
2024,8,台北市,歐華酒店,112.0,1037,29.867511520737,3593.6962391514,3726663,5441162,9991338,96,1405,506,1911,482,926,20,73,170,0.2522239665096808,0.7477760334903192,0.7352171637885924,1073.3476382488366,4.0,四星級,1
2024,8,台北市,漢普頓酒店,121.0,2484,66.222340709144,2803.2375201288,6963242,4311814,13819721,65,4193,938,5131,2729,1262,196,458,84,0.5318651335022413,0.4681348664977587,0.8171896316507503,1856.369501466253,,無星等/未評鑑,0
2024,8,台北市,福容大飯店  台北一館,120.0,2222,59.731182795699,3124.8757875788,6943474,8683041,16532987,75,3819,87,3906,2367,229,172,245,219,0.6059907834101382,0.39400921658986177,0.977726574500768,1866.5252688172318,4.0,四星級,1
2024,8,台北市,福華大飯店,606.0,10952,58.29873309911599,4267.6223520818,46739000,36583000,98383000,464,20012,1511,21523,8536,2699,2299,1044,1887,0.39659898713004693,0.6034010128699531,0.9297960321516517,2487.969764718385,5.0,五星級,1
2024,8,台北市,第一大飯店,176.0,1862,34.127565982405,1910.0128893663,3556444,3188811,29027367,39,708,2567,3275,719,1555,2,50,210,0.21954198473282444,0.7804580152671756,0.21618320610687022,651.8409090909242,4.0,四星級,1
2024,8,台北市,美麗信花園酒店,203.0,6129,97.39392976322901,2052.7201827378,12581122,5457794,27523230,123,12439,980,13419,2708,4824,1448,2100,671,0.2018034130710187,0.7981965869289813,0.9269692227438706,1999.2248530112788,,無星等/未評鑑,0
2024,8,台北市,義華酒店,149.0,3235,70.03680450313901,3481.029984544,11261132,194792,12863256,17,4139,526,4665,1729,171,154,297,1028,0.37063236870310823,0.6293676312968918,0.8872454448017149,2438.0021649707314,,無星等/未評鑑,0
2024,8,台北市,老爺大酒店,202.0,4185,66.831683168317,4763.2783751493,19934320,23166135,48525720,214,6792,0,6792,2106,3645,73,166,290,0.31007067137809186,0.6899293286219081,1.0,3183.379112104738,5.0,五星級,1
2024,8,台北市,豪景大酒店,209.0,3271,50.486186139836,1988.3096912259,6503761,83000,6957179,35,6353,1156,7509,2006,887,1333,1230,159,0.2671460913570382,0.7328539086429617,0.8460514049806899,1003.8217317487064,3.0,三星級,1
2024,8,台北市,雀客旅館台北南京,56.0,1503,86.578341013825,2327.3952095808,3498075,0,3498075,10,2800,206,3006,1626,211,155,411,12,0.5409181636726547,0.45908183632734534,0.9314703925482368,2015.020161290292,,無星等/未評鑑,0
2024,8,台北市,雀客藏居台北陽明山,50.0,833,53.741935483870996,3258.0336134454,2713942,2066149,5797796,29,1620,86,1706,1476,13,7,34,89,0.8651817116060961,0.13481828839390386,0.9495896834701055,1750.930322580658,3.0,三星級,1
2024,8,台南市,台南大員皇冠假日酒店,230.0,5151,72.244039270687,4096.8431372549,21102839,15256496,40163206,229,11455,1377,12832,12056,68,26,74,288,0.9395261845386533,0.06047381546134667,0.8926901496259352,2959.7249649368755,5.0,五星級,1
2024,8,台南市,台南大飯店,152.0,2632,55.857385398980995,2187.3909574468,5757213,9647187,16221859,111,4586,97,4683,3025,727,84,184,86,0.6459534486440316,0.3540465513559684,0.979286781977365,1221.8193972835193,3.0,三星級,1
2024,8,台南市,台南遠東香格里拉,331.0,6802,66.289835298704,4246.8135842399,28886826,21999124,57306843,360,13112,579,13691,9538,815,361,511,708,0.6966620407567015,0.30333795924329854,0.9577094441603974,2815.2057304356176,5.0,五星級,1
2024,8,台南市,台糖長榮酒店(台南),197.0,4656,76.240379891927,3146.127362543,14648369,24362505,40223528,154,9365,1073,10438,9714,248,35,75,54,0.9306380532669094,0.0693619467330906,0.8972025292201571,2398.619453086647,5.0,五星級,1
2024,8,台南市,趣淘漫旅,198.0,4925,80.237862495927,3860.0014213198,19010507,3104580,24934708,97,13403,2013,15416,15387,0,0,2,4,0.9981188375713544,0.0018811624286455553,0.8694213803840166,3097.1826327794092,3.0,三星級,1
2024,8,台南市,遠百企業觀光旅館,40.0,80,6.451612903225799,505.0,40400,0,40400,35,80,0,80,80,0,0,0,0,1.0,0.0,1.0,32.580645161290285,,無星等/未評鑑,0
2024,8,台東縣,台東桂田喜來登酒店,290.0,3043,33.84872080089,4123.6864935919,12548378,13474608,27156452,159,6141,1782,7923,7704,26,16,0,88,0.9723589549413101,0.027641045058689917,0.7750851950018932,1395.815127919933,5.0,五星級,1
2024,8,台東縣,娜路彎大酒店,292.0,4464,49.315068493150996,5937.5936379928,26505418,12572106,42896422,182,14485,662,15147,14968,6,0,38,107,0.9881824783785568,0.011817521621443228,0.9562949759028191,2928.128369421125,5.0,五星級,1
2024,8,台東縣,樂樂日暉溫泉酒店,48.0,614,41.263440860215,2494.1107491857,1531384,0,1531384,9,1231,0,1231,1231,0,0,0,0,1.0,0.0,1.0,1029.1559139785065,,無星等/未評鑑,0
2024,8,台東縣,知本老爺大酒店,182.0,3242,57.461892945764006,5623.7236273905,18232112,9678352,31494532,206,7312,566,7878,7778,19,0,20,4,0.9873064229499873,0.012693577050012728,0.9281543538969281,3231.4980503367656,5.0,五星級,1
2024,8,嘉義市,耐斯王子大飯店,245.0,2976,39.183673469388,2543.9186827957,7570702,7967267,17041128,104,4520,2855,7375,7097,42,106,3,20,0.9623050847457627,0.03769491525423729,0.6128813559322034,996.8007899934233,5.0,五星級,1
2024,8,嘉義市,鈺通大飯店,120.0,1491,40.08064516129,1903.199195171,2837670,2609042,5447032,63,1348,1725,3073,2844,131,53,26,8,0.9254799869834038,0.07452001301659616,0.4386592905955093,762.8145161290157,3.0,三星級,1
2024,8,嘉義縣,名都觀光渡假大飯店,97.0,516,17.159960093116,1909.3139534884,985206,751112,1765650,41,750,626,1376,1376,0,0,0,0,1.0,0.0,0.5450581395348837,327.6375124709048,3.0,三星級,1
2024,8,嘉義縣,阿里山賓館(歷史館),35.0,221,20.36866359447,13159.199095023,2908183,0,2908183,11,450,193,643,620,4,0,1,6,0.9642301710730948,0.03576982892690517,0.6998444790046656,2680.3529953917755,4.0,四星級,1
2024,8,嘉義縣,阿里山賓館(現代館),104.0,1135,35.204714640199,12509.935682819,14198777,5788190,20451924,99,2202,944,3146,3025,18,2,7,32,0.9615384615384616,0.038461538461538436,0.6999364272091545,4404.087158808859,4.0,四星級,1
2024,8,基隆市,長榮桂冠酒店(基隆),140.0,3788,87.281105990783,3796.6195881732,14381595,7075772,25108956,93,6663,1757,8420,8204,34,14,30,37,0.9743467933491686,0.025653206650831373,0.7913301662707839,3313.7315668202796,5.0,五星級,1
2024,8,宜蘭縣,凱渡廣場酒店,285.0,3811,43.135257498585,7505.9244292837,28605078,23008837,56155028,144,7075,3884,10959,10869,8,0,21,16,0.9917875718587462,0.00821242814125378,0.6455881011041154,3237.6998302207207,,無星等/未評鑑,0
2024,8,宜蘭縣,山泉大飯店,146.0,2023,44.697304463102,1861.1917943648,3765191,1423589,5461873,42,2561,2244,4805,4344,18,0,376,8,0.9040582726326742,0.09594172736732576,0.5329864724245578,831.902562969506,3.0,三星級,1
2024,8,宜蘭縣,幼獅大飯店,53.0,209,12.720632988436002,1486.4593301435,310670,0,327900,8,96,122,218,218,0,0,0,0,1.0,0.0,0.44036697247706424,189.08703590991888,3.0,三星級,1
2024,8,宜蘭縣,悅川酒店,103.0,1759,55.089257751331,4865.6878908471,8558745,7529519,16088264,92,4222,1169,5391,5262,0,0,84,16,0.9760712298274903,0.023928770172509717,0.7831571137080319,2680.47134356406,4.0,四星級,1
2024,8,宜蘭縣,礁溪老爺酒店,197.0,4748,77.746847879483,9077.7462089301,43101139,29118953,85424872,314,11452,1847,13299,13007,25,2,127,54,0.9780434619144297,0.0219565380855703,0.8611173772464095,7057.66153594242,5.0,五星級,1
2024,8,宜蘭縣,礁溪麒麟酒店,167.0,4146,80.084991307707,3103.0183309214,12865114,0,12865114,52,9486,1294,10780,9987,45,169,258,15,0.9264378478664193,0.07356215213358075,0.8799628942486085,2485.051960594958,,無星等/未評鑑,0
2024,8,宜蘭縣,綠舞國際觀光飯店,113.0,1407,40.165572366543,5526.6631130064,7776015,4162293,17238000,242,2701,1800,4501,4501,0,0,0,0,1.0,0.0,0.6000888691401911,2219.815872109624,4.0,四星級,1
2024,8,宜蘭縣,蘭城晶英酒店,193.0,5902,98.64616413170701,10845.391731616,64009502,49191851,126041963,333,23329,554,23883,23504,4,0,258,81,0.9841309718209605,0.015869028179039457,0.976803584139346,10698.5629282965,5.0,五星級,1
2024,8,宜蘭縣,長榮鳳凰酒店(礁溪),231.0,3915,54.671135316297004,6094.4150702427,23859635,22475747,50340520,258,11677,478,12155,11944,19,14,123,30,0.9826408885232415,0.017359111476758504,0.9606746194981489,3331.8859097891836,5.0,五星級,1
2024,8,屏東縣,凱撒大飯店,281.0,5748,65.98553552979,9087.6579679889,52235858,7604056,64678100,219,15231,1341,16572,15298,144,229,404,225,0.923123340574463,0.07687665942553701,0.9190803765387401,5996.539777293107,5.0,五星級,1
2024,8,屏東縣,墾丁怡灣渡假酒店,234.0,4233,58.354011579818,3505.5778407749,14839111,4523987,20866713,94,6357,2233,8590,4401,0,0,0,0,0.5123399301513387,0.4876600698486613,0.740046565774156,2045.6452991453189,3.0,三星級,1
2024,8,屏東縣,墾丁福華渡假飯店,458.0,5921,41.703056768559,5511.3406519169,32632648,8228388,42837973,230,15635,2429,18064,16825,145,153,263,104,0.9314105403011514,0.06858945969884855,0.8655336581045173,2298.3975207775748,5.0,五星級,1
2024,8,新北市,八里福朋喜來登酒店,241.0,2843,38.053808057824,3877.866338375,11024774,152544446,163661861,141,7856,1278,9134,7249,95,62,77,368,0.7936282023209985,0.2063717976790015,0.8600832056054303,1475.6758131441902,3.0,三星級,1
2024,8,新北市,大板根渡假酒店,95.0,2315,78.607809847199,6895.0,15961925,14158381,44840506,230,4528,2417,6945,6771,15,36,51,15,0.9749460043196544,0.02505399568034561,0.651979841612671,5420.008488964371,4.0,四星級,1
2024,8,新北市,板橋凱撒大飯店,400.0,11897,95.943548387097,4009.1887030344,47697318,9998893,57824056,152,23386,1651,25037,11734,1725,4903,3715,417,0.4686663737668251,0.5313336262331749,0.9340575947597556,3846.5579032258365,5.0,五星級,1
2024,8,新北市,瓏山林台北中和飯店,126.0,1694,43.36917562724,2558.7042502952,4334445,2239126,6825107,81,3235,108,3343,2523,159,107,111,121,0.7547113371223452,0.24528866287765483,0.9676936883039187,1109.6889400921798,3.0,三星級,1
2024,8,新北市,碧特弗大飯店,55.0,164,9.6187683284457,2801.3475609756,459421,93594,553015,16,204,80,284,266,4,2,4,2,0.9366197183098591,0.06338028169014087,0.7183098591549296,269.4551319648071,,無星等/未評鑑,0
2024,8,新北市,福容大飯店    淡水漁人碼頭,198.0,4272,69.599217986315,6554.7612359551,28001940,16378792,47147652,155,6374,4675,11049,10788,5,24,98,43,0.9763779527559056,0.023622047244094446,0.5768847859534799,4562.0625610948655,4.0,四星級,1
2024,8,新北市,福容大飯店 福隆,174.0,3394,62.92176492399,6625.6152032999,22487338,9132208,34322419,162,7482,1259,8741,8635,18,7,19,14,0.9878732410479351,0.012126758952064942,0.8559661365976433,4168.954022988505,3.0,三星級,1
2024,8,新北市,美麗春天大飯店,34.0,27,2.5616698292219997,2320.2962962963,62648,0,62648,5,54,0,54,54,0,0,0,0,1.0,0.0,1.0,59.43833017077782,,無星等/未評鑑,0
2024,8,新竹市,新竹國賓大飯店,257.0,5630,70.666499309652,3298.6234458259,18571250,26801338,51837529,279,8064,1393,9457,6352,981,348,81,506,0.6716717775192979,0.32832822248070215,0.8527017024426351,2331.0217145725783,4.0,四星級,1
2024,8,新竹市,新竹老爺大酒店,208.0,5515,85.530397022333,3113.0476881233,17168458,13517456,31973880,161,7513,1352,8865,6928,578,141,47,404,0.7815002820078962,0.21849971799210377,0.8474901297236322,2662.602047146417,4.0,四星級,1
2024,8,新竹縣,新竹喜來登大飯店,386.0,10093,84.347317399298,3916.681858714,39531070,34572268,88124925,304,10241,2084,12325,4950,230,641,55,3340,0.40162271805273836,0.5983772819472617,0.8309127789046653,3303.616078890222,4.0,四星級,1
2024,8,新竹縣,豐邑喜來登大飯店,384.0,6728,56.518817204300994,3917.0700059453,26354047,3534050,32630812,92,6828,1390,8218,3300,154,427,37,2227,0.40155755658311026,0.5984424434168898,0.8308590898028717,2213.8816364247264,4.0,四星級,1
2024,8,桃園市,南方莊園渡假飯店,111.0,2251,65.417029933159,5572.2767658818,12543195,10753457,27796048,121,4243,886,5129,5072,6,1,42,0,0.9888867225580035,0.011113277441996527,0.827256775199844,3645.2179598953617,4.0,四星級,1
2024,8,桃園市,古華花園飯店,255.0,6709,84.870335230867,2601.7500372634,17455141,11023432,29775089,162,11624,373,11997,7920,527,236,691,403,0.660165041260315,0.33983495873968494,0.9689088938901392,2208.1139784946545,3.0,三星級,1
2024,8,桃園市,台北諾富特華航桃園機場飯店,516.0,9876,61.74043510877701,3146.3521668692,31073374,22833630,58590294,266,11382,1386,12768,4462,1240,387,314,1157,0.3494674185463659,0.650532581453634,0.8914473684210527,1942.5715178794778,4.0,四星級,1
2024,8,桃園市,名人堂花園大飯店,128.0,2351,59.248991935484,6055.8077413866,14237204,13848291,31812849,201,7515,111,7626,7363,11,38,80,85,0.9655127196433254,0.03448728035667459,0.9854445318646735,3588.0050403225628,,無星等/未評鑑,0
2024,8,桃園市,和逸飯店桃園青埔館,218.0,5081,75.184965966262,5594.7106868727,28426725,0,32911538,114,11585,1854,13439,11240,191,207,643,239,0.8363717538507329,0.16362824614926708,0.8620433067936603,4206.381325836062,4.0,四星級,1
2024,8,桃園市,尊爵大飯店,218.0,3323,49.171352471145,2829.6885344568,9403055,11825043,21862077,103,2499,2747,5246,1230,443,48,175,82,0.2344643537933664,0.7655356462066336,0.4763629431948151,1391.3961231133303,3.0,三星級,1
2024,8,桃園市,尊爵天際大飯店,250.0,5255,67.80645161290299,2610.0100856327,13715603,4436560,18270869,80,4141,2359,6500,1511,350,13,0,0,0.23246153846153847,0.7675384615384615,0.6370769230769231,1769.7552258064245,3.0,三星級,1
2024,8,桃園市,桃園喜來登酒店,189.0,2447,41.764806280935005,3169.0870453617,7754756,10297967,20193071,142,3146,769,3915,2529,168,0,74,609,0.6459770114942529,0.3540229885057471,0.8035759897828864,1323.563065369521,4.0,四星級,1
2024,8,桃園市,福容大飯店   桃園,182.0,4611,81.72633817795099,2249.7260897853,10373487,4799786,15568386,64,3979,299,4278,1607,294,54,627,72,0.3756428237494156,0.6243571762505844,0.9301075268817204,1838.6187522155276,3.0,三星級,1
2024,8,桃園市,福容徠旅 林口,149.0,2674,57.891318467201,2790.9166043381,7462911,0,7462911,24,5115,797,5912,4962,78,10,239,38,0.8393098782138024,0.16069012178619757,0.8651894451962111,1615.6984195713617,,無星等/未評鑑,0
2024,8,澎湖縣,寶華大飯店,74.0,335,14.60331299041,1988.9134328358,666286,1950,676286,16,552,168,720,712,3,0,1,0,0.9888888888888889,0.011111111111111072,0.7666666666666667,290.44725370531984,,無星等/未評鑑,0
2024,8,澎湖縣,澎湖福朋喜來登酒店,331.0,5847,56.982750219277,3332.3329912776,19484151,20900890,44002541,202,9906,5283,15189,14314,13,0,4,703,0.9423925209032853,0.05760747909671471,0.6521825004937783,1898.8549848942764,5.0,五星級,1
2024,8,花蓮縣,瑞穗天合國際觀光酒店,198.0,3282,53.470185728249994,10311.922303473,33843729,5492637,41046037,186,7806,1921,9727,8812,1,0,11,3,0.905931942017066,0.09406805798293405,0.8025084815462116,5513.804007819848,5.0,五星級,1
2024,8,花蓮縣,美侖大飯店,299.0,3470,37.436616679253,3287.6659942363,11408201,4451879,17245436,173,9063,650,9713,9596,24,6,2,8,0.9879542880675384,0.012045711932461622,0.9330793781529908,1230.7909159563956,5.0,五星級,1
2024,8,花蓮縣,遠雄悅來大飯店,381.0,4045,34.247735162137,4128.777750309,16700906,15787650,37558311,322,10635,539,11174,11107,3,4,12,2,0.994003937712547,0.0059960622874529745,0.9517630212994451,1414.012869359064,5.0,五星級,1
2024,8,苗栗縣,馥藝金鬱金香酒店,191.0,4054,68.468164161459,2639.477553034,10700442,4940423,15954173,103,7875,734,8609,8204,89,8,4,5,0.9529562086188872,0.04704379138111281,0.914740387966082,1807.2018240161801,3.0,三星級,1
2024,8,金門縣,陸島酒店,47.0,335,22.99245024022,1389.4626865672,465470,54480,520350,12,41,640,681,681,0,0,0,0,1.0,0.0,0.06020558002936858,319.4715168153874,,無星等/未評鑑,0
2024,8,高雄市,寒軒國際大飯店,371.0,7243,62.977132423268,2188.7081319895,15852813,11421726,28334822,213,8904,3025,11929,9060,921,287,436,177,0.759493670886076,0.240506329113924,0.7464162964204879,1378.3856186418627,5.0,五星級,1
2024,8,高雄市,承攜行旅 高雄六合館,269.0,4245,50.905384338649995,2348.2134275618,9968166,0,9968166,32,7966,204,8170,7388,36,155,256,0,0.9042839657282742,0.09571603427172581,0.975030599755202,1195.3670703921207,,無星等/未評鑑,0
2024,8,高雄市,晶英國際行館,147.0,1703,37.371077463243005,6766.5637110981,11523458,13698498,29064171,212,3110,236,3346,2813,95,91,148,56,0.8407053197848177,0.15929468021518234,0.9294680215182307,2528.7377660741613,4.0,四星級,1
2024,8,高雄市,漢來大飯店,535.0,7698,46.415435634610006,4013.638087815,30896986,68323016,119842153,734,11988,2033,14021,10272,767,388,288,0,0.7326153626702803,0.26738463732971973,0.855003209471507,1862.9476032559633,5.0,五星級,1
2024,8,高雄市,福容大飯店 高雄,250.0,3988,51.458064516129,2708.4448345035,10801278,3952860,14783185,84,6134,1344,7478,6386,288,356,119,51,0.8539716501738432,0.14602834982615676,0.820272800213961,1393.7132903225743,3.0,三星級,1
2024,8,高雄市,義大皇家酒店,656.0,10915,53.673288749017004,3173.505726065,34638815,19373322,61518674,389,19962,5549,25511,24739,47,16,447,33,0.9697385441574223,0.030261455842577667,0.7824859864372231,1703.3248918174563,4.0,四星級,1
2024,8,高雄市,高雄圓山大飯店,105.0,2049,62.94930875576,2785.5100048804,5707510,9657977,18114502,126,3144,1668,4812,4365,147,50,37,30,0.9071072319201995,0.09289276807980051,0.6533665835411472,1753.4592933947486,5.0,五星級,1
2024,8,高雄市,高雄福華大飯店,271.0,6464,76.943221045114,2643.1276299505,17085177,19053550,39885475,280,11886,1217,13103,8282,1613,615,898,136,0.6320689918339312,0.36793100816606883,0.9071205067541784,2033.707534817296,5.0,五星級,1
2024,8,高雄市,高雄萬豪酒店,700.0,13012,59.963133640553,4739.0809252997,61664921,79154363,154399602,691,21955,3164,25119,17299,532,705,885,3350,0.6886818742784346,0.31131812572156536,0.8740395716389984,2841.701428571415,5.0,五星級,1
2024,8,高雄市,麗尊大酒店,188.0,3144,53.946465339739,2416.0,7595904,11689961,20105681,178,5513,797,6310,5150,521,79,131,99,0.8161648177496038,0.1838351822503962,0.8736925515055467,1303.3466026080941,3.0,三星級,1
2024,9,南投縣,日月潭力麗溫德姆溫泉酒店,197.0,2052,34.720812182741,8183.1028265107,16791727,8118199,26026026,187,1903,2807,4710,4548,4,0,36,36,0.9656050955414013,0.03439490445859872,0.4040339702760085,2841.23976311335,5.0,五星級,1
2024,9,南投縣,涵碧樓大飯店,96.0,2309,80.173611111111,16008.802944998,36964326,6132210,47705774,315,3313,1138,4451,4023,67,14,7,127,0.9038418332958885,0.09615816670411148,0.744327117501685,12834.835416666781,5.0,五星級,1
2024,9,南投縣,雲品溫泉酒店日月潭,207.0,4190,67.471819645733,11409.09522673,47804109,20440211,75096358,310,6133,4086,10219,9439,69,13,30,310,0.9236715921323025,0.07632840786769746,0.600156571093062,7697.924154589198,5.0,五星級,1
2024,9,台中市,全國大飯店,178.0,2487,46.573033707865,2124.5500603136,5283756,4033851,10651121,75,3909,445,4354,3118,346,71,66,96,0.7161231051906293,0.28387689480937073,0.897795130914102,989.4674157303192,5.0,五星級,1
2024,9,台中市,台中港酒店,200.0,4530,75.5,2862.7298013245,12968166,4004260,18259499,108,5648,521,6169,3276,914,22,23,259,0.5310423083157724,0.46895769168422763,0.9155454692818933,2161.3609999999976,3.0,三星級,1
2024,9,台中市,台中福華大飯店,155.0,3790,81.505376344086,2895.8678100264,10975339,16527569,30657592,186,6687,469,7156,5224,283,217,69,195,0.7300167691447736,0.26998323085522635,0.934460592509782,2360.287956989259,5.0,五星級,1
2024,9,台中市,台中金典酒店,222.0,4919,73.858858858859,2919.271803212,14359898,21550180,64108833,248,4499,4056,8555,6156,621,230,145,219,0.7195791934541204,0.28042080654587964,0.5258912916423144,2156.140840840819,5.0,五星級,1
2024,9,台中市,裕元花園酒店,149.0,3466,77.539149888143,3933.141661858,13632269,32061698,48927574,283,5032,766,5798,4395,139,64,54,217,0.7580200068989307,0.24197999310106932,0.8678854777509486,3049.724608501073,5.0,五星級,1
2024,9,台中市,通豪大飯店,226.0,2871,42.345132743363,1310.9097875305,3763622,1171399,5281036,47,2856,15,2871,2719,12,9,19,8,0.9470567746429815,0.05294322535701845,0.9947753396029259,555.1064896755281,3.0,三星級,1
2024,9,台中市,長榮桂冠酒店(台中),354.0,6920,65.16007532956701,2881.7579479769,19941765,34271029,65076982,249,5156,1764,6920,4675,476,64,33,226,0.6755780346820809,0.3244219653179191,0.7450867052023121,1877.7556497175326,5.0,五星級,1
2024,9,台中市,龍谷大飯店,189.0,1117,19.700176366843,1740.2712623098,1943883,985657,3399887,34,526,1906,2432,2418,2,1,6,1,0.9942434210526315,0.005756578947368474,0.21628289473684212,342.83650793651555,,無星等/未評鑑,0
2024,9,台北市,JR東日本大飯店台北,288.0,6960,80.555555555556,5262.0479885057,36623854,24839149,66314200,268,11425,1111,12536,2835,4257,1055,1159,714,0.226148691767709,0.773851308232291,0.9113752393107849,4238.871990740727,4.0,四星級,1
2024,9,台北市,三德大飯店,287.0,1843,21.405342624855,2070.5556158437,3816034,1419586,10940561,84,2749,173,2922,1043,780,62,207,169,0.35694729637234773,0.6430527036276523,0.9407939767282683,443.2095238095204,3.0,三星級,1
2024,9,台北市,亞都麗緻大飯店,219.0,2632,40.060882800609,3947.4433890578,10389671,10451243,23262461,193,4103,0,4103,1180,1211,125,122,251,0.28759444309042165,0.7124055569095784,1.0,1581.3806697108332,4.0,四星級,1
2024,9,台北市,兄弟大飯店,250.0,4103,54.706666666667005,3702.7340970022,15192318,47643380,67820866,450,4086,1785,5871,2469,1179,242,116,289,0.42054164537557487,0.5794583546244252,0.6959632089933572,2025.642400000016,4.0,四星級,1
2024,9,台北市,北投老爺酒店,50.0,932,62.133333333333,5108.7274678112,4761334,4098193,10245769,62,1855,127,1982,1560,23,43,239,22,0.7870837537840565,0.21291624621594352,0.9359233097880928,3174.222666666675,4.0,四星級,1
2024,9,台北市,北投麗禧溫泉酒店,66.0,944,47.676767676768,14933.658898305,14097374,7331870,25568807,158,1400,164,1564,946,35,157,201,91,0.6048593350383632,0.3951406649616368,0.8951406649616368,7119.885858585867,4.0,四星級,1
2024,9,台北市,台北W飯店,405.0,7272,59.851851851852004,9096.37169967,66148815,41821043,121422050,409,9497,263,9760,1804,564,234,1072,3001,0.1848360655737705,0.8151639344262295,0.9730532786885245,5444.346913580281,5.0,五星級,1
2024,9,台北市,台北中山雅樂軒酒店,88.0,2157,81.704545454545,4307.8465461289,9292025,561296,10950035,41,3143,0,3143,461,583,69,298,737,0.1466751511294941,0.8533248488705059,1.0,3519.7064393939336,,無星等/未評鑑,0
2024,9,台北市,台北凱撒大飯店,478.0,12305,85.808926080893,3357.3231206826,41311861,14879448,58763198,150,16025,6188,22213,3268,12088,1568,1664,811,0.14712105523792374,0.8528789447620763,0.7214243911223157,2880.8829149232624,4.0,四星級,1
2024,9,台北市,台北君品大酒店,286.0,6294,73.356643356643,4308.018430251,27114668,41615822,74480040,337,14233,1355,15588,3125,4005,1400,1733,1326,0.20047472414677958,0.7995252758532204,0.9130741596099564,3160.2177156176763,5.0,五星級,1
2024,9,台北市,台北君悅酒店,850.0,18608,72.972549019608,5639.0295571797,104931062,117431943,249731644,540,20042,7670,27712,8702,1486,1835,843,9414,0.31401558891454967,0.6859844110854503,0.7232245958429562,4114.94360784314,5.0,五星級,1
2024,9,台北市,台北寒舍喜來登大飯店,688.0,15942,77.238372093023,4769.2049931,76030666,132592959,229491330,793,18574,5695,24269,4616,5062,1380,1139,347,0.19020149161481725,0.8097985083851827,0.7653384976719272,3683.65629844961,5.0,五星級,1
2024,9,台北市,台北寒舍艾美酒店,160.0,3619,75.395833333333,9352.7911025145,33847751,61212041,104900622,339,4595,141,4736,1369,166,87,626,1203,0.2890625,0.7109375,0.9702280405405406,7051.614791666631,5.0,五星級,1
2024,9,台北市,台北漢來大飯店,424.0,5725,45.007861635219996,5980.9631441048,34241014,70680026,129060974,455,8389,650,9039,5597,193,576,66,859,0.6192056643434009,0.38079433565659915,0.9280893904192942,2691.903616352192,5.0,五星級,1
2024,9,台北市,台北美福大飯店,146.0,2853,65.13698630137,6594.8068699614,18814984,68677263,94044133,339,4101,829,4930,2176,243,655,95,886,0.4413793103448276,0.5586206896551724,0.8318458417849899,4295.658447488564,6.0,卓越五星,1
2024,9,台北市,台北艾麗酒店,235.0,5454,77.36170212766001,6197.636596993,33801910,17886776,57376526,190,6980,556,7536,1831,212,469,908,1221,0.24296709129511676,0.7570329087048833,0.9262208067940552,4794.597163120569,5.0,五星級,1
2024,9,台北市,台北花園大酒店,241.0,5659,78.27109266943299,2153.2845025623,12185437,21891973,42064034,150,10788,877,11665,1156,664,5081,1571,491,0.09909987141020146,0.9009001285897985,0.9248178311187313,1685.399308437077,4.0,四星級,1
2024,9,台北市,台北萬豪酒店,318.0,7908,82.893081761006,6325.1393525544,50019202,82202803,168573585,525,8862,1605,10467,2751,335,1411,244,3765,0.26282602464889654,0.7371739753511035,0.8466609343651476,5243.1029350104845,5.0,五星級,1
2024,9,台北市,台北遠東香格里拉,420.0,8111,64.373015873016,6017.3044014302,48806356,65058707,128331323,478,11177,1241,12418,2668,779,659,879,3987,0.21484941214366243,0.7851505878563376,0.9000644226123369,3873.5203174603535,5.0,五星級,1
2024,9,台北市,國王大飯店,97.0,2087,71.718213058419,1607.9597508385,3355812,872596,4245622,47,626,1461,2087,132,1931,0,0,3,0.06324868231911836,0.9367513176808816,0.29995208433157644,1153.1999999999787,3.0,三星級,1
2024,9,台北市,國聯大飯店,240.0,2002,27.805555555556,1917.9285714286,3839693,1266971,5657534,110,2214,866,3080,2038,54,36,0,31,0.6616883116883117,0.33831168831168834,0.7188311688311688,533.2906944444609,4.0,四星級,1
2024,9,台北市,圓山大飯店,473.0,9463,66.687808315715,4060.7535665222,38426911,75428701,130991042,580,9578,8989,18567,10157,3858,746,257,1111,0.5470458340065708,0.4529541659934292,0.5158614746593418,2708.027554615885,5.0,五星級,1
2024,9,台北市,天成大飯店,226.0,5634,83.097345132743,3453.5711750089,19457420,29975063,52351196,289,11111,294,11405,1325,4503,1487,687,837,0.11617711530030689,0.8838228846996932,0.9742218325295923,2869.8259587020734,4.0,四星級,1
2024,9,台北市,日勝生加賀屋國際溫泉飯店,89.0,949,35.543071161049,9269.9620653319,8797194,6648960,21113184,126,1923,178,2101,1663,40,11,231,48,0.7915278438838649,0.20847215611613512,0.9152784388386482,3294.829213483165,,無星等/未評鑑,0
2024,9,台北市,晶華酒店,538.0,12229,75.768277571252,5664.8896884455,69275936,201615540,295776367,975,18690,3113,21803,7415,6012,2600,582,1679,0.3400908131908453,0.6599091868091547,0.8572214832821171,4292.1893432466195,5.0,五星級,1
2024,9,台北市,歐華酒店,112.0,1138,33.869047619048,3448.0246045694,3923852,5482163,10232885,98,1317,542,1859,399,628,91,36,104,0.21463152232383,0.78536847767617,0.708445400753093,1167.8130952381014,4.0,四星級,1
2024,9,台北市,漢普頓酒店,121.0,2209,60.853994490358,3112.1466727026,6874732,3217335,12339732,60,2664,1073,3737,1373,1234,137,167,154,0.3674070109713674,0.6325929890286326,0.7128712871287128,1893.8655647382998,,無星等/未評鑑,0
2024,9,台北市,福容大飯店  台北一館,120.0,2255,62.638888888889,3241.5414634146,7309676,8533736,16741781,74,3448,290,3738,2071,214,74,243,293,0.5540395933654361,0.44596040663456393,0.922418405564473,2030.4655555555378,4.0,四星級,1
2024,9,台北市,福華大飯店,606.0,11739,64.57095709571,4083.3972229321,47935000,44405000,107330000,464,17862,2315,20177,5582,2141,3075,747,1689,0.2766516330475294,0.7233483669524706,0.8852654011993855,2636.6886688668997,5.0,五星級,1
2024,9,台北市,第一大飯店,176.0,1963,37.17803030303,1839.4839531329999,3610907,2963823,28902539,38,416,3084,3500,543,2028,0,19,375,0.15514285714285714,0.8448571428571429,0.11885714285714286,683.8839015151608,4.0,四星級,1
2024,9,台北市,美麗信花園酒店,203.0,5385,88.423645320197,2058.2581244197,11083720,5253508,24648685,122,9873,1109,10982,1950,3723,1651,783,630,0.17756328537606994,0.8224367146239301,0.8990165725733018,1819.9868637110144,,無星等/未評鑑,0
2024,9,台北市,義華酒店,149.0,2536,56.733780760626,3341.4980283912,8474039,225721,10851303,18,3095,152,3247,787,120,385,91,1041,0.24237757930397288,0.7576224206960271,0.9531875577456114,1895.7581655481035,,無星等/未評鑑,0
2024,9,台北市,老爺大酒店,202.0,4012,66.20462046204601,4797.9506480558,19249378,37321462,61950651,224,5804,151,5955,1488,3602,58,157,268,0.24987405541561714,0.7501259445843829,0.9746431570109152,3176.465016501619,5.0,五星級,1
2024,9,台北市,豪景大酒店,209.0,3280,52.312599681021,2040.7076219512,6693521,38060,6946043,34,3969,3162,7131,1365,1791,956,398,115,0.19141775347076145,0.8085822465292385,0.5565839293226756,1067.5472089314146,3.0,三星級,1
2024,9,台北市,雀客旅館台北南京,56.0,1638,97.5,1601.42002442,2623126,0,2623126,19,3233,389,3622,3621,0,0,0,0,0.999723909442297,0.000276090557702946,0.8926007730535616,1561.3845238094998,,無星等/未評鑑,0
2024,9,台北市,雀客藏居台北陽明山,50.0,701,46.733333333333,3066.7389443652,2149784,1658160,4652041,30,1316,96,1412,1189,21,10,33,72,0.8420679886685553,0.15793201133144474,0.9320113314447592,1433.1893333333264,3.0,三星級,1
2024,9,台南市,台南大員皇冠假日酒店,230.0,4119,59.695652173913004,3779.1849963583,15566463,16990126,35876553,236,5623,3115,8738,8281,23,22,7,144,0.947699702449073,0.05230029755092702,0.6435111009384299,2256.0091304347575,5.0,五星級,1
2024,9,台南市,台南大飯店,152.0,2065,45.285087719298,2053.0895883777,4239630,8766212,13786282,104,3157,233,3390,2139,634,35,58,81,0.6309734513274337,0.36902654867256635,0.931268436578171,929.7434210526156,3.0,三星級,1
2024,9,台南市,台南遠東香格里拉,331.0,5587,56.26384692849899,3824.1567925541,21365564,19258917,45616807,359,8040,1147,9187,5650,540,468,245,544,0.614999455752694,0.385000544247306,0.8751496680091434,2151.6177240684356,5.0,五星級,1
2024,9,台南市,台糖長榮酒店(台南),197.0,3924,66.39593908629399,2887.1875637105,11329324,18097486,30396536,151,6528,1642,8170,7673,100,22,33,59,0.9391676866585067,0.060832313341493305,0.7990208078335373,1916.975296108279,5.0,五星級,1
2024,9,台南市,趣淘漫旅,198.0,2970,50.0,3238.3377104377,9617863,2626228,13422092,96,3691,4024,7715,7676,0,0,0,0,0.9949449125081011,0.005055087491898869,0.4784186649384316,1619.16885521885,3.0,三星級,1
2024,9,台南市,遠百企業觀光旅館,40.0,80,6.6666666666667,505.0,40400,0,40400,35,80,0,80,80,0,0,0,0,1.0,0.0,1.0,33.666666666666835,,無星等/未評鑑,0
2024,9,台東縣,台東桂田喜來登酒店,290.0,2804,32.229885057471,3167.3448644793,8881235,13458948,23898511,157,3654,2505,6159,5900,21,4,42,110,0.9579477187855171,0.0420522812144829,0.5932781295664881,1020.8316091953892,5.0,五星級,1
2024,9,台東縣,娜路彎大酒店,292.0,4076,46.529680365297,5127.0353287537,20897796,13361231,36480304,171,9690,947,10637,10571,6,0,30,20,0.9937952430196484,0.006204756980351611,0.9109711384788944,2385.5931506849506,5.0,五星級,1
2024,9,台東縣,樂樂日暉溫泉酒店,48.0,403,27.986111111111,2510.82382134,1011862,0,1011862,9,808,0,808,808,0,0,0,0,1.0,0.0,1.0,702.6819444444556,,無星等/未評鑑,0
2024,9,台東縣,知本老爺大酒店,182.0,3077,56.355311355311,4686.195320117,14419423,8794552,26024870,203,5348,1232,6580,6399,24,2,5,99,0.9724924012158055,0.02750759878419451,0.8127659574468085,2640.9199633699486,5.0,五星級,1
2024,9,嘉義市,耐斯王子大飯店,245.0,3619,49.238095238095,2372.1141199226,8584681,9727405,20076402,104,2100,7156,9256,8924,115,0,4,72,0.9641313742437337,0.03586862575626626,0.22687986171132238,1167.9838095237888,5.0,五星級,1
2024,9,嘉義市,鈺通大飯店,120.0,1299,36.083333333333,1923.7983063895,2499014,3832655,6356627,63,1169,1070,2239,2205,4,0,0,12,0.9848146493970522,0.01518535060294779,0.5221080839660562,694.1705555555383,3.0,三星級,1
2024,9,嘉義縣,名都觀光渡假大飯店,97.0,684,23.505154639175,1491.0526315789,1019880,944425,1979282,41,173,1318,1491,1491,0,0,0,0,1.0,0.0,0.11602951039570758,350.47422680410875,3.0,三星級,1
2024,9,嘉義縣,阿里山賓館(歷史館),35.0,344,32.761904761905,9463.3691860465,3255399,0,3255399,11,596,256,852,812,4,0,4,8,0.9530516431924883,0.04694835680751175,0.6995305164319249,3100.380000000019,4.0,四星級,1
2024,9,嘉義縣,阿里山賓館(現代館),104.0,1711,54.839743589744,9289.3068381064,15894004,7405785,23825531,120,2913,1248,4161,3964,18,2,18,40,0.9526556116318192,0.04734438836818078,0.7000720980533526,5094.232051282106,4.0,四星級,1
2024,9,基隆市,長榮桂冠酒店(基隆),140.0,3688,87.80952380952401,2880.3310737527,10622661,7151919,21381737,95,3375,4808,8183,7654,47,6,18,41,0.9353537822314555,0.06464621776854451,0.41244042527190516,2529.204999999996,5.0,五星級,1
2024,9,宜蘭縣,凱渡廣場酒店,285.0,3619,42.327485380117004,5213.6869300912,18868333,19640147,41987754,149,4617,4446,9063,9022,0,0,22,4,0.9954761116628048,0.004523888337195192,0.5094339622641509,2206.822573099424,,無星等/未評鑑,0
2024,9,宜蘭縣,山泉大飯店,146.0,2236,51.050228310502,1901.4051878354,4251542,1215662,5754952,42,1589,3184,4773,4370,0,22,95,0,0.9155667295202179,0.08443327047978211,0.3329143096584957,970.6716894977012,3.0,三星級,1
2024,9,宜蘭縣,幼獅大飯店,53.0,167,10.503144654087999,1221.3173652695,203960,0,213540,8,52,152,204,204,0,0,0,0,1.0,0.0,0.2549019607843137,128.27672955975189,3.0,三星級,1
2024,9,宜蘭縣,悅川酒店,103.0,1574,50.938511326861004,5624.4752223634,8852924,4911381,13764305,92,2247,2039,4286,4258,0,0,9,0,0.9934671021931871,0.006532897806812876,0.5242650489967335,2865.023948220071,4.0,四星級,1
2024,9,宜蘭縣,礁溪老爺酒店,197.0,4721,79.881556683587,7410.7394619784,34986101,27041255,73368784,315,9121,2786,11907,11678,26,19,86,70,0.9807676156882507,0.01923238431174934,0.7660199882422105,5919.814043993226,5.0,五星級,1
2024,9,宜蘭縣,礁溪麒麟酒店,167.0,3480,69.461077844311,3305.0997126437,11501747,0,11501747,52,8095,199,8294,8294,0,0,0,0,1.0,0.0,0.9760067518688208,2295.7578842315397,,無星等/未評鑑,0
2024,9,宜蘭縣,綠舞國際觀光飯店,113.0,978,28.849557522123998,5271.8496932515,5155869,4560078,13115254,263,1688,1125,2813,2810,0,0,0,0,0.998933522929257,0.0010664770707430327,0.6000710984713828,1520.9053097345088,4.0,四星級,1
2024,9,宜蘭縣,蘭城晶英酒店,193.0,4598,79.41278065630401,9854.2794693345,45309977,35728907,90431749,337,15596,932,16528,16372,0,0,8,33,0.9905614714424008,0.00943852855759919,0.9436108422071636,7825.557340241806,5.0,五星級,1
2024,9,宜蘭縣,長榮鳳凰酒店(礁溪),231.0,2945,42.496392496392,5126.6193548387,15097894,22034328,40399639,252,5398,2202,7600,7459,0,3,64,16,0.9814473684210526,0.018552631578947376,0.7102631578947368,2178.6282828282533,5.0,五星級,1
2024,9,屏東縣,凱撒大飯店,281.0,4415,52.372479240807,6246.1123442809,27576586,6185258,36282305,217,7810,2721,10531,9719,42,403,135,34,0.9228943120311461,0.07710568796885386,0.7416199791092963,3271.2438908659983,5.0,五星級,1
2024,9,屏東縣,墾丁怡灣渡假酒店,234.0,3633,51.752136752137,2651.9441233141,9634513,4345649,14973942,88,3830,3361,7191,2892,1,0,2,4,0.4021693783896537,0.5978306216103463,0.5326102072034488,1372.4377492877736,3.0,三星級,1
2024,9,屏東縣,墾丁福華渡假飯店,458.0,6052,44.046579330422,3169.4178783873,19181317,7002534,27057556,232,6112,10631,16743,16127,50,172,0,82,0.9632085050468853,0.036791494953114734,0.365048079794541,1396.02016011644,5.0,五星級,1
2024,9,新北市,八里福朋喜來登酒店,241.0,2670,36.929460580913,3806.7367041199,10163987,14953869,25212262,145,3568,2691,6259,5915,45,22,36,153,0.9450391436331682,0.05496085636683179,0.5700591148745806,1405.8073305671053,3.0,三星級,1
2024,9,新北市,大板根渡假酒店,95.0,2188,76.771929824561,5695.0,12460660,14175020,39943076,229,2626,3938,6564,6501,12,6,12,6,0.9904021937842779,0.009597806215722149,0.40006093845216334,4372.161403508749,4.0,四星級,1
2024,9,新北市,板橋凱撒大飯店,400.0,10546,87.883333333333,3609.3990138441,38064722,10172661,48374807,161,18685,2364,21049,9739,1666,3946,2032,474,0.46268231269894056,0.5373176873010594,0.8876906266330942,3172.0601666666444,5.0,五星級,1
2024,9,新北市,瓏山林台北中和飯店,126.0,1331,35.21164021164,2345.7227648385,3122157,2587526,7024248,80,2491,58,2549,1999,50,16,55,74,0.7842291094546882,0.21577089054531184,0.9772459788152217,825.9674603174669,3.0,三星級,1
2024,9,新北市,碧特弗大飯店,55.0,110,6.6666666666667,2766.6636363636,304333,286396,590729,16,143,44,187,161,4,4,2,0,0.8609625668449198,0.13903743315508021,0.7647058823529411,184.4442424242409,,無星等/未評鑑,0
2024,9,新北市,福容大飯店    淡水漁人碼頭,198.0,3817,64.25925925925901,5951.6995022269,22717637,17104292,41712853,153,3402,7286,10688,10594,10,8,19,25,0.9912050898203593,0.008794910179640736,0.3183008982035928,3824.5180134680118,4.0,四星級,1
2024,9,新北市,福容大飯店 福隆,174.0,2545,48.754789272031005,4974.9100196464,12661146,6809454,21972460,132,3406,2558,5964,5908,5,2,9,0,0.9906103286384976,0.009389671361502372,0.5710932260228034,2425.5068965517585,3.0,三星級,1
2024,9,新北市,美麗春天大飯店,34.0,21,2.0588235294118,2557.4285714286,53706,0,53706,5,42,0,42,42,0,0,0,0,1.0,0.0,1.0,52.65294117647208,,無星等/未評鑑,0
2024,9,新竹市,新竹國賓大飯店,257.0,5302,68.767833981842,3281.7410411166,17399791,35057380,58767945,289,5943,1810,7753,4275,973,378,50,610,0.5513994582742164,0.44860054172578356,0.7665419837482265,2256.782230869037,4.0,四星級,1
2024,9,新竹市,新竹老爺大酒店,208.0,4891,78.38141025641,3007.8390922102,14711341,21595712,37286833,168,5716,1110,6826,4867,709,39,7,397,0.7130090829182537,0.2869909170817463,0.8373864635218283,2357.586698717955,4.0,四星級,1
2024,9,新竹縣,新竹喜來登大飯店,386.0,8353,72.13298791019001,3979.236202562,33238560,62360709,105825553,337,8607,1212,9819,3521,350,637,49,2695,0.3585904878297179,0.6414095121702821,0.876565841735411,2870.3419689119514,4.0,四星級,1
2024,9,新竹縣,豐邑喜來登大飯店,384.0,5569,48.342013888889,3978.99802478,22159040,2509569,27005820,99,5738,808,6546,2348,234,425,32,1797,0.3586923311946227,0.6413076688053774,0.876565841735411,1923.5277777777665,4.0,四星級,1
2024,9,桃園市,南方莊園渡假飯店,111.0,1342,40.3003003003,5618.1073025335,7539500,11405483,21774615,114,1968,976,2944,2936,6,0,0,0,0.9972826086956522,0.0027173913043477826,0.6684782608695652,2264.1141141140847,4.0,四星級,1
2024,9,桃園市,古華花園飯店,255.0,6335,82.81045751634,2612.9758484609,16553202,8974530,27162049,166,9255,532,9787,5824,702,196,230,485,0.5950750996219475,0.4049249003780525,0.9456421783999183,2163.817254901938,3.0,三星級,1
2024,9,桃園市,名人堂花園大飯店,128.0,1857,48.359375,4917.4340333872,9131675,12838994,25832265,201,4606,660,5266,5091,17,11,24,39,0.9667679453095328,0.033232054690467194,0.8746676794530953,2378.040364583341,,無星等/未評鑑,0
2024,9,桃園市,和逸飯店桃園青埔館,218.0,4469,68.333333333333,4927.9845603043,22023163,0,25422457,111,7582,2430,10012,8255,101,200,228,313,0.8245105872952457,0.17548941270475427,0.7572912504994007,3367.4561162079226,4.0,四星級,1
2024,9,桃園市,尊爵大飯店,218.0,3317,50.718654434251,2708.3497135966,8983596,11022593,20729578,105,2568,2789,5357,1460,368,334,43,161,0.27254060108269557,0.7274593989173044,0.47937278327422067,1373.6385321100863,3.0,三星級,1
2024,9,桃園市,尊爵天際大飯店,250.0,4993,66.573333333333,2562.1732425396,12792931,3852343,16856997,75,3620,2576,6196,1117,285,17,0,175,0.1802775984506133,0.8197224015493867,0.5842479018721756,1705.7241333333543,3.0,三星級,1
2024,9,桃園市,桃園喜來登酒店,189.0,2551,44.991181657848,3006.9400235202,7670704,13810242,23430726,144,2902,1213,4115,2461,147,57,96,586,0.5980558930741191,0.4019441069258809,0.705224787363305,1352.8578483245108,4.0,四星級,1
2024,9,桃園市,桃園國際機場凱悅酒店,516.0,10235,66.117571059432,3005.775085491,30764108,25276194,60721711,271,9847,1739,11586,3907,1086,338,275,1013,0.33721733126186776,0.6627826687381322,0.8499050578284136,1987.3454780362147,,無星等/未評鑑,0
2024,9,桃園市,福容大飯店   桃園,182.0,3908,71.575091575092,2254.2233879222,8809505,4500862,13696371,66,3528,247,3775,1224,355,161,620,27,0.3242384105960265,0.6757615894039735,0.9345695364238411,1613.4624542124561,3.0,三星級,1
2024,9,桃園市,福容徠旅 林口,149.0,2478,55.436241610738,2682.1767554479,6646434,0,6646434,26,3700,1253,4953,2770,151,712,292,45,0.5592570159499294,0.4407429840500706,0.7470220068645266,1486.8979865771512,,無星等/未評鑑,0
2024,9,澎湖縣,寶華大飯店,74.0,601,27.072072072072,1831.6805324459,1100840,10595,1115535,15,683,642,1325,1292,5,0,15,0,0.9750943396226415,0.02490566037735853,0.5154716981132076,495.8738738738663,,無星等/未評鑑,0
2024,9,澎湖縣,澎湖福朋喜來登酒店,331.0,7271,73.222557905337,2732.191170403,19865762,22790334,46396457,201,6054,9942,15996,15374,8,0,6,465,0.9611152788197049,0.03888472118029507,0.3784696174043511,2000.5802618328412,5.0,五星級,1
2024,9,花蓮縣,瑞穗天合國際觀光酒店,198.0,2961,49.848484848485,8619.8473488686,25523368,6332052,32958671,184,4973,2174,7147,6514,12,0,0,16,0.9114313698055128,0.08856863019448724,0.6958164264726459,4296.8632996633,5.0,五星級,1
2024,9,花蓮縣,美侖大飯店,299.0,2100,23.411371237458,3011.1214285714,6323355,4392437,11932497,166,4069,868,4937,4800,0,4,8,44,0.9722503544662751,0.027749645533724943,0.8241847275673486,704.944816053499,5.0,五星級,1
2024,9,花蓮縣,遠雄悅來大飯店,381.0,3668,32.090988626422,3449.9182115594,12654300,17498881,34257826,317,6593,1880,8473,8321,8,4,15,21,0.9820606632833707,0.017939336716629284,0.7781187300837956,1107.1128608923884,5.0,五星級,1
2024,9,苗栗縣,馥藝金鬱金香酒店,191.0,3458,60.349040139615994,2430.3395026027,8404114,5096140,13853688,105,4342,2394,6736,6123,146,71,24,20,0.9089964370546318,0.09100356294536815,0.6445961995249406,1466.6865619546472,3.0,三星級,1
2024,9,金門縣,陸島酒店,47.0,381,27.021276595744997,1583.9632545932,603490,60560,665850,13,68,689,757,745,0,0,0,0,0.9841479524438573,0.015852047556142668,0.08982826948480846,428.0070921985931,,無星等/未評鑑,0
2024,9,高雄市,寒軒國際大飯店,371.0,7252,65.157232704403,2229.7989520132,16170502,20820207,37528039,219,7044,4388,11432,8637,968,256,148,104,0.7555108467459762,0.24448915325402376,0.6161651504548635,1452.8752920035802,5.0,五星級,1
2024,9,高雄市,承攜行旅 高雄六合館,269.0,3239,40.136307311029,2194.7702994751,7108861,0,7108861,31,6168,1929,8097,7533,34,133,266,5,0.9303445720637273,0.06965542793627266,0.7617636161541311,880.8997521685176,,無星等/未評鑑,0
2024,9,高雄市,晶英國際行館,147.0,1710,38.775510204081996,7703.6614035088,13173261,12580026,30415930,213,2880,427,3307,2567,115,71,279,55,0.7762322346537648,0.22376776534623521,0.8708799516177804,2987.134013605481,4.0,四星級,1
2024,9,高雄市,漢來大飯店,535.0,7695,47.943925233645004,4044.9537361923,31125919,64931730,169804049,789,11194,1685,12879,9446,733,442,237,575,0.7334420374252659,0.2665579625747341,0.8691668607811166,1939.3095950155664,5.0,五星級,1
2024,9,高雄市,福容大飯店 高雄,250.0,3753,50.03999999999999,2611.5323741007,9801081,5094302,14939662,81,4038,3143,7181,6358,135,228,156,31,0.8853920066843058,0.11460799331569416,0.5623172260130901,1306.8107999999902,3.0,三星級,1
2024,9,高雄市,義大皇家酒店,656.0,8118,41.25,2873.5806848978,23327728,15642226,51987671,385,8855,11568,20423,20053,24,46,67,26,0.9818831709347304,0.01811682906526957,0.4335797874944915,1185.3520325203424,4.0,四星級,1
2024,9,高雄市,高雄圓山大飯店,105.0,1998,63.428571428571004,2580.0690690691,5154978,12364434,20287574,127,2469,1836,4305,3766,240,62,27,32,0.8747967479674796,0.12520325203252036,0.5735191637630662,1636.500952380961,5.0,五星級,1
2024,9,高雄市,高雄福華大飯店,271.0,5940,73.06273062730601,2495.3962962963,14822654,21153063,39586659,290,7956,3367,11323,6867,1840,384,636,75,0.6064647178309636,0.39353528216903644,0.7026406429391504,1823.2046740467367,5.0,五星級,1
2024,9,高雄市,高雄萬豪酒店,700.0,11086,52.790476190476,4945.5416741837,54826275,71906291,147183491,732,16290,3164,19454,12663,424,719,416,3250,0.65092011925568,0.34907988074431995,0.837359925979233,2610.775000000014,5.0,五星級,1
2024,9,高雄市,麗尊大酒店,188.0,3138,55.638297872340004,2341.0,7346058,15459038,23540222,178,4759,1168,5927,4580,599,68,193,72,0.7727349417918002,0.22726505820819976,0.8029357179011304,1302.4925531914796,3.0,三星級,1
2024,10,南投縣,日月潭力麗溫德姆溫泉酒店,197.0,2663,43.605698378909004,7634.2666165978,20330052,9144601,30476024,193,2983,3211,6194,5941,12,0,14,77,0.9591540200193736,0.040845979980626446,0.4815950920245399,3328.9752742753785,5.0,五星級,1
2024,10,南投縣,涵碧樓大飯店,96.0,2433,81.754032258065,16088.812988081,39144082,6065345,50320914,318,4723,478,5201,4265,120,17,25,307,0.8200346087290905,0.1799653912709095,0.9080945971928476,13153.25336021549,5.0,五星級,1
2024,10,南投縣,漢來日月行館,93.0,0,0.0,,0,56749,75340,174,0,0,0,0,0,0,0,0,,,,,,無星等/未評鑑,0
2024,10,南投縣,雲品溫泉酒店日月潭,207.0,4444,69.25354527037601,11397.296579658,50649586,20856100,78663473,321,6686,4187,10873,9657,59,2,75,476,0.8881633403844386,0.11183665961556144,0.6149176860112204,7893.031946392469,5.0,五星級,1
2024,10,台中市,全國大飯店,178.0,3253,58.952519028634,2094.5063018752,6813429,6359978,14877665,75,5202,897,6099,4771,568,42,116,143,0.7822593867847188,0.21774061321528115,0.852926709296606,1234.7642261689155,5.0,五星級,1
2024,10,台中市,台中港酒店,200.0,4422,71.32258064516101,2995.986657621,13248253,2975273,17543645,105,5584,993,6577,3920,385,61,38,149,0.5960164208605747,0.4039835791394253,0.8490193097156759,2136.815000000002,3.0,三星級,1
2024,10,台中市,台中福華大飯店,155.0,4197,87.346514047867,2826.4660471766,11862678,12290494,27076771,186,6611,944,7555,4552,361,528,104,244,0.6025148908007941,0.3974851091992059,0.8750496360026473,2468.8195629553,5.0,五星級,1
2024,10,台中市,台中金典酒店,222.0,5277,76.67829119442,2662.1292400985,14048056,19329187,46717083,256,4541,4826,9367,7069,728,144,180,196,0.7546706522899541,0.2453293477100459,0.4847870182555781,2041.2752106945281,5.0,五星級,1
2024,10,台中市,裕元花園酒店,149.0,3778,81.792595799957,3837.100847009,14496567,27686058,45077920,287,4545,1673,6218,3852,248,320,127,202,0.6194917980057897,0.3805082019942103,0.7309424252171116,3138.464386230798,5.0,五星級,1
2024,10,台中市,通豪大飯店,226.0,3870,55.238367113902,1243.5033591731,4812358,1451571,6682684,50,3082,18,3100,2871,20,15,40,20,0.9261290322580645,0.07387096774193547,0.9941935483870967,686.8909506137404,3.0,三星級,1
2024,10,台中市,長榮桂冠酒店(台中),354.0,5918,53.927464917076996,2430.2864143292,14382435,18989770,38291677,249,4227,1691,5918,3857,430,72,67,319,0.6517404528556945,0.3482595471443055,0.7142615748563704,1310.5918534718678,5.0,五星級,1
2024,10,台中市,龍谷大飯店,189.0,1182,20.174091141833,1690.8011844332,1998527,1246157,3796933,34,712,1737,2449,2433,0,0,8,3,0.9934667211106574,0.006533278889342631,0.2907309105757452,341.1037719747456,,無星等/未評鑑,0
2024,10,台北市,JR東日本大飯店台北,288.0,7361,82.448476702509,5788.1525607934,42606591,22484712,70019776,273,12923,782,13705,2498,4592,1126,1169,1386,0.18226924480116746,0.8177307551988325,0.9429405326523167,4772.243615591424,4.0,四星級,1
2024,10,台北市,三德大飯店,287.0,3130,35.180397886928,2188.357827476,6849560,2189999,9373218,82,3626,1410,5036,1458,1215,124,526,178,0.28951548848292297,0.710484511517077,0.7200158856235107,769.8729908957902,3.0,三星級,1
2024,10,台北市,亞都麗緻大飯店,219.0,3410,50.228310502283,4341.1108504399,14803188,13481972,31678847,197,5436,0,5436,1341,1700,118,210,574,0.24668874172185432,0.7533112582781457,1.0,2180.466637207251,4.0,四星級,1
2024,10,台北市,兄弟大飯店,250.0,5020,64.774193548387,3690.471314741,18526166,45586717,69138396,450,4050,2534,6584,2779,1294,160,226,703,0.4220838396111786,0.5779161603888214,0.6151275820170109,2390.4730322580376,4.0,四星級,1
2024,10,台北市,北投老爺酒店,50.0,1016,65.548387096774,6343.6437007874,6445142,3299390,11095061,66,2025,98,2123,1462,27,97,253,107,0.6886481394253415,0.31135186057465847,0.9538389072067829,4158.156129032244,4.0,四星級,1
2024,10,台北市,北投麗禧溫泉酒店,66.0,1208,59.042033235582004,15747.605960265,19023108,6172899,35568520,158,2001,37,2038,967,34,159,272,245,0.4744847890088322,0.5255152109911678,0.9818449460255152,9297.706744868154,4.0,四星級,1
2024,10,台北市,台北W飯店,405.0,7996,63.687773795301,9793.3295397699,78307463,35481182,128924854,413,10682,429,11111,1727,497,156,1064,3966,0.15543155431554315,0.8445684456844569,0.961389613896139,6237.153564317046,5.0,五星級,1
2024,10,台北市,台北中山雅樂軒酒店,88.0,2486,91.129032258065,4454.9090909091,11074904,486882,12827883,40,3811,0,3811,380,640,77,351,1329,0.09971136184728417,0.9002886381527159,1.0,4059.715542522024,,無星等/未評鑑,0
2024,10,台北市,台北凱撒大飯店,478.0,13513,91.193143474153,3445.2596758677,46555794,17147859,66239705,153,20614,3576,24190,4319,10939,2305,1554,1007,0.17854485324514263,0.8214551467548574,0.8521703183133527,3141.84059927117,4.0,四星級,1
2024,10,台北市,台北君品大酒店,286.0,7196,81.16399729303,4630.9881878822,33324591,40562931,80353555,336,11876,643,12519,1382,3592,1172,1336,1544,0.11039220385014778,0.8896077961498522,0.9486380701333972,3758.6951274532476,5.0,五星級,1
2024,10,台北市,台北君悅酒店,850.0,20171,76.55028462998101,5858.6371027713,118174569,99101143,246330326,541,24125,7778,31903,9955,1299,2625,1201,10878,0.31203962009842334,0.6879603799015767,0.7561984766322917,4484.803377609103,5.0,五星級,1
2024,10,台北市,台北寒舍喜來登大飯店,688.0,16561,77.64909977494399,5172.6025602319,85663471,121503264,229785120,789,21227,4993,26220,4935,5993,1167,1170,6407,0.18821510297482838,0.8117848970251716,0.8095728451563692,4016.479322955775,5.0,五星級,1
2024,10,台北市,台北寒舍艾美酒店,160.0,3800,76.612903225806,10421.782631579,39602774,68125958,118796132,340,4566,746,5312,1076,133,74,604,1478,0.20256024096385541,0.7974397590361446,0.8595632530120482,7984.430241935476,5.0,五星級,1
2024,10,台北市,台北漢來大飯店,424.0,6148,46.774193548387,5139.529603123,31597828,78531525,131408431,455,7685,2719,10404,7420,357,322,240,558,0.7131872356785851,0.2868127643214149,0.7386582083813917,2403.9735240413984,5.0,五星級,1
2024,10,台北市,台北美福大飯店,146.0,2999,66.261599646487,6667.7825941981,19996680,58881197,85373576,344,4844,508,5352,2260,215,620,147,1117,0.42227204783258593,0.5777279521674141,0.9050822122571002,4418.179407865689,6.0,卓越五星,1
2024,10,台北市,台北艾麗酒店,235.0,6308,86.588881262869,6113.1479074192,38561737,17642650,62368654,190,7972,1122,9094,1722,289,699,909,1496,0.18935561908950957,0.8106443809104904,0.8766219485374972,5293.306382978772,5.0,五星級,1
2024,10,台北市,台北花園大酒店,241.0,6461,86.48106009905,2378.4178919672,15366958,19143158,43519914,153,10523,2078,12601,905,1148,6002,946,564,0.0718196968494564,0.9281803031505436,0.8350924529799222,2056.881006558712,4.0,四星級,1
2024,10,台北市,台北萬豪酒店,318.0,8782,89.085007100832,6179.9997722614,54272758,66561005,156964802,532,10214,1917,12131,3052,1388,1687,401,2949,0.2515868436237738,0.7484131563762262,0.8419751051026296,5505.45323595047,5.0,五星級,1
2024,10,台北市,台北遠東香格里拉,420.0,9433,72.450076804916,6535.008480865,61644735,52823681,130636614,473,12385,2359,14744,2309,915,441,1251,4518,0.15660607704829083,0.8433939229517091,0.840002712967987,4734.618663594467,5.0,五星級,1
2024,10,台北市,國王大飯店,97.0,2039,67.8084469571,1590.0004904365,3242011,824808,4085921,47,612,1427,2039,134,1864,1,3,5,0.0657184894556155,0.9342815105443845,0.30014713094654244,1078.154639175264,3.0,三星級,1
2024,10,台北市,國聯大飯店,243.0,3088,40.992964290455,3094.9498056995,9557205,2857428,23291137,111,2942,2075,5017,3378,82,80,28,26,0.6733107434721946,0.32668925652780545,0.58640621885589,1268.7116686579022,4.0,四星級,1
2024,10,台北市,圓山大飯店,473.0,10633,72.51585623678601,4147.1698485846,44096857,61611529,121669757,579,9017,11579,20596,10015,5223,561,361,1407,0.48625946785783647,0.5137405321421635,0.43780345698193823,3007.355725294945,5.0,五星級,1
2024,10,台北市,天成大飯店,226.0,6523,93.10590922066801,3557.7878276866,23207450,24243278,50486261,267,12110,632,12742,1429,4099,1691,1011,1121,0.11214879924658609,0.887851200753414,0.9504002511379689,3312.510705109862,4.0,四星級,1
2024,10,台北市,日勝生加賀屋國際溫泉飯店,89.0,1020,36.969916636462,10122.321568627,10324768,6404741,22331514,125,1659,560,2219,1578,106,17,189,104,0.7111311401532222,0.2888688598467778,0.7476340694006309,3742.213845596015,,無星等/未評鑑,0
2024,10,台北市,晶華酒店,538.0,13377,80.207458927929,5730.0219032668,76650503,153141720,255401611,978,20569,3135,23704,7842,5908,2454,865,2520,0.33083023962200475,0.6691697603779952,0.8677438407019912,4595.904964624055,5.0,五星級,1
2024,10,台北市,歐華酒店,112.0,1429,41.157834101382,3601.4968509447,5146539,3740595,9852836,99,1891,610,2501,486,600,55,60,282,0.1943222710915634,0.8056777289084366,0.7560975609756098,1482.2980990783167,4.0,四星級,1
2024,10,台北市,漢普頓酒店,121.0,2483,66.195681151693,2872.3499798631,7132045,3777767,13416055,67,2544,1611,4155,1198,1119,274,244,442,0.2883273164861613,0.7116726835138387,0.612274368231047,1901.3716342308958,,無星等/未評鑑,0
2024,10,台北市,福容大飯店  台北一館,120.0,2481,66.693548387097,3047.238210399,7560198,6917286,15213266,76,2544,1028,3572,1834,159,152,309,397,0.513437849944009,0.486562150055991,0.7122060470324748,2032.3112903225656,4.0,四星級,1
2024,10,台北市,福華大飯店,606.0,13191,70.217183008623,4394.8904556137,57973000,33282000,108563000,465,19588,2890,22478,6253,3073,1765,784,3065,0.27818311237654597,0.7218168876234541,0.8714298425126791,3085.968274246777,5.0,五星級,1
2024,10,台北市,第一大飯店,176.0,2000,36.656891495601,1870.4285,3740857,2523693,28836584,37,634,2776,3410,684,1207,76,301,95,0.20058651026392962,0.7994134897360704,0.18592375366568914,685.6409457477973,4.0,四星級,1
2024,10,台北市,美麗信花園酒店,203.0,5682,90.29079930081,2400.8143259416,13641427,4824598,27476809,121,9995,1434,11429,1722,4034,1488,833,808,0.15066934989937877,0.8493306501006213,0.8745297051360574,2167.7144446210245,,無星等/未評鑑,0
2024,10,台北市,義華酒店,149.0,2577,55.791296817493,3327.545983702,8575086,178766,9819518,17,3190,385,3575,1156,154,263,68,880,0.3233566433566434,0.6766433566433566,0.8923076923076924,1856.4810565057498,,無星等/未評鑑,0
2024,10,台北市,老爺大酒店,202.0,5034,80.389651868413,5121.3959078268,25781107,34046730,66222682,226,7267,454,7721,1451,4391,151,139,501,0.18792902473772827,0.8120709752622717,0.9411993265121098,4117.072341105114,5.0,五星級,1
2024,10,台北市,豪景大酒店,209.0,4392,67.78823892576,2134.1933060109,9373377,37500,9766532,36,3864,5664,9528,1359,3700,1043,474,109,0.142632241813602,0.857367758186398,0.40554156171284633,1446.7320574162452,3.0,三星級,1
2024,10,台北市,雀客旅館台北南京,56.0,1450,83.52534562212,2831.5979310345,4105817,0,4105817,19,2164,291,2455,2451,0,0,3,0,0.9983706720977596,0.0016293279022403517,0.8814663951120163,2365.1019585253653,,無星等/未評鑑,0
2024,10,台北市,雀客藏居台北陽明山,50.0,711,45.870967741935,3629.7398030942,2580745,1588383,5068413,28,1023,439,1462,1262,1,8,42,39,0.8632010943912448,0.13679890560875518,0.6997264021887825,1664.9967741935152,3.0,三星級,1
2024,10,台南市,台南大員皇冠假日酒店,230.0,4119,57.769985974755,3946.7950958971,16256849,13749563,33169526,234,6553,2389,8942,8191,52,9,103,199,0.9160143144710355,0.08398568552896446,0.7328338179378215,2280.0629733520727,5.0,五星級,1
2024,10,台南市,台南大飯店,152.0,2647,56.175721561969006,1966.9871552701,5206615,8961930,14911585,106,3079,1398,4477,2100,1458,41,136,123,0.4690641054277418,0.5309358945722582,0.6877373241009604,1104.9692275042262,3.0,三星級,1
2024,10,台南市,台南遠東香格里拉,331.0,7294,71.084689601403,3743.9599670962,27308444,18675932,52092484,356,9453,1952,11405,5475,852,504,287,1289,0.48005260850504167,0.5199473914949584,0.8288469969311706,2661.382321411124,5.0,五星級,1
2024,10,台南市,台糖長榮酒店(台南),197.0,4007,65.613230718847,2789.4557025206,11177349,17099196,29314619,146,5673,2334,8007,6973,199,24,75,263,0.8708629948794805,0.1291370051205195,0.7085050580741851,1830.252005894876,5.0,五星級,1
2024,10,台南市,趣淘漫旅,198.0,3376,55.001629195178005,3257.8593009479,10998533,2687156,15001667,95,3799,5592,9391,9353,0,0,0,4,0.9959535725694815,0.004046427430518529,0.4045362581194761,1791.8756924079821,3.0,三星級,1
2024,10,台南市,遠百企業觀光旅館,40.0,40,3.2258064516128995,1010.0,40400,0,40400,35,40,0,40,40,0,0,0,0,1.0,0.0,1.0,32.580645161290285,,無星等/未評鑑,0
2024,10,台東縣,台東桂田喜來登酒店,290.0,3474,38.642936596218,3187.8920552677,11074737,12445345,25560042,158,4002,3457,7459,7263,7,10,2,91,0.9737230191714707,0.02627698082852925,0.5365330473253788,1231.8951056729682,5.0,五星級,1
2024,10,台東縣,娜路彎大酒店,292.0,4635,51.204153778171005,5155.5816612729,23896121,12404000,39391203,169,10206,2945,13151,13065,4,8,0,20,0.9934605733404304,0.006539426659569636,0.77606265683218,2639.871961997359,5.0,五星級,1
2024,10,台東縣,樂樂日暉溫泉酒店,48.0,553,37.163978494624,2511.2784810127,1388737,0,1388737,9,1108,0,1108,1108,0,0,0,0,1.0,0.0,1.0,933.29099462368,,無星等/未評鑑,0
2024,10,台東縣,知本老爺大酒店,182.0,174,3.0840127614321,2058.3390804598,358151,257192,789011,203,135,16,151,143,0,0,0,0,0.9470198675496688,0.052980132450331174,0.8940397350993378,63.47943991492437,5.0,五星級,1
2024,10,嘉義市,耐斯王子大飯店,245.0,3104,40.868992758394,2427.724871134,7535658,9655581,19009437,104,2675,4761,7436,6927,163,65,4,51,0.9315492200107585,0.06845077998924154,0.35973641742872514,992.1867017774844,5.0,五星級,1
2024,10,嘉義市,鈺通大飯店,120.0,1200,32.258064516129,1921.7375,2306085,3517323,5848845,64,980,1210,2190,2120,20,6,6,6,0.9680365296803652,0.03196347031963476,0.4474885844748858,619.9153225806444,3.0,三星級,1
2024,10,嘉義縣,名都觀光渡假大飯店,97.0,729,24.243431992018998,1470.0932784636,1071698,853321,1951389,40,106,1500,1606,1606,0,0,0,0,1.0,0.0,0.0660024906600249,356.4010641835653,3.0,三星級,1
2024,10,嘉義縣,阿里山賓館(歷史館),35.0,365,33.640552995392,10259.123287671,3744580,0,3744580,11,668,286,954,883,6,0,5,26,0.9255765199161425,0.07442348008385746,0.70020964360587,3451.225806451565,4.0,四星級,1
2024,10,嘉義縣,阿里山賓館(現代館),104.0,1914,59.367245657568,9551.9127481714,18282361,8521495,27327992,117,3253,1394,4647,4311,27,0,25,125,0.9276952872821175,0.07230471271788252,0.7000215192597374,5670.70750620347,4.0,四星級,1
2024,10,基隆市,長榮桂冠酒店(基隆),140.0,3427,78.963133640553,2981.5684271958,10217835,6423631,19752734,95,3688,3477,7165,6803,31,11,22,93,0.9494766224703419,0.050523377529658076,0.5147243545010468,2354.3398617511534,5.0,五星級,1
2024,10,宜蘭縣,凱渡廣場酒店,285.0,3384,38.30220713073,5171.2760047281,17499598,17819300,38464419,161,4009,4307,8316,8283,0,2,14,10,0.996031746031746,0.003968253968253954,0.48208273208273206,1980.7128466326956,,無星等/未評鑑,0
2024,10,宜蘭縣,山泉大飯店,146.0,2944,65.046398585948,1853.2574728261,5455990,1644845,7474563,42,2213,3826,6039,5518,0,66,71,0,0.9137274383176023,0.08627256168239772,0.36645139923828446,1205.477242598332,3.0,三星級,1
2024,10,宜蘭縣,幼獅大飯店,53.0,198,12.051125989044,1345.9595959596,266500,0,279350,8,65,145,210,210,0,0,0,0,1.0,0.0,0.30952380952380953,162.20328667071897,3.0,三星級,1
2024,10,宜蘭縣,悅川酒店,103.0,1855,58.09583463827101,5469.6657681941,10146230,4845182,14991412,92,3647,1064,4711,4610,1,0,26,0,0.978560815113564,0.021439184886436036,0.774145616641902,3177.64797995616,4.0,四星級,1
2024,10,宜蘭縣,礁溪老爺酒店,197.0,5000,81.873260193221,7535.2846,37676423,26652315,75355217,315,9183,2938,12121,11705,16,14,126,94,0.9656793993894893,0.034320600610510676,0.7576107581882683,6169.383166857712,5.0,五星級,1
2024,10,宜蘭縣,礁溪麒麟酒店,167.0,3704,71.547228124396,3035.7529697624,11244429,0,11244429,52,9519,211,9730,9729,0,0,0,0,0.9998972250770812,0.00010277492291876911,0.9783144912641315,2171.9971025690306,,無星等/未評鑑,0
2024,10,宜蘭縣,綠舞國際觀光飯店,113.0,1102,31.458749643162996,5015.9918330309,5527623,4175124,12797911,249,1748,1165,2913,2913,0,0,0,0,1.0,0.0,0.6000686577411604,1577.9683128746933,4.0,四星級,1
2024,10,宜蘭縣,蘭城晶英酒店,193.0,4137,69.145913421361,10230.740633309,42324574,35526951,87371172,340,13891,871,14762,14150,2,22,106,46,0.9585422029535293,0.04145779704647068,0.9409971548570655,7074.139060671841,5.0,五星級,1
2024,10,宜蘭縣,長榮鳳凰酒店(礁溪),231.0,3804,53.121072475911,4950.3675078864,18831198,18585468,41289059,253,6662,3139,9801,9433,59,17,69,147,0.9624528109376594,0.03754718906234056,0.6797265585144373,2629.6883116882836,5.0,五星級,1
2024,10,屏東縣,凱撒大飯店,281.0,4430,50.855240500517,6149.5735891648,27242611,5690412,35478285,223,7690,2719,10409,9238,80,284,112,87,0.8875012008838505,0.11249879911614946,0.7387837448361995,3127.380438526034,5.0,五星級,1
2024,10,屏東縣,墾丁怡灣渡假酒店,234.0,3165,43.631100082713,3594.9206951027,11377924,3350879,15373335,84,4836,2958,7794,7780,0,0,0,0,0.9982037464716449,0.0017962535283551073,0.6204772902232486,1568.503446374421,3.0,三星級,1
2024,10,屏東縣,墾丁福華渡假飯店,458.0,5721,40.294407663051004,3575.3737108897,20454713,8903341,29888731,241,5993,9540,15533,14464,80,145,100,120,0.9311787806605292,0.06882121933947083,0.385823730122964,1440.6756585434505,5.0,五星級,1
2024,10,新北市,八里福朋喜來登酒店,241.0,3253,43.541694552269,3568.1429449739,11607169,14346821,26035140,154,4040,3730,7770,7144,52,19,22,367,0.9194337194337194,0.08056628056628057,0.51994851994852,1553.6299022888713,3.0,三星級,1
2024,10,新北市,大板根渡假酒店,95.0,2258,76.67232597623101,5494.0,12405452,12959724,37957471,228,2737,4037,6774,6621,0,3,27,27,0.9774136403897254,0.022586359610274553,0.4040448774726897,4212.377589134132,4.0,四星級,1
2024,10,新北市,板橋凱撒大飯店,400.0,11235,90.60483870967701,3984.2334668447,44762863,9519169,54441562,154,18200,3723,21923,9426,1600,4352,1943,724,0.4299594033663276,0.5700405966336723,0.8301783515029877,3609.9083064516135,5.0,五星級,1
2024,10,新北市,瓏山林台北中和飯店,126.0,2044,52.329749103943,2433.457925636,4973988,2780220,8070639,78,3622,236,3858,2701,63,50,89,141,0.7001036806635562,0.2998963193364438,0.9388284085018144,1273.4224270353345,3.0,三星級,1
2024,10,新北市,碧特弗大飯店,55.0,200,11.730205278592,2559.65,511930,254545,766475,16,154,166,320,306,0,0,6,1,0.95625,0.043749999999999956,0.48125,300.2521994134802,,無星等/未評鑑,0
2024,10,新北市,福容大飯店    淡水漁人碼頭,198.0,3431,55.897686542848,5939.0728650539,20376959,12142398,34052621,151,3855,5046,8901,8774,14,8,2,57,0.9857319402314346,0.014268059768565378,0.4330974047859791,3319.8043336591713,4.0,四星級,1
2024,10,新北市,福容大飯店 福隆,174.0,4988,92.47311827957,2243.8680834002,11192414,6232036,18915196,120,2853,3003,5856,5758,2,2,17,2,0.9832650273224044,0.016734972677595605,0.48719262295081966,2074.9747868001873,3.0,三星級,1
2024,10,新北市,美麗春天大飯店,34.0,40,3.7950664136622,2258.5,90340,0,90340,5,72,0,72,72,0,0,0,0,1.0,0.0,1.0,85.71157495256078,,無星等/未評鑑,0
2024,10,新竹市,新竹國賓大飯店,257.0,5498,69.009664867579,3308.138595853,18188146,28045319,52821561,287,6468,1650,8118,4393,934,186,62,857,0.5411431387041143,0.45885686129588565,0.7967479674796748,2282.9353583531893,4.0,四星級,1
2024,10,新竹市,新竹老爺大酒店,208.0,5153,79.916253101737,3121.874830196,16087021,14627358,31871731,177,6065,1163,7228,4610,514,80,11,861,0.637797454344217,0.362202545655783,0.8390979524073049,2494.8853908188576,4.0,四星級,1
2024,10,新竹縣,新竹喜來登大飯店,386.0,9727,81.288651178339,3798.4119461293,36947153,35207301,81690033,330,9395,2327,11722,4564,273,643,35,2892,0.3893533526701928,0.6106466473298072,0.8014843883296365,3087.677837205404,4.0,四星級,1
2024,10,新竹縣,豐邑喜來登大飯店,384.0,6485,54.47748655914,3798.2166538165,24631435,3530940,30716020,98,6264,1552,7816,3043,182,429,23,1928,0.3893295803480041,0.6106704196519959,0.8014329580348004,2069.1729670699006,4.0,四星級,1
2024,10,桃園市,南方莊園渡假飯店,111.0,1431,41.586748038361,5369.2634521314,7683416,14485435,24634887,119,1930,1700,3630,3616,6,2,6,0,0.9961432506887052,0.0038567493112947604,0.5316804407713499,2232.9020633536893,4.0,四星級,1
2024,10,桃園市,古華花園飯店,255.0,6635,83.93421884883,2666.6682743029,17693344,8102015,27384436,168,9761,551,10312,4845,800,227,642,533,0.4698409619860357,0.5301590380139642,0.946567106283941,2238.2471853257143,3.0,三星級,1
2024,10,桃園市,台北諾富特華航桃園機場飯店,516.0,10715,66.985496374094,3325.0997666822,35628444,24415416,65174046,266,11671,1483,13154,4236,1177,367,298,1099,0.32203132127109624,0.6779686787289038,0.887258628554052,2227.334583645913,4.0,四星級,1
2024,10,桃園市,名人堂花園大飯店,128.0,1622,40.877016129032,5477.4815043157,8884475,15027424,36303096,203,3266,1159,4425,4160,10,6,34,84,0.9401129943502825,0.059887005649717495,0.7380790960451977,2239.030997983873,,無星等/未評鑑,0
2024,10,桃園市,和逸飯店桃園青埔館,218.0,4945,73.172536253329,5248.5795753286,25954226,0,29262439,114,8189,2110,10299,7271,395,232,388,312,0.7059908729002816,0.2940091270997184,0.7951257403631421,3840.518792542141,4.0,四星級,1
2024,10,桃園市,尊爵大飯店,218.0,4130,61.112755253033,2692.8808716707,11121598,6856949,18496303,107,2772,3875,6647,1287,419,777,115,184,0.1936211824883406,0.8063788175116594,0.4170302392056567,1645.6936963598564,3.0,三星級,1
2024,10,桃園市,尊爵天際大飯店,250.0,6062,78.21935483871,2489.6850874299,15092471,1345656,16574515,80,3724,4793,8517,989,459,66,0,0,0.11612069977691676,0.8838793002230833,0.4372431607373488,1947.4156129032408,3.0,三星級,1
2024,10,桃園市,桃園喜來登酒店,189.0,3110,53.080730500085004,3232.7659163987,10053902,10238764,22276924,140,3319,2033,5352,2901,262,38,50,732,0.5420403587443946,0.4579596412556054,0.6201420029895366,1715.9757637821974,4.0,四星級,1
2024,10,桃園市,福容大飯店   桃園,182.0,4203,74.494859978731,2184.8893647395,9183090,4294272,13815969,66,3498,587,4085,1323,336,218,700,48,0.32386780905752754,0.6761321909424725,0.8563035495716034,1627.6302729528754,3.0,三星級,1
2024,10,桃園市,福容徠旅 林口,149.0,2766,59.883091578264,2812.7295733912,7780010,0,7781410,26,4492,1136,5628,3707,142,281,260,148,0.6586709310589908,0.34132906894100923,0.7981520966595593,1684.349426282767,,無星等/未評鑑,0
2024,10,澎湖縣,寶華大飯店,74.0,460,20.052310374891,1166.0804347826,536397,520,540717,16,579,400,979,936,0,0,10,0,0.9560776302349336,0.04392236976506636,0.5914198161389173,233.82606800348537,,無星等/未評鑑,0
2024,10,澎湖縣,澎湖福朋喜來登酒店,331.0,4522,44.069778773999005,2709.3396727112,12251634,13965289,28947145,200,5930,4229,10159,9440,8,0,0,562,0.9292253174525051,0.07077468254749486,0.5837188699675165,1194.0000000000146,5.0,五星級,1
2024,10,花蓮縣,太魯閣晶英酒店,160.0,347,6.995967741935499,9179.2564841499,3185202,1069613,5191272,154,1341,0,1341,1213,0,0,16,53,0.9045488441461595,0.09545115585384045,1.0,642.1778225806497,5.0,五星級,1
2024,10,花蓮縣,瑞穗天合國際觀光酒店,198.0,2451,39.931573802542,8579.0326397389,21027209,4168098,26729656,185,3256,2590,5846,5097,0,0,1,94,0.8718782073212453,0.12812179267875468,0.5569620253164557,3425.7427500815056,5.0,五星級,1
2024,10,花蓮縣,美侖大飯店,299.0,2075,22.386449455173,2861.1007228916,5936784,3384383,10067413,165,4292,795,5087,4740,17,0,14,55,0.9317869078042068,0.06821309219579319,0.8437192844505602,640.4988671917174,5.0,五星級,1
2024,10,花蓮縣,遠雄悅來大飯店,381.0,3519,29.794259588519,3688.3140096618,12979177,11421503,28513199,322,7339,1098,8437,8278,0,0,24,38,0.9811544387815574,0.018845561218442608,0.8698589546047173,1098.9058504783504,5.0,五星級,1
2024,10,苗栗縣,馥藝金鬱金香酒店,191.0,3709,62.64144570174,2404.0576974926,8916650,7017847,16699247,105,5440,2350,7790,7036,65,21,27,3,0.903209242618742,0.09679075738125797,0.6983311938382541,1505.9364972133276,3.0,三星級,1
2024,10,金門縣,陸島酒店,47.0,600,41.180507892931004,1517.25,910350,93840,1009540,12,98,1075,1173,1007,0,0,0,0,0.8584825234441603,0.14151747655583968,0.08354646206308611,624.8112560054957,,無星等/未評鑑,0
2024,10,高雄市,寒軒國際大飯店,371.0,6763,58.803582297192,2130.8741682685,14411102,12247610,27290294,219,5387,5258,10645,8309,906,325,252,28,0.7805542508219822,0.21944574917801785,0.5060591827148896,1253.0303451873729,5.0,五星級,1
2024,10,高雄市,承攜行旅 高雄六合館,269.0,3392,40.67634008874,2103.8039504717,7136103,0,7136103,31,8132,330,8462,7983,32,78,151,5,0.9433939966910896,0.05660600330891041,0.9610021271567005,855.7504496942158,,無星等/未評鑑,0
2024,10,高雄市,晶英國際行館,147.0,1425,31.270572745227,6703.6273684211,9552669,10857094,23385862,217,2655,139,2794,2037,36,91,208,94,0.7290622763063708,0.27093772369362923,0.9502505368647101,2096.2626728110663,4.0,四星級,1
2024,10,高雄市,漢來大飯店,535.0,9456,57.015375339162,3669.1978637902,34695935,81952578,144263863,793,10898,4571,15469,9606,2002,319,180,768,0.6209839032904518,0.37901609670954817,0.7045057857650785,2092.0069339764964,5.0,五星級,1
2024,10,高雄市,福容大飯店 高雄,250.0,3919,50.567741935484,2257.8964021434,8848696,4228096,13104532,80,3759,3296,7055,5863,168,223,218,202,0.8310418143160879,0.16895818568391208,0.5328136073706591,1141.7672258064524,3.0,三星級,1
2024,10,高雄市,義大皇家酒店,656.0,7171,35.262588512982,2815.7333705202,20191624,13698275,36973983,377,7933,9747,17680,16464,125,154,51,23,0.9312217194570136,0.0687782805429864,0.44869909502262445,992.9004720692569,4.0,四星級,1
2024,10,高雄市,高雄圓山大飯店,105.0,2050,62.980030721965996,2589.2346341463,5307931,8634548,14937516,129,2285,1958,4243,3507,427,20,25,96,0.8265378270091917,0.17346217299080835,0.5385340560923875,1630.7007680491236,5.0,五星級,1
2024,10,高雄市,高雄福華大飯店,271.0,5718,68.063325794548,2504.4078349073,14320204,18687999,36422138,291,7775,2900,10675,5789,1651,297,712,433,0.5422950819672131,0.4577049180327869,0.7283372365339579,1704.5832638971417,5.0,五星級,1
2024,10,高雄市,高雄萬豪酒店,700.0,11471,52.861751152074,4674.3964780751,53620002,67396644,133157085,736,16821,3164,19985,12873,332,668,683,3412,0.6441330998248687,0.35586690017513134,0.8416812609457093,2470.967834101371,5.0,五星級,1
2024,10,高雄市,麗尊大酒店,188.0,3334,57.206588881263,2264.0,7548176,11677844,20001257,177,5202,896,6098,4421,729,107,209,235,0.7249918005903575,0.2750081994096425,0.8530665792062971,1295.1571722717945,3.0,三星級,1
2024,11,南投縣,日月潭力麗溫德姆溫泉酒店,197.0,3098,52.419627749577,7587.823111685,23507076,9749362,34278605,191,3409,3636,7045,6617,16,11,52,111,0.9392476933995741,0.060752306600425854,0.48388928317956,3977.508629441648,5.0,五星級,1
2024,11,南投縣,涵碧樓大飯店,96.0,2459,85.381944444444,16581.816592111,40774687,10998319,58300812,313,3786,1090,4876,3716,286,8,24,408,0.7621000820344545,0.23789991796554555,0.7764561115668581,14157.877430555813,5.0,五星級,1
2024,11,南投縣,漢來日月行館,93.0,637,22.831541218637998,18783.684458399,11965207,6653426,19728526,191,1099,200,1299,1264,0,0,2,17,0.9730561970746728,0.026943802925327165,0.8460354118552733,4288.604659498267,,無星等/未評鑑,0
2024,11,南投縣,雲品溫泉酒店日月潭,207.0,4851,78.115942028986,12036.93403422,58391167,24258724,91084054,330,7275,4815,12090,10361,69,3,63,1087,0.8569892473118279,0.1430107526881721,0.6017369727047146,9402.764412238581,5.0,五星級,1
2024,11,台中市,全國大飯店,178.0,3350,62.734082397004,2181.5095522388,7308057,6663336,15672708,75,4605,1216,5821,4529,733,33,77,110,0.7780450094485484,0.22195499055145163,0.7911011853633396,1368.550000000002,5.0,五星級,1
2024,11,台中市,台中港酒店,200.0,4514,75.233333333333,3073.8766061143,13875479,2986592,18367670,107,6154,710,6864,3918,218,212,55,208,0.5708041958041958,0.42919580419580416,0.8965617715617715,2312.5798333333146,3.0,三星級,1
2024,11,台中市,台中福華大飯店,155.0,4423,95.118279569892,2844.9179290075,12583072,18143838,34255757,193,6655,1549,8204,5914,376,146,28,282,0.7208678693320332,0.2791321306679668,0.8111896635787421,2706.036989247335,5.0,五星級,1
2024,11,台中市,台中金典酒店,222.0,5633,84.57957957958,2658.9881058051,14978080,27063799,56055895,251,5052,5722,10774,8550,496,226,215,182,0.7935771301280862,0.20642286987191383,0.46890662706515684,2248.9609609609915,5.0,五星級,1
2024,11,台中市,裕元花園酒店,149.0,3620,80.98434004474299,3930.7406077348,14229281,28094440,45050291,282,4742,1092,5834,4165,202,123,113,222,0.7139184093246486,0.28608159067535144,0.8128213918409325,3183.2843400447478,5.0,五星級,1
2024,11,台中市,通豪大飯店,226.0,3086,45.516224188791,1817.7900194426,5609700,1515352,7556203,57,3054,53,3107,2874,19,14,39,19,0.9250080463469584,0.07499195365304157,0.9829417444480206,827.3893805309614,3.0,三星級,1
2024,11,台中市,長榮桂冠酒店(台中),354.0,6277,59.105461393597004,2579.3586108013,16190634,25461834,47544510,253,4630,1647,6277,4148,666,88,67,370,0.6608252349848653,0.33917476501513466,0.7376135096383623,1524.5418079095823,5.0,五星級,1
2024,11,台中市,龍谷大飯店,189.0,1723,30.388007054674,1735.0203134068,2989440,1556419,5080885,36,1024,2610,3634,3606,3,0,4,4,0.992294991744634,0.007705008255366019,0.2817831590533847,527.2380952380853,,無星等/未評鑑,0
2024,11,台北市,JR東日本大飯店台北,288.0,7928,91.759259259259,5996.2352421796,47538153,27307880,80472137,269,12966,1240,14206,2407,5570,688,950,1649,0.16943544980993946,0.8305645501900605,0.9127129381951288,5502.101041666636,4.0,四星級,1
2024,11,台北市,三德大飯店,287.0,4608,53.519163763066004,2231.6393229167,10283394,2775015,16911693,81,4511,2815,7326,1545,3106,217,527,165,0.2108927108927109,0.7891072891072891,0.6157521157521157,1194.354703832766,3.0,三星級,1
2024,11,台北市,亞都麗緻大飯店,219.0,4336,65.99695585997,4476.0830258303,19408296,16841290,40466875,201,6927,0,6927,1735,2401,118,377,656,0.2504691785765844,0.7495308214234155,1.0,2954.0785388128334,4.0,四星級,1
2024,11,台北市,兄弟大飯店,250.0,5880,78.4,3702.7755102041,21772320,49152093,76537277,450,4404,3457,7861,3036,2057,153,265,913,0.3862104058007887,0.6137895941992113,0.5602340669126066,2902.976000000015,4.0,四星級,1
2024,11,台北市,北投老爺酒店,50.0,1253,83.533333333333,6612.6719872306,8285678,4659193,15289698,65,2412,278,2690,2095,21,38,301,104,0.7788104089219331,0.2211895910780669,0.8966542750929368,5523.785333333272,4.0,四星級,1
2024,11,台北市,北投麗禧溫泉酒店,66.0,1480,74.747474747475,16017.918918919,23706520,10963136,45115348,161,2304,68,2372,1882,5,51,126,171,0.7934232715008431,0.20657672849915687,0.9713322091062394,11972.98989899,4.0,四星級,1
2024,11,台北市,台北W飯店,405.0,8782,72.279835390947,10030.71134138,88089707,59191555,165151829,417,10948,1504,12452,1950,501,193,1214,4297,0.15660134918085447,0.8433986508191456,0.8792161901702538,7250.181646090516,5.0,五星級,1
2024,11,台北市,台北中山雅樂軒酒店,88.0,2471,93.598484848485,4821.4989882639,11913924,601461,13863475,41,3844,0,3844,348,534,71,208,1399,0.09053069719042664,0.9094693028095734,1.0,4512.850000000044,,無星等/未評鑑,0
2024,11,台北市,台北凱撒大飯店,478.0,13866,96.694560669456,3653.3288619645,50657058,21600640,74815288,155,16876,8614,25490,4460,12788,2152,1478,1204,0.17497057669674382,0.8250294233032562,0.6620635543350334,3532.5702928870096,4.0,四星級,1
2024,11,台北市,台北君品大酒店,286.0,7204,83.962703962704,4856.830094392,34988604,47119291,89042018,336,11646,1462,13108,2309,4177,850,779,1842,0.17615196826365578,0.8238480317363442,0.8884650595056454,4077.9258741258727,5.0,五星級,1
2024,11,台北市,台北君悅酒店,850.0,21804,85.505882352941,6047.154696386,131852161,112420706,274617359,547,22878,12072,34950,10528,2026,2520,946,13547,0.30123032904148783,0.6987696709585122,0.6545922746781115,5170.67298039216,5.0,五星級,1
2024,11,台北市,台北寒舍喜來登大飯店,688.0,16922,81.98643410852699,5498.5642950006,93046705,128627309,245373064,784,21445,5812,27257,4213,6666,1830,1131,7345,0.15456579961110908,0.8454342003888909,0.7867703709138937,4508.076792635659,5.0,五星級,1
2024,11,台北市,台北寒舍艾美酒店,160.0,3749,78.104166666667,10649.452920779,39924799,76145439,127726722,348,4735,560,5295,1392,236,90,527,1385,0.26288951841359776,0.7371104815864022,0.8942398489140698,8317.666458333466,5.0,五星級,1
2024,11,台北市,台北漢來大飯店,424.0,7494,58.915094339622996,5828.8601547905,43681478,83543955,150670786,455,9183,2882,12065,9183,261,602,229,397,0.761127227517613,0.23887277248238703,0.761127227517613,3434.078459119518,5.0,五星級,1
2024,11,台北市,台北美福大飯店,146.0,3393,77.465753424658,6874.3822575892,23324779,77147583,108980559,347,5561,556,6117,2529,478,761,187,1058,0.41343795978420794,0.5865620402157921,0.9091057708026811,5325.292009132489,6.0,卓越五星,1
2024,11,台北市,台北艾麗酒店,235.0,6226,88.31205673758899,6394.1246386123,39809820,25829271,72578523,186,7992,780,8772,1797,241,447,864,1583,0.2048563611491108,0.7951436388508892,0.9110807113543091,5646.782978723452,5.0,五星級,1
2024,11,台北市,台北花園大酒店,241.0,6569,90.857538035961,2679.061044299,17598752,26180127,53373133,152,11863,1922,13785,957,1526,6615,680,584,0.06942328618063112,0.9305767138193689,0.8605730866884295,2434.128907330578,4.0,四星級,1
2024,11,台北市,台北萬豪酒店,318.0,9381,98.333333333333,6618.5596418292,62088708,99146673,201989631,534,10436,2548,12984,3314,322,1801,348,4015,0.25523721503388785,0.7447627849661121,0.803758471965496,6508.250314465358,5.0,五星級,1
2024,11,台北市,台北遠東香格里拉,420.0,11055,87.738095238095,6760.2840343736,74734940,71351105,165612010,473,14332,2729,17061,2532,818,400,1208,6241,0.14840865131000527,0.8515913486899948,0.8400445460406776,5931.34444444444,5.0,五星級,1
2024,11,台北市,國王大飯店,97.0,2290,78.694158075601,1534.5554585153,3514132,869647,4397324,47,687,1603,2290,109,2124,9,1,24,0.04759825327510917,0.9524017467248909,0.3,1207.6054982817939,3.0,三星級,1
2024,11,台北市,國聯大飯店,243.0,4622,63.401920438957006,3020.9411510169,13962790,3654873,19447005,119,4002,4130,8132,5899,198,348,97,93,0.7254058042302016,0.2745941957697984,0.49212985735366455,1915.334705075447,4.0,四星級,1
2024,11,台北市,圓山大飯店,473.0,11861,83.587033121917,4182.2658291881,49605855,80120101,150937421,577,9347,13573,22920,10576,5882,595,375,1754,0.46143106457242583,0.5385689354275742,0.40780977312390926,3495.8319238900735,5.0,五星級,1
2024,11,台北市,天成大飯店,225.0,6278,93.007407407407,3864.2483274928,24259751,30086115,57911306,270,11710,944,12654,1019,4883,1536,675,1245,0.08052789631737,0.91947210368263,0.9253990832938201,3594.0371851851396,4.0,四星級,1
2024,11,台北市,日勝生加賀屋國際溫泉飯店,89.0,1224,45.842696629212995,12029.120915033,14723644,9253578,32088040,124,2341,352,2693,2005,132,4,300,101,0.7445228369847754,0.2554771630152246,0.8692907538061642,5514.473408239789,,無星等/未評鑑,0
2024,11,台北市,晶華酒店,538.0,14146,87.645600991326,6305.3647674254,89195690,183309529,300825270,981,22513,3216,25729,8254,6881,2641,802,3436,0.32080531695751874,0.6791946830424813,0.8750048583310661,5526.374845105316,5.0,五星級,1
2024,11,台北市,歐華酒店,112.0,1915,56.994047619048004,3606.6135770235,6906665,4880693,12972507,101,2305,1019,3324,544,979,123,92,482,0.16365824308062576,0.8363417569193743,0.6934416365824309,2055.555059523824,4.0,四星級,1
2024,11,台北市,漢普頓酒店,121.0,2475,68.181818181818,2985.4707070707,7389040,4143998,13610862,66,2614,1620,4234,1238,1150,439,167,328,0.2923948984411904,0.7076051015588096,0.6173830892772791,2035.5482093663811,,無星等/未評鑑,0
2024,11,台北市,福容大飯店  台北一館,120.0,2495,69.305555555556,3189.277755511,7957248,8104557,16904433,70,3113,589,3702,1913,226,225,131,421,0.5167477039438142,0.4832522960561858,0.8408968125337656,2210.346666666666,4.0,四星級,1
2024,11,台北市,福華大飯店,606.0,14673,80.709570957096,4444.2743133647,65210837,38667892,122073396,460,22673,3121,25794,8253,4376,2538,800,4200,0.31995812979762733,0.6800418702023727,0.8790028688842366,3586.954730473074,5.0,五星級,1
2024,11,台北市,第一大飯店,176.0,2330,44.128787878788,1861.4824034335,4337254,2659819,29739525,38,451,3714,4165,785,2242,8,27,124,0.18847539015606243,0.8115246098439376,0.10828331332533013,821.4496212121339,4.0,四星級,1
2024,11,台北市,美麗信花園酒店,203.0,5951,97.717569786535,2591.6703075113,15423030,4826548,29596026,119,9778,2125,11903,1492,4802,1700,706,945,0.12534655128959085,0.8746534487104092,0.8214735780895572,2532.5172413792607,,無星等/未評鑑,0
2024,11,台北市,義華酒店,149.0,3335,74.608501118568,3626.9895052474,12096010,188039,13778792,17,4426,185,4611,1212,188,326,168,1383,0.26284970722186074,0.7371502927781393,0.9598785512903926,2706.0425055928504,,無星等/未評鑑,0
2024,11,台北市,老爺大酒店,202.0,5687,93.844884488449,5360.7603305785,30486644,42867379,80525153,225,8060,625,8685,1319,5570,57,218,531,0.15187104202648244,0.8481289579735176,0.9280368451352907,5030.799339933989,5.0,五星級,1
2024,11,台北市,豪景大酒店,209.0,4569,72.870813397129,2195.247975487,10030088,50990,10304829,35,4857,5196,10053,1898,2331,1646,476,107,0.18879936337411718,0.8112006366258828,0.4831393613846613,1599.695055821384,3.0,三星級,1
2024,11,台北市,雀客旅館台北南京,56.0,1497,89.10714285714299,1762.2638610554,2638109,0,2638109,19,2355,192,2547,2547,0,0,0,0,1.0,0.0,0.9246171967020024,1570.302976190439,,無星等/未評鑑,0
2024,11,台北市,雀客藏居台北陽明山,50.0,841,56.066666666667,3617.1890606421,3042056,1875073,5909789,27,1580,98,1678,1329,63,12,67,56,0.7920143027413588,0.20798569725864124,0.9415971394517283,2028.0373333333491,3.0,三星級,1
2024,11,台南市,台南大員皇冠假日酒店,230.0,4756,68.927536231884,3982.2682926829,18939668,20366418,43234573,234,5994,4148,10142,9291,143,23,52,214,0.9160915006901992,0.08390849930980082,0.5910076907907711,2744.8794202898343,5.0,五星級,1
2024,11,台南市,台南大飯店,152.0,3117,68.355263157895,2126.809111325,6629264,12259052,20059693,106,3941,1187,5128,2437,1304,50,89,189,0.4752340093603744,0.5247659906396256,0.7685257410296412,1453.7859649122918,3.0,三星級,1
2024,11,台南市,台南遠東香格里拉,331.0,8154,82.114803625378,3967.0519990189,32347342,26812558,67544935,365,10879,2006,12885,6544,810,638,417,1553,0.5078773767947226,0.49212262320527744,0.8443150950717889,3257.536958711002,5.0,五星級,1
2024,11,台南市,台糖長榮酒店(台南),197.0,4660,78.849407783418,2802.2201716738,13058346,19430427,33623055,152,6233,2440,8673,7658,424,68,33,120,0.8829701372074253,0.11702986279257466,0.7186671278680964,2209.5340101522706,5.0,五星級,1
2024,11,台南市,趣淘漫旅,198.0,3685,62.037037037037,3208.7943012212,11824407,3091033,16252730,96,4198,5681,9879,9856,0,0,4,0,0.9976718291325033,0.002328170867496704,0.4249417957283126,1990.6409090909285,3.0,三星級,1
2024,11,台南市,遠百企業觀光旅館,16.0,240,50.0,168.33333333333,40400,0,40400,25,80,0,80,80,0,0,0,0,1.0,0.0,1.0,84.16666666666498,,無星等/未評鑑,0
2024,11,台東縣,台東桂田喜來登酒店,290.0,3895,44.770114942529,3226.3525032092,12566643,14748838,29570645,155,5124,3217,8341,8041,3,5,6,210,0.964033089557607,0.035966910442392974,0.6143148303560724,1444.4417241379206,5.0,五星級,1
2024,11,台東縣,娜路彎大酒店,292.0,5516,62.968036529680006,5713.1375997099,31513667,15720744,49238667,166,13217,1518,14735,14665,4,0,6,48,0.995249406175772,0.004750593824228044,0.8969799796403122,3597.450570776213,5.0,五星級,1
2024,11,台東縣,樂樂日暉溫泉酒店,48.0,568,39.444444444444,2507.4419014085,1424227,0,1424227,9,1138,0,1138,1138,0,0,0,0,1.0,0.0,1.0,989.0465277777862,,無星等/未評鑑,0
2024,11,台東縣,知本老爺大酒店,182.0,2999,54.92673992674,4579.162720907,13732909,7434545,23848555,203,4087,1994,6081,5547,12,0,0,361,0.9121854958066108,0.08781450419338921,0.6720934056898537,2515.184798534819,5.0,五星級,1
2024,11,嘉義市,耐斯王子大飯店,245.0,3767,51.25170068027201,2365.9811521104,8912651,11588426,22332933,109,2985,5754,8739,8075,131,66,23,84,0.9240187664492505,0.07598123355074948,0.34157226227257126,1212.6055782312735,5.0,五星級,1
2024,11,嘉義市,鈺通大飯店,120.0,1722,47.833333333333,1932.4970963995,3327760,4031398,7377078,66,990,2093,3083,3028,15,2,5,26,0.9821602335387609,0.01783976646123908,0.32111579630230297,924.3777777777544,3.0,三星級,1
2024,11,嘉義縣,名都觀光渡假大飯店,97.0,937,32.199312714777,1630.1270010672,1527429,1289278,2840084,40,135,1967,2102,2102,0,0,0,0,1.0,0.0,0.06422454804947669,524.8896907216439,3.0,三星級,1
2024,11,嘉義縣,阿里山賓館(歷史館),35.0,400,38.095238095237995,9755.3,3902120,0,3902120,11,702,301,1003,883,4,1,8,37,0.8803589232303091,0.11964107676969093,0.6999002991026919,3716.3047619047516,4.0,四星級,1
2024,11,嘉義縣,阿里山賓館(現代館),104.0,1996,63.974358974359,9544.8527054108,19051526,8807211,28400941,117,3426,1468,4894,4312,22,3,40,179,0.8810788720882714,0.1189211279117286,0.7000408663669799,6106.258333333322,4.0,四星級,1
2024,11,基隆市,長榮桂冠酒店(基隆),140.0,3607,85.880952380952,3012.3035763793,10865379,7185672,21207190,94,3629,3806,7435,6509,71,4,7,58,0.8754539340954943,0.12454606590450568,0.48809683927370545,2586.995000000021,5.0,五星級,1
2024,11,宜蘭縣,凱渡廣場酒店,285.0,3154,36.888888888889,5246.1337983513,16546306,16875190,36115626,163,2730,4411,7141,7111,6,0,0,8,0.9957989077160062,0.00420109228399379,0.3822993978434393,1935.2404678362632,,無星等/未評鑑,0
2024,11,宜蘭縣,山泉大飯店,146.0,3109,70.981735159817,1922.3184303635,5976488,1655087,8033237,42,2356,3788,6144,5537,0,0,163,0,0.9012044270833334,0.09879557291666663,0.3834635416666667,1364.4949771689708,3.0,三星級,1
2024,11,宜蘭縣,幼獅大飯店,53.0,195,12.264150943396,1383.5897435897,269800,0,285430,8,59,123,182,182,0,0,0,0,1.0,0.0,0.3241758241758242,169.68553459118647,3.0,三星級,1
2024,11,宜蘭縣,悅川酒店,103.0,2175,70.388349514563,5435.9411494253,11823172,4960909,16784081,92,3083,2823,5906,5770,3,0,16,4,0.9769725702675246,0.023027429732475402,0.5220115137148662,3826.269255663434,4.0,四星級,1
2024,11,宜蘭縣,礁溪老爺酒店,197.0,4547,76.93739424703901,9096.1150208929,41360035,26516535,79668806,313,8811,2365,11176,10842,9,11,97,124,0.9701145311381532,0.029885468861846842,0.7883858267716536,6998.313874788504,5.0,五星級,1
2024,11,宜蘭縣,礁溪麒麟酒店,167.0,2817,56.22754491018001,3297.7287894924,9289702,0,9289702,52,4579,209,4788,4788,0,0,0,0,1.0,0.0,0.9563492063492064,1854.2319361277748,,無星等/未評鑑,0
2024,11,宜蘭縣,綠舞國際觀光飯店,113.0,1280,37.758112094395,5286.43046875,6766631,6162896,16716261,256,2143,1428,3571,3569,0,0,0,0,0.999439932791935,0.0005600672080650071,0.600112013441613,1996.0563421828763,4.0,四星級,1
2024,11,宜蘭縣,蘭城晶英酒店,193.0,4316,74.54231433506,10259.146663577,44278477,36826431,90343367,342,14123,1104,15227,14554,0,0,23,147,0.9558021934721219,0.04419780652787808,0.9274972089052341,7647.405354058387,5.0,五星級,1
2024,11,宜蘭縣,長榮鳳凰酒店(礁溪),231.0,4095,59.09090909090901,5696.8244200244,23328496,23550302,52676994,252,7400,3104,10504,10185,14,11,99,95,0.9696306169078446,0.030369383092155422,0.7044935262757045,3366.3053391053227,5.0,五星級,1
2024,11,屏東縣,凱撒大飯店,281.0,4358,51.696322657177,5676.1785222579,24736786,6375761,33547913,224,6750,2992,9742,8518,36,367,16,320,0.8743584479572983,0.12564155204270167,0.6928762061178403,2934.3755634638255,5.0,五星級,1
2024,11,屏東縣,墾丁怡灣渡假酒店,234.0,2861,40.754985754986,2390.1303739951,6838163,3068981,10440137,87,2704,2551,5255,5209,1,6,0,16,0.9912464319695528,0.008753568030447245,0.514557564224548,974.0972934472967,3.0,三星級,1
2024,11,屏東縣,墾丁福華渡假飯店,458.0,5565,40.502183406114,2905.4531895777,16168847,10204933,27185644,245,3766,11799,15565,14919,16,113,20,41,0.9584966270478638,0.04150337295213624,0.24195309990362993,1176.771979621549,5.0,五星級,1
2024,11,新北市,八里福朋喜來登酒店,241.0,4047,55.975103734440005,3708.869780084,15009796,19063528,34120249,153,4788,4419,9207,8354,30,34,40,544,0.907353100901488,0.09264689909851198,0.520039100684262,2076.043706777316,3.0,三星級,1
2024,11,新北市,大板根渡假酒店,95.0,2273,79.754385964912,6656.0,15129088,14826842,47201499,231,2584,4235,6819,6648,3,15,24,69,0.9749230092388913,0.025076990761108697,0.37894119372341983,5308.451929824543,4.0,四星級,1
2024,11,新北市,板橋凱撒大飯店,400.0,11310,94.25,4293.7436781609,48562241,13297819,61972094,153,15825,5889,21714,11856,1267,2996,1280,642,0.5460071843050567,0.4539928156949433,0.728792484111633,4046.8534166666486,5.0,五星級,1
2024,11,新北市,瓏山林台北中和飯店,126.0,2235,59.12698412698399,2728.7704697987,6098802,3670213,10160621,78,4064,307,4371,2635,54,136,114,180,0.6028368794326241,0.3971631205673759,0.9297643559826126,1613.4396825397039,3.0,三星級,1
2024,11,新北市,碧特弗大飯店,55.0,204,12.363636363636001,2591.5294117647,528672,171828,700500,16,176,150,326,297,4,6,2,5,0.911042944785276,0.08895705521472397,0.5398773006134969,320.4072727272626,,無星等/未評鑑,0
2024,11,新北市,福容大飯店    淡水漁人碼頭,198.0,3981,67.020202020202,5994.5458427531,23864287,16936890,42427895,151,3465,7719,11184,10764,8,0,26,25,0.9624463519313304,0.037553648068669565,0.3098175965665236,4017.5567340067487,4.0,四星級,1
2024,11,新北市,福容大飯店 福隆,174.0,2263,43.352490421456004,4407.9288555015,9975143,6789398,17941301,116,2325,2650,4975,4895,2,2,20,4,0.9839195979899498,0.016080402010050232,0.46733668341708545,1910.9469348658831,3.0,三星級,1
2024,11,新北市,美麗春天大飯店,34.0,28,2.7450980392157,2574.7142857143,72092,0,72092,5,56,0,56,56,0,0,0,0,1.0,0.0,1.0,70.67843137254977,,無星等/未評鑑,0
2024,11,新竹市,新竹國賓大飯店,257.0,5717,74.150453955901,3325.9156900472,19014260,33526713,59979025,282,6144,1463,7607,3301,664,257,29,1280,0.43394242145392403,0.566057578546076,0.8076771394767976,2466.181582360536,4.0,四星級,1
2024,11,新竹市,新竹老爺大酒店,208.0,5137,82.323717948718,3200.0981117384,16438904,14047700,31594351,169,6049,1332,7381,4771,522,221,16,792,0.6463893781330443,0.3536106218669557,0.8195366481506571,2634.4397435897713,4.0,四星級,1
2024,11,新竹縣,新竹喜來登大飯店,386.0,9803,84.654576856649,3891.7102927675,38150436,50133905,99188243,326,9886,2198,12084,4707,217,710,20,2987,0.38952333664349553,0.6104766633565044,0.818106587222774,3294.510880828983,4.0,四星級,1
2024,11,新竹縣,豐邑喜來登大飯店,384.0,6536,56.736111111111,3891.3133414933,25433624,3991135,32094567,102,6591,1465,8056,3138,145,474,13,1991,0.38952333664349553,0.6104766633565044,0.8181479642502483,2207.779861111125,4.0,四星級,1
2024,11,桃園市,南方莊園渡假飯店,111.0,1534,46.066066066066,5526.610821382,8477821,14378321,25681948,126,2856,1427,4283,4257,0,2,6,0,0.9939294886761616,0.006070511323838401,0.6668223208031754,2545.8921921921847,4.0,四星級,1
2024,11,桃園市,古華花園飯店,255.0,6391,83.542483660131,2733.7145986544,17471170,9865053,28823680,159,9581,880,10461,4922,742,173,418,620,0.47050951151897524,0.5294904884810248,0.9158780231335436,2283.813071895468,3.0,三星級,1
2024,11,桃園市,台北諾富特華航桃園機場飯店,516.0,11334,73.217054263566,3347.21184048,37937299,825819,69014643,265,12288,1948,14236,4585,1274,397,323,1189,0.32207080640629393,0.6779291935937061,0.8631638100590053,2450.7299095607477,4.0,四星級,1
2024,11,桃園市,名人堂花園大飯店,128.0,1701,44.296875,5484.0605526161,9328387,14814150,29116964,197,3443,960,4403,4018,14,3,27,74,0.9125596184419714,0.08744038155802858,0.7819668407903702,2429.267447916663,,無星等/未評鑑,0
2024,11,桃園市,和逸飯店桃園青埔館,218.0,6540,100.0,3980.7270642202,26033955,0,29970726,116,8854,2399,11253,8144,329,266,329,360,0.7237181196125477,0.27628188038745227,0.7868124055807341,3980.7270642202,4.0,四星級,1
2024,11,桃園市,尊爵大飯店,218.0,4417,67.538226299694,2690.3366538374,11883217,9127437,21802611,103,3163,3936,7099,1194,508,782,23,237,0.16819270319763346,0.8318072968023665,0.44555571207212286,1817.0056574923185,3.0,三星級,1
2024,11,桃園市,尊爵天際大飯店,250.0,6166,82.21333333333301,2527.317547843,15583440,1396527,17105814,77,3610,4926,8536,868,311,99,0,220,0.10168697282099344,0.8983130271790065,0.4229147141518276,2077.7919999999835,3.0,三星級,1
2024,11,桃園市,桃園喜來登酒店,189.0,3598,63.456790123457,3162.9071706504,11380140,12135583,25656373,138,3929,2412,6341,3890,282,60,88,1090,0.6134679072701467,0.38653209272985334,0.6196183567260685,2007.0793650793962,4.0,四星級,1
2024,11,桃園市,福容大飯店   桃園,182.0,4383,80.274725274725,2228.9712525667,9769581,5844698,15931450,66,3613,451,4064,1636,284,65,472,77,0.40255905511811024,0.5974409448818898,0.8890255905511811,1789.3005494505153,3.0,三星級,1
2024,11,桃園市,福容徠旅 林口,149.0,3283,73.4451901566,2739.7145903137,8994483,0,8999772,28,4459,2657,7116,4027,107,1004,440,134,0.5659078133783024,0.4340921866216976,0.6266160764474424,2012.1885906040116,,無星等/未評鑑,0
2024,11,澎湖縣,寶華大飯店,74.0,341,15.360360360360001,1000.7565982405,341258,0,344158,16,182,520,702,696,0,0,6,0,0.9914529914529915,0.008547008547008517,0.25925925925925924,153.71981981982094,,無星等/未評鑑,0
2024,11,澎湖縣,澎湖福朋喜來登酒店,331.0,3564,35.891238670695,2164.5345117845,7714401,12823656,23052978,201,5862,1580,7442,6651,6,8,6,568,0.8937113679118517,0.10628863208814832,0.7876914807847353,776.8782477341377,5.0,五星級,1
2024,11,花蓮縣,瑞穗天合國際觀光酒店,198.0,3453,58.131313131313,8322.1644946423,28736434,5743665,36808870,183,4302,3895,8197,7613,2,12,6,16,0.9287544223496401,0.07124557765035988,0.524826155910699,4837.783501683468,5.0,五星級,1
2024,11,花蓮縣,美侖大飯店,299.0,3754,41.850613154961,2635.1204049014,9892242,7779160,19326472,166,5318,3000,8318,8026,30,8,2,104,0.9648954075498918,0.03510459245010822,0.6393363789372445,1102.814046822727,5.0,五星級,1
2024,11,花蓮縣,遠雄悅來大飯店,381.0,5092,44.549431321084995,3314.259230165,16876208,16120485,38012130,320,9301,2456,11757,11618,2,5,4,28,0.9881772561027473,0.011822743897252685,0.7911031725780386,1476.4836395450773,5.0,五星級,1
2024,11,苗栗縣,馥藝金鬱金香酒店,191.0,3768,65.759162303665,2379.3625265393,8965438,6029814,15499171,102,4808,2861,7669,7251,65,11,20,27,0.9454948493936628,0.054505150606337205,0.6269396270700222,1564.6488656195622,3.0,三星級,1
2024,11,金門縣,陸島酒店,47.0,850,60.283687943261995,1455.9588235294,1237565,132640,1371540,13,92,1566,1658,299,0,0,0,0,0.18033775633293125,0.8196622436670687,0.05548854041013269,877.7056737588521,,無星等/未評鑑,0
2024,11,高雄市,寒軒國際大飯店,371.0,8528,76.621743036837,2123.4611866792,18108877,16558708,35852426,223,6001,5468,11469,8038,1317,648,151,72,0.700845758130613,0.299154241869387,0.523236550701892,1627.0329739443064,5.0,五星級,1
2024,11,高雄市,承攜行旅 高雄六合館,269.0,3986,49.392812887237,2164.5052684395,8627718,0,8627718,33,7611,361,7972,7429,32,93,141,38,0.9318866031108881,0.06811339688911189,0.9547165077772203,1069.110037174709,,無星等/未評鑑,0
2024,11,高雄市,晶英國際行館,147.0,1673,37.936507936508,6652.5373580394,11129695,13022052,26894649,217,2657,459,3116,2411,89,52,171,62,0.7737483953786907,0.22625160462130933,0.8526957637997432,2523.740362811777,4.0,四星級,1
2024,11,高雄市,漢來大飯店,535.0,11440,71.27725856697799,3745.6159090909,42849846,78861820,152215864,793,13256,5655,18911,10573,3675,733,285,930,0.5590925916133467,0.4409074083866533,0.7009676907619904,2669.772336448584,5.0,五星級,1
2024,11,高雄市,福容大飯店 高雄,250.0,4697,62.626666666667,2449.4558228657,11505094,5793388,17322796,80,4242,4610,8852,7481,142,450,240,34,0.8451197469498418,0.15488025305015818,0.4792137370085856,1534.0125333333674,3.0,三星級,1
2024,11,高雄市,義大皇家酒店,656.0,8185,41.590447154472,2750.1447770312,22509935,17577824,44238915,381,8020,11391,19411,17324,9,648,115,91,0.8924836432950389,0.10751635670496107,0.4131677914584514,1143.7975101626332,4.0,四星級,1
2024,11,高雄市,高雄圓山大飯店,105.0,2332,74.03174603174601,2511.0797598628,5855838,15490797,22781345,128,2183,2734,4917,4108,542,19,29,99,0.8354687817775066,0.1645312182224934,0.4439699003457393,1858.9961904762056,5.0,五星級,1
2024,11,高雄市,高雄福華大飯店,271.0,6720,82.656826568266,2532.178125,17016237,24975751,46077012,293,8830,2420,11250,5626,2213,342,895,260,0.5000888888888889,0.4999111111111111,0.7848888888888889,2093.0180811808195,5.0,五星級,1
2024,11,高雄市,高雄萬豪酒店,700.0,13485,64.214285714286,4774.7869484613,64388002,79077441,157633222,705,17521,5984,23505,14163,402,729,673,4292,0.6025526483726866,0.39744735162731337,0.7454158689640502,3066.0953333333773,5.0,五星級,1
2024,11,高雄市,麗尊大酒店,188.0,3955,70.124113475177,2267.0,8965985,17130487,27004514,177,5889,1681,7570,5779,705,280,176,200,0.7634081902245706,0.23659180977542937,0.7779392338177015,1589.7136524822624,3.0,三星級,1
2024,12,南投縣,日月潭力麗溫德姆溫泉酒店,197.0,3270,53.545112166366,7949.2642201835,25994094,10541896,38432580,203,4531,3210,7741,6906,17,0,138,199,0.8921327993799251,0.10786720062007493,0.5853248934246221,4256.442443098054,5.0,五星級,1
2024,12,南投縣,涵碧樓大飯店,96.0,2583,86.79435483870999,16796.825783972,43386201,13722166,67885605,298,4878,363,5241,3865,139,14,29,677,0.7374546842205686,0.2625453157794314,0.9307384087006296,14578.69657258059,5.0,五星級,1
2024,12,南投縣,漢來日月行館,93.0,1066,36.975372875477,19976.030956848,21294449,12491605,35501547,193,1504,699,2203,2092,4,0,16,28,0.9496141625056741,0.0503858374943259,0.6827054017249206,7386.211932015264,,無星等/未評鑑,0
2024,12,南投縣,雲品溫泉酒店日月潭,207.0,5272,82.156771076827,12647.091426404,66675466,25533468,101747016,336,9125,4127,13252,10428,99,23,146,1484,0.7869000905523694,0.21309990944763058,0.6885753093872623,10390.441951067749,5.0,五星級,1
2024,12,台中市,全國大飯店,178.0,3222,58.390721275824994,2183.9996896338,7036847,6151974,15137699,76,5497,563,6060,4557,502,112,147,172,0.751980198019802,0.24801980198019802,0.9070957095709571,1275.253171438955,5.0,五星級,1
2024,12,台中市,台中港酒店,200.0,3860,62.258064516129,3011.2007772021,11623235,2924940,15907347,110,6215,217,6432,3924,297,78,135,200,0.6100746268656716,0.3899253731343284,0.9662624378109452,1874.7153225806615,3.0,三星級,1
2024,12,台中市,台中福華大飯店,155.0,4382,91.19667013527601,2832.9776357827,12414108,19778971,35523475,190,8022,718,8740,6772,279,164,181,299,0.7748283752860412,0.2251716247139588,0.9178489702517163,2583.58126951089,5.0,五星級,1
2024,12,台中市,台中金典酒店,222.0,5610,81.51700087184,2841.5573975045,15941137,30417523,59922369,251,7340,4296,11636,8261,650,560,283,265,0.7099518734960467,0.2900481265039533,0.6308009625300791,2316.352368497577,5.0,五星級,1
2024,12,台中市,裕元花園酒店,149.0,4049,87.65966659450099,4001.9832057298,16204030,33144212,52649075,283,6039,827,6866,4817,200,267,234,366,0.7015729682493446,0.29842703175065544,0.8795514127585202,3508.1251353106654,5.0,五星級,1
2024,12,台中市,通豪大飯店,226.0,3259,46.517270910648,2027.0991101565,6606316,1473257,8476806,59,3476,61,3537,3201,22,32,33,36,0.9050042408821035,0.09499575911789648,0.9827537461125248,942.9511846988341,3.0,三星級,1
2024,12,台中市,長榮桂冠酒店(台中),354.0,6458,58.848186622927,2509.3835552803,16205599,26639233,49643044,255,4619,1839,6458,4203,549,75,65,305,0.6508206875193558,0.34917931248064416,0.7152369154537008,1476.7267176963912,5.0,五星級,1
2024,12,台中市,龍谷大飯店,189.0,2233,38.112305854241,1743.3752798925,3892957,1669710,6149368,36,2224,2549,4773,4714,2,0,30,2,0.98763880159229,0.012361198407709995,0.4659543264194427,664.4405188598597,,無星等/未評鑑,0
2024,12,台北市,JR東日本大飯店台北,288.0,8230,92.181899641577,7055.7285540705,58068646,34189314,98115769,274,13987,1504,15491,3103,4724,873,1892,1505,0.200309857336518,0.799690142663482,0.9029113678910335,6504.10461469536,4.0,四星級,1
2024,12,台北市,三德大飯店,287.0,5069,56.97426098685,2462.2677056619,12481235,3241988,16551972,81,5393,3407,8800,1165,3251,917,1049,238,0.13238636363636364,0.8676136363636364,0.612840909090909,1402.8588288187343,3.0,三星級,1
2024,12,台北市,亞都麗緻大飯店,219.0,4958,73.029901310944,5255.3245260186,26055899,22430394,53999749,206,8902,0,8902,2090,2026,492,683,819,0.23477870141541227,0.7652212985845878,1.0,3837.958314921219,4.0,四星級,1
2024,12,台北市,兄弟大飯店,250.0,6428,82.94193548387099,3906.1642812694,25108824,54024348,85056758,450,4490,3839,8329,3316,1843,264,345,764,0.39812702605354783,0.6018729739464521,0.539080321767319,3239.848258064479,4.0,四星級,1
2024,12,台北市,北投老爺酒店,50.0,1302,84.0,8103.2964669739,10550492,4435770,17930896,65,2818,87,2905,1980,39,73,487,158,0.6815834767641996,0.3184165232358004,0.9700516351118761,6806.769032258076,4.0,四星級,1
2024,12,台北市,北投麗禧溫泉酒店,66.0,1664,81.32942326490699,17020.895432692,28322770,13359542,53029807,162,2971,37,3008,1417,104,135,604,245,0.4710771276595745,0.5289228723404256,0.9876994680851063,13842.996089931297,4.0,四星級,1
2024,12,台北市,台北W飯店,405.0,9252,73.691756272401,13054.720276697,120782272,59589611,201657838,412,15268,806,16074,2600,884,215,1442,5836,0.16175189747418192,0.838248102525818,0.9498569117830036,9620.252648347267,5.0,五星級,1
2024,12,台北市,台北中山雅樂軒酒店,88.0,2483,91.019061583578,5590.1236407571,13880277,532722,15966052,41,4149,0,4149,471,493,105,269,1425,0.11352133044107014,0.8864786695589298,1.0,5088.078079178857,,無星等/未評鑑,0
2024,12,台北市,台北凱撒大飯店,478.0,14744,99.500607369416,4192.9548969072,61820927,28265065,92960057,154,23152,7231,30383,4572,10641,4628,2535,928,0.15047888621926736,0.8495211137807326,0.7620050686239015,4172.015589148335,4.0,四星級,1
2024,12,台北市,台北君品大酒店,286.0,7530,84.931197834424,5424.3782204515,40845568,51703582,100803270,338,14641,307,14948,1826,2585,1358,1850,1787,0.12215681027562215,0.8778431897243778,0.9794621354027294,4606.989397699072,5.0,五星級,1
2024,12,台北市,台北君悅酒店,850.0,22973,87.18406072106299,7227.651329822,166040834,124404578,327129778,554,33817,8247,42064,11119,2304,2942,1327,16889,0.2643352985926208,0.7356647014073792,0.8039416127805249,6301.35992409873,5.0,五星級,1
2024,12,台北市,台北寒舍喜來登大飯店,688.0,17672,82.85821455363799,6171.9336238117,109070411,150035808,286547795,788,26885,4121,31006,5159,5441,1557,2093,8505,0.1663871508740244,0.8336128491259756,0.8670902405985939,5113.9540041260225,5.0,五星級,1
2024,12,台北市,台北寒舍艾美酒店,160.0,4105,82.762096774194,12653.429232643,51942327,91075441,157069188,348,6352,394,6746,1927,208,83,733,1666,0.28565075600355766,0.7143492439964423,0.9415950192706789,10472.243346774154,5.0,五星級,1
2024,12,台北市,台北漢來大飯店,424.0,7210,54.853925745587,6955.2893203883,50147636,95132446,169538705,455,11609,1719,13328,9512,511,312,935,601,0.7136854741896759,0.2863145258103241,0.8710234093637454,3815.249239196541,5.0,五星級,1
2024,12,台北市,台北美福大飯店,146.0,3400,75.12152010605399,8051.8988235294,27376456,91781487,128196888,347,6631,213,6844,2794,515,743,265,1029,0.40824079485680886,0.5917592051431911,0.9688778492109877,6048.708793636763,6.0,卓越五星,1
2024,12,台北市,台北艾麗酒店,235.0,6377,87.53603294440599,7498.6214520935,47818709,29794833,85635975,182,9735,596,10331,2758,379,256,1373,1610,0.2669635078888781,0.7330364921111219,0.9423095537702062,6563.995744680861,5.0,五星級,1
2024,12,台北市,台北花園大酒店,241.0,6987,93.521616918753,3798.5936739659,26540774,29121344,65795895,153,14215,983,15198,660,988,7536,1179,532,0.04342676667982629,0.9565732333201737,0.9353204368995921,3552.506224066374,4.0,四星級,1
2024,12,台北市,台北萬豪酒店,318.0,8772,88.983566646379,7219.7139762882,63331331,105647639,205151407,533,11525,2795,14320,3584,1389,1599,828,3401,0.25027932960893856,0.7497206703910615,0.80481843575419,6424.35899776835,5.0,五星級,1
2024,12,台北市,台北遠東香格里拉,420.0,11212,86.113671274962,7858.9439885837,88114480,81929209,193404664,474,18728,1195,19923,2938,1108,561,1642,6177,0.14746775084073685,0.8525322491592632,0.940019073432716,6767.625192012355,5.0,五星級,1
2024,12,台北市,國王大飯店,97.0,2419,80.445626870635,1719.5266639107,4159535,887949,5063095,47,726,1693,2419,189,2105,14,17,18,0.0781314592806945,0.9218685407193055,0.30012401818933443,1383.2840039906796,3.0,三星級,1
2024,12,台北市,國聯大飯店,240.0,4868,65.430107526882,3649.0223911257,17763441,4084753,24190835,115,5897,2838,8735,4997,375,174,135,119,0.5720663995420722,0.42793360045792783,0.6751001717229537,2387.5592741935457,4.0,四星級,1
2024,12,台北市,圓山大飯店,473.0,13497,92.048012003001,4360.5433800104,58854254,85022942,168049832,576,11320,14051,25371,13288,5785,883,623,1673,0.5237475858263372,0.4762524141736628,0.4461787079736707,4013.793493828039,5.0,五星級,1
2024,12,台北市,天成大飯店,225.0,6624,94.967741935484,4807.2773248792,31843405,38731064,75098796,272,13552,555,14107,1383,3495,2587,1129,761,0.09803643581200823,0.9019635641879917,0.9606578294463741,4565.362724014318,4.0,四星級,1
2024,12,台北市,日勝生加賀屋國際溫泉飯店,89.0,1805,65.422254440014,13113.630470914,23670103,13124197,48966420,127,3552,467,4019,2738,133,25,602,201,0.6812639960189102,0.3187360039810898,0.8838019407812889,8579.232693004564,,無星等/未評鑑,0
2024,12,台北市,晶華酒店,538.0,14528,87.108766039093,7806.8825715859,113418390,219552537,366127084,989,27692,1237,28929,9093,6275,2797,1551,4084,0.3143212693145287,0.6856787306854712,0.9572401396522521,6800.479074229489,5.0,五星級,1
2024,12,台北市,歐華酒店,112.0,2137,61.549539170506996,4000.9897051942,8550115,6443888,16693712,102,2951,852,3803,620,1462,209,259,211,0.1630291874835656,0.8369708125164343,0.7759663423612937,2462.5907258064562,4.0,四星級,1
2024,12,台北市,漢普頓酒店,121.0,3226,86.00373233804301,3702.9218846869,11945626,5378733,20508107,66,4161,1943,6104,1830,1373,760,221,486,0.29980340760157276,0.7001965923984272,0.6816841415465269,3184.651026392939,,無星等/未評鑑,0
2024,12,台北市,福容大飯店  台北一館,120.0,2602,69.94623655913999,3738.1602613374,9726693,9304851,19973988,73,3843,408,4251,2368,283,179,298,405,0.5570454010820983,0.4429545989179017,0.9040225829216655,2614.702419354823,4.0,四星級,1
2024,12,台北市,福華大飯店,606.0,15793,84.067922921324,5216.0586335718,82377214,42156024,141162961,458,29300,1804,31104,8002,3760,4197,1492,5499,0.25726594650205764,0.7427340534979423,0.9420010288065843,4385.032151602206,5.0,五星級,1
2024,12,台北市,第一大飯店,176.0,2864,52.492668621701,2154.0837988827,6169296,2903765,31820429,38,682,4204,4886,1069,2375,55,73,248,0.2187883749488334,0.7812116250511666,0.1395824805566926,1130.736070381244,4.0,四星級,1
2024,12,台北市,美麗信花園酒店,203.0,6198,98.49038614333399,3520.7328170378,21821502,5278645,38011844,121,12074,1361,13435,1608,3692,2163,1803,977,0.1196873836992929,0.8803126163007071,0.8986974320803871,3467.5833465756095,,無星等/未評鑑,0
2024,12,台北市,義華酒店,149.0,3087,66.83264775925501,4061.9983803045,12539389,267521,14378962,18,4531,490,5021,1609,289,385,301,1245,0.32045409281019716,0.6795459071898029,0.9024098785102569,2714.7410694955506,,無星等/未評鑑,0
2024,12,台北市,老爺大酒店,202.0,6002,95.847971893964,5795.8565478174,34786731,51307392,93926517,225,10258,170,10428,1560,5534,215,677,533,0.14959723820483314,0.8504027617951668,0.9836977368622938,5555.210954966494,5.0,五星級,1
2024,12,台北市,豪景大酒店,209.0,4988,76.987189381077,2497.7044907779,12458550,24630,12797005,37,6281,5120,11401,1943,1758,2377,549,66,0.17042364704850452,0.8295763529514955,0.5509165862643628,1922.912486494847,3.0,三星級,1
2024,12,台北市,雀客旅館台北南京,56.0,1587,91.417050691244,1918.5973534972,3044814,0,3044814,19,1909,85,1994,1989,1,0,2,0,0.9974924774322969,0.0025075225677031465,0.9573721163490472,1753.9251152074012,,無星等/未評鑑,0
2024,12,台北市,雀客藏居台北陽明山,50.0,1246,80.387096774194,4062.6332263242,5062041,2043368,8006867,26,2431,112,2543,1988,46,54,188,62,0.7817538340542666,0.21824616594573343,0.955957530475816,3265.8329032257952,3.0,三星級,1
2024,12,台南市,台南大員皇冠假日酒店,230.0,5248,73.604488078541,3877.301257622,20348077,22374483,47066372,225,7952,3399,11351,9964,90,24,116,406,0.8778081226323672,0.12219187736763282,0.7005550171791032,2853.8677419355054,5.0,五星級,1
2024,12,台南市,台南大飯店,152.0,3393,72.007640067912,2134.9434129089,7243863,10802584,18697680,108,4548,1319,5867,2814,1440,113,227,83,0.47963183910005114,0.5203681608999489,0.775183228225669,1537.322368421037,3.0,三星級,1
2024,12,台南市,台南遠東香格里拉,331.0,7940,77.380372283403,4149.0906801008005,32943780,29968523,70625179,362,10543,3241,13784,7067,1131,484,525,1709,0.512695879280325,0.487304120719675,0.7648723157283808,3210.581814637977,5.0,五星級,1
2024,12,台南市,台糖長榮酒店(台南),197.0,4595,75.24152611757,2847.0198041349,13082056,20085378,34498676,158,6915,2690,9605,8592,600,45,36,83,0.8945340968245705,0.10546590317542948,0.7199375325351379,2142.141149500551,5.0,五星級,1
2024,12,台南市,趣淘漫旅,198.0,4466,72.759856630824,2995.9941782356,13380110,3423465,18294012,93,5547,6370,11917,11879,0,0,4,0,0.9968112780062096,0.003188721993790389,0.4654694973567173,2179.8810687520563,3.0,三星級,1
2024,12,台南市,遠百企業觀光旅館,40.0,80,6.451612903225799,505.0,40400,0,40400,25,80,0,80,80,0,0,0,0,1.0,0.0,1.0,32.580645161290285,,無星等/未評鑑,0
2024,12,台東縣,台東桂田喜來登酒店,290.0,6822,75.884315906563,4497.3116388156,30680660,14934673,48836483,159,5411,3090,8501,7940,28,17,26,254,0.934007763792495,0.06599223620750505,0.636513351370427,3412.754171301456,5.0,五星級,1
2024,12,台東縣,娜路彎大酒店,292.0,4207,46.475916924437,4433.0223437129,18649725,12198027,32259851,178,8132,1240,9372,9199,23,0,34,84,0.9815407597097738,0.018459240290226164,0.8676909944515578,2060.2877817057374,5.0,五星級,1
2024,12,台東縣,樂樂日暉溫泉酒店,48.0,484,32.52688172043,2505.2004132231,1212517,0,1212517,9,971,0,971,971,0,0,0,0,1.0,0.0,1.0,814.8635752688012,,無星等/未評鑑,0
2024,12,台東縣,知本老爺大酒店,182.0,3352,59.41155618575,4902.7491050119,16434015,8413110,27592946,202,5178,1713,6891,6403,32,3,16,371,0.9291829923088086,0.07081700769119137,0.7514148889856335,2912.7995391705003,5.0,五星級,1
2024,12,嘉義市,耐斯王子大飯店,245.0,3847,50.651744568794996,2315.2123732779,8906622,13645658,24627509,108,3579,6923,10502,10032,126,12,2,74,0.9552466196914874,0.044753380308512614,0.3407922300514188,1172.6954575378584,5.0,五星級,1
2024,12,嘉義市,鈺通大飯店,120.0,1420,38.172043010753,2116.4211267606,3005318,5518283,8541466,66,1833,909,2742,2529,81,6,22,50,0.9223194748358862,0.07768052516411383,0.6684901531728665,807.8811827957195,3.0,三星級,1
2024,12,嘉義縣,名都觀光渡假大飯店,97.0,539,17.924842035251,1845.9981447124,994993,811511,1821624,41,198,1166,1364,1364,0,0,0,0,1.0,0.0,0.14516129032258066,330.89225141336186,3.0,三星級,1
2024,12,嘉義縣,阿里山賓館(歷史館),35.0,504,46.451612903226,10874.771825397,5480885,0,5480885,11,938,402,1340,1103,5,3,18,89,0.823134328358209,0.176865671641791,0.7,5051.506912442498,4.0,四星級,1
2024,12,嘉義縣,阿里山賓館(現代館),104.0,2553,79.18734491315101,10481.634939287,26759614,11846753,39458043,115,4584,1964,6548,5385,27,15,89,432,0.8223885155772755,0.17761148442272445,0.7000610873549176,8300.128411910544,4.0,四星級,1
2024,12,基隆市,長榮桂冠酒店(基隆),140.0,3891,89.654377880184,2928.8607041892,11396197,7774994,22596028,95,4953,2903,7856,6712,101,27,23,133,0.8543788187372708,0.14562118126272916,0.6304735234215886,2625.851843318004,5.0,五星級,1
2024,12,宜蘭縣,凱渡廣場酒店,285.0,2497,28.262591963779997,5497.3019623548,13726763,13097210,29027085,160,3073,2762,5835,5761,2,0,18,10,0.9873179091688089,0.012682090831191095,0.526649528706084,1553.6800226372077,,無星等/未評鑑,0
2024,12,宜蘭縣,山泉大飯店,146.0,3629,80.181175430844,1827.4541195922,6631831,2291948,9393452,41,3668,3578,7246,6731,0,29,173,0,0.9289263041678167,0.07107369583218326,0.5062103229367927,1465.2741935484073,3.0,三星級,1
2024,12,宜蘭縣,幼獅大飯店,53.0,201,12.233718807059999,1338.3084577114,269000,0,284200,8,53,121,174,174,0,0,0,0,1.0,0.0,0.3045977011494253,163.72489348751415,3.0,三星級,1
2024,12,宜蘭縣,悅川酒店,103.0,2326,72.846852489821,5392.7863284609,12543621,6364449,18908070,99,3038,2965,6003,5712,0,2,115,0,0.9515242378810594,0.04847576211894056,0.50608029318674,3928.475101785146,4.0,四星級,1
2024,12,宜蘭縣,礁溪老爺酒店,197.0,5464,89.471098739152,9610.3310761347,52510849,30420747,98032597,304,11237,2505,13742,12867,16,28,313,285,0.9363265900160093,0.06367340998399074,0.817712123417261,8598.468806287887,5.0,五星級,1
2024,12,宜蘭縣,礁溪麒麟酒店,167.0,4082,78.848754104694,3233.8346398824,13200513,0,13200513,52,5337,144,5481,5476,0,0,2,0,0.9990877577084474,0.0009122422915526229,0.9737274220032841,2549.8383233532904,,無星等/未評鑑,0
2024,12,宜蘭縣,綠舞國際觀光飯店,113.0,1401,39.99429060805,5534.2091363312,7753427,5006370,16589328,258,2313,1572,3885,3841,0,0,35,0,0.9886743886743887,0.011325611325611273,0.5953667953667954,2213.3676848415544,4.0,四星級,1
2024,12,宜蘭縣,蘭城晶英酒店,193.0,5089,85.057663379575,10256.584397721,52195758,44469905,107604579,347,18174,313,18487,16744,31,12,501,187,0.9057175312381673,0.09428246876183266,0.9830691837507438,8724.011031255539,5.0,五星級,1
2024,12,宜蘭縣,長榮鳳凰酒店(礁溪),231.0,4862,67.89554531489999,5933.1908679556,28847174,26351050,61899410,252,9017,3217,12234,11310,26,13,249,229,0.9244727807748897,0.0755272192251103,0.7370443027627922,4028.372294372303,5.0,五星級,1
2024,12,屏東縣,凱撒大飯店,281.0,4097,47.032487659281,4870.7173541616,19955329,5851808,27833595,221,9003,675,9678,8068,82,665,117,248,0.8336433147344493,0.1663566852655507,0.9302541847489151,2290.8195385145127,5.0,五星級,1
2024,12,屏東縣,墾丁怡灣渡假酒店,234.0,2710,37.358698649021,2417.7579335793,6552124,3029138,10197941,89,3565,3081,6646,6584,2,0,0,0,0.9906710803490821,0.009328919650917866,0.5364128799277761,903.2429004686878,3.0,三星級,1
2024,12,屏東縣,墾丁福華渡假飯店,458.0,4781,33.673756867164,2880.4191591717,13771284,10238994,24586969,244,4146,9128,13274,12595,86,176,0,46,0.9488473708000603,0.05115262919993968,0.3123399126111195,969.9453444146878,5.0,五星級,1
2024,12,新北市,八里福朋喜來登酒店,241.0,4690,62.776067460849006,4166.5643923241,19541187,20186307,39783148,145,6507,4522,11029,9454,166,131,175,529,0.857194668600961,0.14280533139903895,0.589990026294315,2615.6052737250902,3.0,三星級,1
2024,12,新北市,大板根渡假酒店,95.0,2354,79.932088285229,6925.0,16301450,16569052,51900067,225,3404,3658,7062,6681,6,51,123,57,0.9460492778249787,0.05395072217502128,0.4820164259416596,5535.297113752108,4.0,四星級,1
2024,12,新北市,板橋凱撒大飯店,400.0,11866,95.69354838709701,4963.9086465532,58901740,14354288,73882420,157,20688,3931,24619,13410,991,3148,2287,518,0.5447012470043462,0.4552987529956538,0.8403265770339982,4750.140322580679,5.0,五星級,1
2024,12,新北市,瓏山林台北中和飯店,126.0,2572,65.847414234511,3297.6426905132,8481537,3271042,12484592,80,4718,617,5335,2472,148,589,413,241,0.4633552014995314,0.5366447985004685,0.8843486410496719,2171.4124423963003,3.0,三星級,1
2024,12,新北市,碧特弗大飯店,55.0,234,13.724340175953001,2962.7606837607,693286,89797,783083,16,204,166,370,315,4,2,4,7,0.8513513513513513,0.14864864864864868,0.5513513513513514,406.6193548387096,,無星等/未評鑑,0
2024,12,新北市,福容大飯店    淡水漁人碼頭,198.0,4097,66.74812642554599,6310.4874298267,25854067,17165783,44958738,149,4010,7718,11728,11203,9,56,165,124,0.9552353342428377,0.044764665757162314,0.3419167803547067,4212.1321277289135,4.0,四星級,1
2024,12,新北市,福容大飯店 福隆,174.0,1742,32.295142751205006,4512.7996555683,7861297,5218601,13925733,115,2142,1891,4033,3921,10,12,15,7,0.9722291098437887,0.02777089015621126,0.5311182742375403,1457.4150908416705,3.0,三星級,1
2024,12,新北市,美麗春天大飯店,34.0,34,3.2258064516128995,2780.5588235294,94539,0,94539,5,68,0,68,68,0,0,0,0,1.0,0.0,1.0,89.69544592030311,,無星等/未評鑑,0
2024,12,新竹市,新竹國賓大飯店,257.0,5548,69.637253671395,3385.3440879596,18781889,42107472,69357371,282,6969,1255,8224,3913,783,203,114,865,0.47580252918287935,0.5241974708171206,0.847397859922179,2357.4606501820003,4.0,四星級,1
2024,12,新竹市,新竹老爺大酒店,208.0,5000,77.543424317618,3138.813,15694065,14375201,31068003,178,6406,1128,7534,5031,798,138,68,582,0.6677727634722591,0.3322272365277409,0.8502787363950093,2433.9430831265554,4.0,四星級,1
2024,12,新竹縣,新竹喜來登大飯店,386.0,8998,75.196389771018,3764.80673483,33875731,49995513,103391356,326,10131,2068,12199,5805,347,389,34,2563,0.47585867694073286,0.5241413230592671,0.830477908025248,2830.998746448303,4.0,四星級,1
2024,12,新竹縣,豐邑喜來登大飯店,384.0,5998,50.386424731183,3765.2252417472,22583821,3776863,28750513,103,6753,1379,8132,3870,231,259,23,1709,0.47589768814559763,0.5241023118544024,0.8304230201672406,1897.162382392456,4.0,四星級,1
2024,12,桃園市,南方莊園渡假飯店,111.0,1738,50.508573089218004,4312.0932105869,7494418,14657143,25301274,126,2516,1713,4229,4130,0,0,69,6,0.9765902104516434,0.023409789548356597,0.5949397020572239,2177.9767509444914,4.0,四星級,1
2024,12,桃園市,古華花園飯店,255.0,7074,89.48766603415599,2816.1323155216,19921320,9789498,31855436,172,11295,1166,12461,5148,752,293,927,554,0.41312896236257124,0.5868710376374288,0.9064280555332638,2520.0910815939137,3.0,三星級,1
2024,12,桃園市,名人堂花園大飯店,128.0,1894,47.73185483871,5567.3262935586,10544516,13124005,27614690,197,4107,1250,5357,4784,20,11,99,32,0.8930371476572708,0.10696285234272918,0.7666604442785141,2657.3881048387248,,無星等/未評鑑,0
2024,12,桃園市,和逸飯店桃園青埔館,218.0,5761,85.247114530926,5587.0079847249,32186753,0,36568898,116,11723,2632,14355,9562,252,245,861,574,0.6661093695576454,0.33389063044235456,0.8166492511320097,4762.763095590416,4.0,四星級,1
2024,12,桃園市,尊爵大飯店,218.0,4098,60.639242379402006,2813.7725719863,11530840,13019305,25495874,115,3736,2981,6717,1366,474,631,262,303,0.20336459729045706,0.7966354027095429,0.556200684829537,1706.2503699319066,3.0,三星級,1
2024,12,桃園市,尊爵天際大飯店,250.0,6318,81.522580645161,2552.8573915796,16128953,3407005,19738933,81,3698,4862,8560,872,297,53,0,0,0.10186915887850467,0.8981308411214953,0.43200934579439254,2081.155225806433,3.0,三星級,1
2024,12,桃園市,桃園喜來登酒店,189.0,4092,69.84126984127,3068.4044477028,12555911,14086898,29080236,142,4645,2409,7054,4161,314,133,154,1042,0.5898780833569606,0.41012191664303943,0.6584916359512334,2143.012630141643,4.0,四星級,1
2024,12,桃園市,桃園國際機場凱悅酒店,516.0,11715,73.237059264816,3604.3837814767,42225356,26927530,74973806,261,12081,1087,13168,3879,1078,336,273,1006,0.29457776427703525,0.7054222357229647,0.917451397326853,2639.7446861715066,,無星等/未評鑑,0
2024,12,桃園市,福容大飯店   桃園,182.0,4261,75.52286423254199,2333.8765547993,9944648,7260328,17628386,66,3563,905,4468,1588,411,308,445,93,0.35541629364368843,0.6445837063563116,0.7974485228290062,1762.6104218362036,3.0,三星級,1
2024,12,桃園市,福容徠旅 林口,149.0,3731,80.775059536696,4015.9699812383,14983584,15134669,31370463,27,5666,2351,8017,4681,201,1239,199,182,0.5838842459772983,0.41611575402270173,0.7067481601596607,3243.9021433210764,,無星等/未評鑑,0
2024,12,澎湖縣,寶華大飯店,74.0,118,5.1438535309503,1137.9491525424,134278,0,138378,16,135,117,252,251,0,0,1,0,0.996031746031746,0.003968253968253954,0.5357142857142857,58.53443766347125,,無星等/未評鑑,0
2024,12,澎湖縣,澎湖福朋喜來登酒店,331.0,2515,24.510281648962,2137.8461232604,5376683,8177283,15077688,200,4768,402,5170,4272,2,0,8,567,0.8263056092843327,0.17369439071566728,0.9222437137330755,523.9921060325394,5.0,五星級,1
2024,12,花蓮縣,瑞穗天合國際觀光酒店,198.0,4328,70.511567285761,8166.185767098,35343252,6747877,46249636,188,5680,4647,10327,9877,0,12,29,58,0.9564249055872954,0.043575094412704574,0.5500145250314709,5758.105571847544,5.0,五星級,1
2024,12,花蓮縣,美侖大飯店,299.0,3300,35.60254612148,2752.9790909091,9084831,6943106,17224046,170,5856,1697,7553,7006,31,13,81,95,0.9275784456507348,0.07242155434926523,0.775321064477691,980.1306505556131,5.0,五星級,1
2024,12,花蓮縣,遠雄悅來大飯店,381.0,4857,41.122682245364004,3628.7854642784,17625011,14805601,37642892,323,10456,1213,11669,11256,31,40,54,85,0.9646070785842832,0.035392921415716816,0.8960493615562601,1492.2539158411632,5.0,五星級,1
2024,12,苗栗縣,馥藝金鬱金香酒店,191.0,4024,67.961492991049,2354.0106858847,9472539,5726829,15750739,100,6595,1953,8548,8191,41,56,59,20,0.9582358446420215,0.041764155357978505,0.7715255030416471,1599.8208072960747,3.0,三星級,1
2024,12,金門縣,陸島酒店,47.0,733,50.308853809197,1452.2510231924,1064500,115600,1181840,13,71,1374,1445,382,0,0,35,0,0.2643598615916955,0.7356401384083044,0.04913494809688582,730.610844200432,,無星等/未評鑑,0
2024,12,高雄市,寒軒國際大飯店,371.0,8717,75.793409268759,2283.2542159,19903127,18429192,38999798,217,8120,5354,13474,9697,1239,433,343,147,0.7196823511948939,0.2803176488051061,0.6026421255751818,1730.5562125032814,5.0,五星級,1
2024,12,高雄市,承攜行旅 高雄六合館,269.0,4385,52.584242714954,2087.041277081,9151676,0,9151676,30,8154,616,8770,8337,43,102,133,24,0.9506271379703535,0.049372862029646525,0.9297605473204105,1097.4548507015486,,無星等/未評鑑,0
2024,12,高雄市,晶英國際行館,147.0,1933,42.418257625631,6731.8111743404,13012591,15429882,32733287,213,3234,429,3663,2646,38,150,256,220,0.7223587223587223,0.27764127764127766,0.8828828828828829,2855.5170068027264,4.0,四星級,1
2024,12,高雄市,漢來大飯店,535.0,11758,70.895387398251,3831.9089981289,45055586,103411203,189884623,795,15622,4904,20526,12720,2120,766,687,1060,0.6197018415667933,0.3802981584332067,0.7610835038487772,2716.6467289719226,5.0,五星級,1
2024,12,高雄市,福容大飯店 高雄,250.0,4667,60.219354838710004,2564.9395757446,11970573,4918347,16904711,81,5553,3108,8661,6921,228,459,211,114,0.7990994111534465,0.20090058884655349,0.6411499826809837,1544.5900645161437,3.0,三星級,1
2024,12,高雄市,義大皇家酒店,656.0,8783,43.189417781275004,3301.8736194922,29000356,18201823,51765734,383,11952,9934,21886,19650,30,1103,339,80,0.8978342319290871,0.10216576807091293,0.546102531298547,1426.0599921321927,4.0,四星級,1
2024,12,高雄市,高雄圓山大飯店,105.0,2557,78.556067588326,2627.7062964411,6719045,15710973,24136564,128,2997,2476,5473,4309,615,127,18,128,0.7873195687922528,0.21268043120774716,0.5475972958158232,2064.2227342549686,5.0,五星級,1
2024,12,高雄市,高雄福華大飯店,271.0,6974,83.013926913463,2589.1105534844,18056457,27359837,49700053,287,10800,1629,12429,6401,2589,688,1172,346,0.5150052297047228,0.48499477029527716,0.8689355539464156,2149.322342578297,5.0,五星級,1
2024,12,高雄市,高雄萬豪酒店,700.0,15226,70.165898617512,4810.4742545646,73244281,91102215,181154143,733,11510,3826,15336,7801,448,544,593,3487,0.5086724047991653,0.4913275952008347,0.7505216484089724,3375.3124884793133,5.0,五星級,1
2024,12,高雄市,麗尊大酒店,188.0,4201,72.083047357584,2143.0,9002743,15683768,25556501,177,6960,1225,8185,5359,847,648,266,274,0.6547342700061087,0.34526572999389127,0.8503359804520464,1544.739704873025,3.0,三星級,1
2025,1,南投縣,日月潭力麗溫德姆溫泉酒店,197.0,3429,56.148681840511,9489.3094196559,32538842,13804239,47878880,194,5982,2862,8844,8381,7,16,53,119,0.9476481230212573,0.05235187697874266,0.6763907734056988,5328.122154904233,5.0,五星級,1
2025,1,南投縣,涵碧樓大飯店,96.0,2503,84.106182795699,17140.718337994,42903218,14182879,64605827,290,3824,1248,5072,4411,113,6,11,273,0.8696766561514195,0.13032334384858046,0.7539432176656151,14416.403897849134,5.0,五星級,1
2025,1,南投縣,漢來日月行館,93.0,988,34.269857787027,28659.604251012,28315689,11202126,40887021,193,1949,195,2144,2060,4,0,7,50,0.960820895522388,0.03917910447761197,0.9090485074626866,9821.605619146556,,無星等/未評鑑,0
2025,1,南投縣,雲品溫泉酒店日月潭,207.0,4698,73.211781206171,15133.058322691,71095108,27990206,108690217,343,10647,2236,12883,11582,42,26,53,656,0.8990142047659706,0.1009857952340294,0.8264379414732593,11079.181549010787,5.0,五星級,1
2025,1,台中市,全國大飯店,178.0,2473,44.816962667633,2924.0266882329,7231118,15182027,24921772,76,4641,269,4910,4123,312,72,58,104,0.8397148676171079,0.1602851323828921,0.945213849287169,1310.4599492569644,5.0,五星級,1
2025,1,台中市,台中港酒店,200.0,3795,61.209677419355,3712.5180500659,14089006,4958698,20552922,107,6188,214,6402,4093,323,248,37,108,0.6393314589190878,0.3606685410809122,0.9665729459543893,2272.420322580666,3.0,三星級,1
2025,1,台中市,台中福華大飯店,155.0,3987,82.976066597294,3765.5369952345,15013196,33885166,52962442,193,8127,569,8696,7282,224,102,36,301,0.8373965041398344,0.16260349586016565,0.9345676172953082,3124.494484911522,5.0,五星級,1
2025,1,台中市,台中金典酒店,222.0,4550,66.114501598373,3784.690989011,17220344,39983109,70331961,253,7585,1924,9509,7432,292,602,154,212,0.7815753496687349,0.21842465033126512,0.7976653696498055,2502.229584423156,5.0,五星級,1
2025,1,台中市,裕元花園酒店,149.0,3508,75.947174713141,5015.4438426454,17594177,48234237,71751167,258,6310,245,6555,5364,149,100,106,184,0.8183066361556064,0.1816933638443936,0.9626239511823036,3809.087897813374,5.0,五星級,1
2025,1,台中市,通豪大飯店,226.0,4278,61.061946902654995,1860.5420757363,7959399,1031849,9423882,55,4058,53,4111,3861,23,40,33,17,0.9391875456093408,0.06081245439065919,0.9871077596691803,1136.0832143876546,3.0,三星級,1
2025,1,台中市,長榮桂冠酒店(台中),354.0,6489,59.130672498633,3211.6665125597,20840504,55457573,83431352,234,5683,806,6489,4938,369,65,54,229,0.7609801202034212,0.2390198797965788,0.8757897981198952,1899.080007289944,5.0,五星級,1
2025,1,台中市,龍谷大飯店,189.0,1181,20.15702338283,2852.0135478408,3368228,1164981,5097353,36,2162,972,3134,3105,0,4,5,10,0.9907466496490108,0.009253350350989176,0.6898532227185705,574.8810377197495,,無星等/未評鑑,0
2025,1,台北市,JR東日本大飯店台北,288.0,7396,82.84050179211499,6034.5321795565,44631400,40858668,91430067,273,12114,2006,14120,5095,3718,1286,981,1186,0.36083569405099153,0.6391643059490084,0.8579320113314448,4999.0367383512585,4.0,四星級,1
2025,1,台北市,三德大飯店,287.0,3132,35.202877374396,2044.3109833972,6402782,2388359,10510905,75,5110,546,5656,2216,1149,352,702,170,0.3917963224893918,0.6082036775106082,0.9034653465346535,719.6562886366254,3.0,三星級,1
2025,1,台北市,亞都麗緻大飯店,219.0,2688,39.593460008838,4580.8783482143,12313401,24941133,41306255,201,4792,0,4792,1772,1194,194,226,233,0.36978297161936563,0.6302170283806343,1.0,1813.7282368537476,4.0,四星級,1
2025,1,台北市,兄弟大飯店,250.0,4389,56.632258064515995,3852.8352699932,16910094,75258775,99573252,450,4312,2413,6725,3642,960,153,230,589,0.5415613382899628,0.4584386617100372,0.641189591078067,2181.9476129032405,4.0,四星級,1
2025,1,台北市,北投老爺酒店,50.0,1201,77.48387096774199,8328.7268942548,10002801,5527059,18692039,64,2553,114,2667,2159,0,36,258,78,0.8095238095238095,0.19047619047619047,0.9572553430821147,6453.420000000014,4.0,四星級,1
2025,1,台北市,北投麗禧溫泉酒店,66.0,1552,75.85532746823101,17744.228092784,27539042,14982388,52781043,157,2965,134,3099,2183,79,163,264,199,0.7044207808970636,0.2955792191029364,0.9567602452404002,13459.942326491144,4.0,四星級,1
2025,1,台北市,台北W飯店,405.0,8176,65.121465551573,9505.2442514677,77714877,66732902,162159577,415,13456,104,13560,2750,932,350,1223,4340,0.2028023598820059,0.7971976401179941,0.9923303834808259,6189.954360812411,5.0,五星級,1
2025,1,台北市,台北中山雅樂軒酒店,88.0,2165,79.362170087977,4695.6942263279,10166178,836613,12163029,42,3492,0,3492,523,495,167,299,1025,0.1497709049255441,0.8502290950744559,1.0,3726.6048387096635,,無星等/未評鑑,0
2025,1,台北市,台北凱撒大飯店,478.0,12199,82.325550006749,3586.3092056726,43749386,33859966,80214187,143,21712,3468,25180,7135,7439,4088,2381,667,0.28335980937251787,0.7166401906274822,0.8622716441620334,2952.448778512639,4.0,四星級,1
2025,1,台北市,台北君品大酒店,286.0,5695,64.23415294383,5185.4388059701,29531074,60391860,97831445,336,11102,297,11399,2406,2327,1626,945,1125,0.21107114659180629,0.7889288534081937,0.973945082902009,3330.8226934355457,5.0,五星級,1
2025,1,台北市,台北君悅酒店,850.0,19186,72.812144212524,5843.3737621182,112110969,150797125,295867663,550,26601,7719,34320,10401,1523,3935,1010,12204,0.30305944055944056,0.6969405594405594,0.7750874125874125,4254.685730550294,5.0,五星級,1
2025,1,台北市,台北寒舍喜來登大飯店,688.0,14555,68.243623405851,5540.960013741,80648673,186564502,294764486,793,19817,4335,24152,6727,4049,1107,1183,6128,0.2785276581649553,0.7214723418350447,0.8205117588605498,3781.3518848461977,5.0,五星級,1
2025,1,台北市,台北寒舍艾美酒店,160.0,4170,84.072580645161,9322.3206235012,38874077,108954264,162488432,338,6442,46,6488,2125,196,59,654,1612,0.3275277435265105,0.6724722564734895,0.9929099876695437,7837.515524193523,5.0,五星級,1
2025,1,台北市,台北漢來大飯店,424.0,5269,40.086731588558,5825.1408236857,30692667,122236355,181336025,401,8812,1009,9821,7869,294,182,310,468,0.8012422360248447,0.19875776397515532,0.8972609713878423,2335.1085666464032,5.0,五星級,1
2025,1,台北市,台北美福大飯店,146.0,2793,61.71011931065,7186.4343000358,20071711,118953421,150902453,339,5439,454,5893,3323,398,571,194,471,0.5638893602579331,0.4361106397420669,0.9229594434074325,4434.757180733568,6.0,卓越五星,1
2025,1,台北市,台北艾麗酒店,235.0,5731,78.668496911462,5948.7803175711,34092460,29473227,70244354,180,8038,599,8637,2450,202,509,798,1346,0.2836633090193354,0.7163366909806645,0.930647215468334,4679.8160603980805,5.0,五星級,1
2025,1,台北市,台北花園大酒店,241.0,6208,83.094632579307,2772.2007087629,17209822,37446162,64766288,155,12829,939,13768,1486,698,7882,1022,853,0.107931435212086,0.892068564787914,0.9317983730389309,2303.5499933074766,4.0,四星級,1
2025,1,台北市,台北萬豪酒店,318.0,8579,87.025765875431,6291.4527334188,53974373,123403952,210993503,534,9641,2578,12219,3595,394,1902,471,3309,0.2942139291267698,0.7057860708732302,0.7890171045093707,5475.184925948449,5.0,五星級,1
2025,1,台北市,台北遠東香格里拉,420.0,9882,75.89861751152101,6477.8443634892,64014058,95701404,180640969,474,13700,2610,16310,3776,1080,776,985,5267,0.23151440833844267,0.7684855916615574,0.8399754751686083,4916.594316436291,5.0,五星級,1
2025,1,台北市,國王大飯店,97.0,1462,48.619886930496,1864.7735978112,2726299,581022,3321871,47,438,1024,1462,215,1215,6,4,0,0.14705882352941177,0.8529411764705882,0.29958960328317374,906.6508147655477,3.0,三星級,1
2025,1,台北市,國聯大飯店,230.0,3143,44.081346423562,2815.6487432389,8849584,5663092,16013111,109,4460,1147,5607,1847,703,473,85,54,0.32940966648831815,0.6705903335116818,0.795434278580346,1241.1758765778093,4.0,四星級,1
2025,1,台北市,圓山大飯店,473.0,10174,69.385528200232,4432.9320817771,45100651,104355031,169938621,571,14757,5923,20680,10631,3816,695,593,1769,0.5140715667311412,0.4859284332688588,0.7135880077369439,3075.813339698582,5.0,五星級,1
2025,1,台北市,天成大飯店,225.0,5972,85.620071684588,3890.6800066979,23235141,70503083,101010884,271,12748,166,12914,2341,3324,3421,794,887,0.18127613442775284,0.8187238655722472,0.987145733312684,3331.203010752675,4.0,四星級,1
2025,1,台北市,日勝生加賀屋國際溫泉飯店,89.0,1518,55.019934758971004,14739.081027668,22373925,13143905,47968069,126,2986,562,3548,2771,209,30,287,93,0.7810033821871477,0.2189966178128523,0.8416009019165727,8109.432765494807,,無星等/未評鑑,0
2025,1,台北市,晶華酒店,538.0,12870,77.167526082264,6608.3911421911,85049994,278498508,396446821,994,22804,2295,25099,10601,4712,2566,830,2742,0.42236742499701185,0.5776325750029881,0.9085620941073349,5099.531958268341,5.0,五星級,1
2025,1,台北市,歐華酒店,112.0,967,27.851382488478997,3957.2192347466,3826631,8464635,13440816,102,1455,329,1784,438,613,29,40,172,0.24551569506726456,0.7544843049327354,0.8155829596412556,1102.140264976937,4.0,四星級,1
2025,1,台北市,漢普頓酒店,121.0,2946,78.539056251666,2779.4833672777,8188358,7494760,18890764,65,4235,1857,6092,2395,841,1687,137,246,0.3931385423506238,0.6068614576493763,0.6951739986868024,2182.9800053319327,,無星等/未評鑑,0
2025,1,台北市,福容大飯店  台北一館,120.0,2366,63.602150537633996,3243.9294167371,7675137,15675089,24995559,74,2961,1623,4584,2438,93,265,89,536,0.5318499127399651,0.46815008726003493,0.6459424083769634,2063.2088709677228,4.0,四星級,1
2025,1,台北市,福華大飯店,606.0,11475,61.082721175343,4531.8774727669,52003294,90427526,161400776,462,21206,1841,23047,9470,2104,2570,751,3872,0.41089946630797936,0.5891005336920206,0.9201197552826832,2768.1940806983866,5.0,五星級,1
2025,1,台北市,第一大飯店,176.0,1513,27.730938416422003,1908.021150033,2886836,2592869,28130956,38,440,2202,2642,638,1105,16,67,59,0.24148372445117336,0.7585162755488266,0.16654049962149886,529.112170087958,4.0,四星級,1
2025,1,台北市,美麗信花園酒店,203.0,5986,95.12156364214201,2551.5115268961,15273348,8229051,33175211,118,12167,766,12933,3628,2892,2266,829,903,0.280522693883863,0.719477306116137,0.940771669372922,2427.037660893063,,無星等/未評鑑,0
2025,1,台北市,義華酒店,149.0,2170,46.979865771812,3927.0,8521590,227947,9823528,18,3216,221,3437,1430,185,260,194,650,0.4160605178935118,0.5839394821064883,0.93569973814373,1844.8993288590573,,無星等/未評鑑,0
2025,1,台北市,老爺大酒店,202.0,5081,81.140210795273,5049.4432198386,25656221,60226103,93129846,224,8335,285,8620,2543,4314,191,406,296,0.29501160092807427,0.7049883990719257,0.9669373549883991,4097.128872564661,5.0,五星級,1
2025,1,台北市,豪景大酒店,209.0,3789,58.48124710603499,2171.6194246503,8228266,146370,8824558,37,7424,1421,8845,2019,679,2597,575,210,0.22826455624646694,0.7717354437535331,0.839344262295082,1269.9901219323974,3.0,三星級,1
2025,1,台北市,雀客旅館台北南京,56.0,1452,83.640552995392,1515.629476584,2200694,0,2200694,19,1961,68,2029,2025,2,0,1,0,0.9980285855101035,0.0019714144898964614,0.9664859536717595,1267.680875576023,,無星等/未評鑑,0
2025,1,台北市,雀客藏居台北陽明山,50.0,1168,75.354838709677,3456.3895547945,4037063,2845534,8029712,27,2396,0,2396,2013,48,32,182,32,0.8401502504173622,0.15984974958263776,1.0,2604.5567741935183,3.0,三星級,1
2025,1,台南市,台南大員皇冠假日酒店,230.0,4788,67.152875175316,5394.2669172932,25827750,32503100,64319776,238,9322,2159,11481,10471,76,85,66,319,0.9120285689399878,0.08797143106001215,0.8119501785558749,3622.4053295932686,5.0,五星級,1
2025,1,台南市,台南大飯店,152.0,2709,57.491511035654,2938.6256921373,7960737,22821017,32036020,112,4992,148,5140,3509,588,182,209,139,0.6826848249027238,0.31731517509727625,0.9712062256809338,1689.4603140916797,3.0,三星級,1
2025,1,台南市,台南遠東香格里拉,331.0,7339,71.523243348602,5095.3172094291,37394533,43171616,90698793,370,12158,1422,13580,8541,760,624,275,1180,0.628939617083947,0.37106038291605303,0.8952871870397644,3644.336127083172,5.0,五星級,1
2025,1,台南市,台糖長榮酒店(台南),197.0,3239,53.037497953168,4006.6835443038,12977648,32045298,47419342,156,6138,743,6881,6407,70,116,28,55,0.9311146635663421,0.0688853364336579,0.8920215085016713,2125.044702800047,5.0,五星級,1
2025,1,台南市,趣淘漫旅,159.0,2529,51.308581862447,3866.5282720443,9778450,2073465,12951832,95,4846,2412,7258,7254,0,0,0,0,0.9994488839900799,0.0005511160099200829,0.6676770460181868,1983.8608236965072,3.0,三星級,1
2025,1,台南市,遠百企業觀光旅館,40.0,80,6.451612903225799,520.0,41600,0,41600,25,80,0,80,80,0,0,0,0,1.0,0.0,1.0,33.54838709677416,,無星等/未評鑑,0
2025,1,台東縣,台東桂田喜來登酒店,290.0,3351,37.274749721913,4857.0575947478,16276000,19025423,36824972,170,7004,1483,8487,8129,30,4,16,133,0.9578178390479557,0.0421821609520443,0.8252621656651349,1810.4560622914098,5.0,五星級,1
2025,1,台東縣,娜路彎大酒店,292.0,4092,45.205479452054995,7501.0906647116,30694463,16447572,51187719,191,14540,961,15501,15370,4,8,16,78,0.9915489323269466,0.00845106767305337,0.9380039997419521,3390.9039991162176,5.0,五星級,1
2025,1,台東縣,樂樂日暉溫泉酒店,48.0,592,39.784946236559,2508.0371621622,1484758,0,1484758,9,1186,0,1186,1186,0,0,0,0,1.0,0.0,1.0,997.8212365591513,,無星等/未評鑑,0
2025,1,台東縣,知本老爺大酒店,182.0,3325,58.93300248139,6356.2727819549,21134607,10299106,34910015,190,7260,443,7703,7449,7,0,16,127,0.967025834090614,0.032974165909385955,0.9424899389848111,3745.9423963133986,5.0,五星級,1
2025,1,嘉義市,耐斯王子大飯店,245.0,2789,36.721527320606,3924.5998565794,10945709,17663331,31263606,106,5352,3031,8383,8076,28,22,32,0,0.9633782655373971,0.03662173446260286,0.6384349278301324,1441.1730085582683,5.0,五星級,1
2025,1,嘉義市,鈺通大飯店,120.0,1592,42.795698924731,2426.7757537688,3863427,9852752,13788318,66,1719,1342,3061,2954,17,60,6,0,0.9650441032342372,0.03495589676576283,0.5615811826200588,1038.555645161267,3.0,三星級,1
2025,1,嘉義縣,名都觀光渡假大飯店,97.0,250,8.313934153641501,3881.736,970434,1314119,2348823,41,640,153,793,793,0,0,0,0,1.0,0.0,0.807061790668348,322.72497505819746,3.0,三星級,1
2025,1,嘉義縣,阿里山賓館(歷史館),35.0,276,25.437788018433,13471.942028986,3718256,0,3718256,11,534,229,763,678,1,6,5,0,0.8885976408912188,0.11140235910878116,0.6998689384010485,3426.9640552996407,4.0,四星級,1
2025,1,嘉義縣,阿里山賓館(現代館),104.0,1346,41.749379652605,13487.251114413,18153840,6928440,25528253,113,2608,1117,3725,3310,6,28,24,0,0.8885906040268456,0.11140939597315436,0.7001342281879195,5630.843672456483,4.0,四星級,1
2025,1,基隆市,長榮桂冠酒店(基隆),140.0,2813,64.815668202765,4225.5694987558,11886527,8186118,23656281,93,4619,1179,5798,5389,26,25,0,144,0.9294584339427389,0.07054156605726114,0.7966540186271128,2738.831105990799,5.0,五星級,1
2025,1,宜蘭縣,凱渡廣場酒店,285.0,3044,34.453876627051,7025.6406044678,21386050,20867404,45072424,156,4181,3656,7837,7808,0,0,2,3,0.9962996044404747,0.0037003955595252824,0.5334949598060482,2420.605546123336,,無星等/未評鑑,0
2025,1,宜蘭縣,山泉大飯店,146.0,2200,48.608042421564,2330.475,5127045,1592904,6757841,41,2988,1712,4700,4196,0,128,252,0,0.8927659574468085,0.10723404255319147,0.6357446808510638,1132.7982766239436,3.0,三星級,1
2025,1,宜蘭縣,幼獅大飯店,53.0,381,23.18928788801,1279.5275590551,487500,0,516950,8,436,0,436,436,0,0,0,0,1.0,0.0,1.0,296.71332927571433,3.0,三星級,1
2025,1,宜蘭縣,悅川酒店,103.0,1937,60.663952395866005,6391.4403717088,12380220,8753348,21133568,93,3956,1614,5570,5465,5,0,38,16,0.981149012567325,0.018850987432674993,0.7102333931777379,3877.300344503588,4.0,四星級,1
2025,1,宜蘭縣,礁溪老爺酒店,197.0,5139,84.149336826592,11351.86923526,58337256,34317845,107025230,309,11140,2222,13362,13017,21,27,104,141,0.9741805118994162,0.025819488100583765,0.833707528813052,9552.52267889321,5.0,五星級,1
2025,1,宜蘭縣,礁溪麒麟酒店,167.0,4239,81.881398493336,3832.5359754659,16246120,0,16246120,52,5286,38,5324,5324,0,0,0,0,1.0,0.0,0.992862509391435,3138.134054471695,,無星等/未評鑑,0
2025,1,宜蘭縣,綠舞國際觀光飯店,113.0,1738,49.614616043391,6659.5235903337,11574252,7009773,23275974,280,3169,2112,5281,5257,0,0,0,0,0.9954554061730733,0.004544593826926735,0.6000757432304488,3304.0970596631123,4.0,四星級,1
2025,1,宜蘭縣,蘭城晶英酒店,193.0,4286,71.636302858098,12108.456836211,51896846,56629569,120845523,339,14692,793,15485,15070,31,0,53,95,0.9731998708427511,0.026800129157248942,0.9487891507910882,8674.050810630184,5.0,五星級,1
2025,1,宜蘭縣,長榮鳳凰酒店(礁溪),231.0,4655,65.004887585533,7672.0599355532,35713439,29778712,71613119,247,9686,2786,12472,11943,18,20,75,58,0.9575849903784477,0.04241500962155231,0.7766196279666453,4987.213936601073,5.0,五星級,1
2025,1,屏東縣,凱撒大飯店,281.0,4407,50.591206520491006,7167.2303154073,31585984,7982198,41759858,216,10889,849,11738,11073,39,278,20,97,0.9433463963196456,0.056653603680354436,0.927670812744931,3625.988290666946,5.0,五星級,1
2025,1,屏東縣,墾丁怡灣渡假酒店,234.0,2404,33.140336366142996,3678.9995840266,8844315,3164749,12855247,84,5500,1456,6956,6935,0,2,0,0,0.9969810235767682,0.0030189764232317895,0.7906843013225991,1219.232837055417,3.0,三星級,1
2025,1,屏東縣,墾丁福華渡假飯店,458.0,4481,31.560783208902997,4585.7705869226,20548838,7627238,29007322,247,8084,5073,13157,12739,64,106,0,71,0.9682298396290948,0.03177016037090519,0.6144257809531048,1447.3051133962806,5.0,五星級,1
2025,1,新北市,八里福朋喜來登酒店,241.0,3528,47.22259403025,4561.4903628118,16092938,25449683,41837810,149,4637,4112,8749,8148,95,29,25,299,0.9313064350211453,0.0686935649788547,0.5300034289633101,2154.054075759594,3.0,三星級,1
2025,1,新北市,大板根渡假酒店,95.0,2439,82.818336162988,7985.0,19475415,22486960,63776130,227,4551,2766,7317,7137,9,18,30,36,0.97539975399754,0.024600246002460024,0.6219762197621976,6613.044142614593,4.0,四星級,1
2025,1,新北市,板橋凱撒大飯店,400.0,10389,83.782258064516,4069.6852440081,42279960,23063572,65419769,145,19466,2014,21480,11958,923,3239,1541,516,0.5567039106145252,0.4432960893854748,0.9062383612662942,3409.674193548394,5.0,五星級,1
2025,1,新北市,瓏山林台北中和飯店,126.0,2022,51.766513056836004,2732.3862512364,5524885,7000531,13610914,78,748,3498,4246,2640,91,351,227,110,0.6217616580310881,0.37823834196891193,0.17616580310880828,1414.4610855094827,3.0,三星級,1
2025,1,新北市,碧特弗大飯店,55.0,175,10.263929618768,3011.8171428571,527068,511336,1038404,16,129,160,289,275,0,0,2,4,0.9515570934256056,0.04844290657439443,0.4463667820069204,309.130791788842,,無星等/未評鑑,0
2025,1,新北市,福容大飯店    淡水漁人碼頭,198.0,2866,46.692733789508,7942.9235868807,22764419,18239267,43484856,145,4858,2295,7153,6752,17,24,29,72,0.943939605759821,0.056060394240178946,0.67915559904935,3708.768165526245,4.0,四星級,1
2025,1,新北市,福容大飯店 福隆,174.0,1142,21.171672228402,6444.6602451839,7359802,4473444,12885576,105,2183,813,2996,2970,0,0,0,14,0.9913217623497997,0.00867823765020026,0.7286381842456608,1364.442343344464,3.0,三星級,1
2025,1,新北市,美麗春天大飯店,34.0,24,2.2770398481973,2994.7083333333,71873,0,71873,5,48,0,48,48,0,0,0,0,1.0,0.0,1.0,68.19070208728448,,無星等/未評鑑,0
2025,1,新竹市,新竹國賓大飯店,257.0,4985,62.570603740429,3985.481444333,19867625,59362658,88345188,270,6786,1190,7976,5058,322,352,36,575,0.6341524573721163,0.36584754262788366,0.850802407221665,2493.739801681928,4.0,四星級,1
2025,1,新竹市,新竹老爺大酒店,208.0,4613,71.541563275434,3446.5649252114,15899004,26156423,43529065,165,6510,1047,7557,5410,807,145,2,478,0.7158925499536853,0.28410745004631466,0.8614529575228265,2465.726426799028,4.0,四星級,1
2025,1,新竹縣,新竹喜來登大飯店,386.0,8149,68.101286979776,4131.9129954596,33670959,71300191,117476189,272,9816,995,10811,4981,176,329,18,2721,0.4607344371473499,0.5392655628526501,0.907964110628064,2813.8859267926014,4.0,四星級,1
2025,1,新竹縣,豐邑喜來登大飯店,384.0,5432,45.631720430108004,4132.4201030928,22447306,3855358,28765004,101,6542,664,7206,3320,118,219,12,1814,0.4607271718012767,0.5392728281987234,0.9078545656397446,1885.6943884408872,4.0,四星級,1
2025,1,桃園市,南方莊園渡假飯店,111.0,1636,47.54431851206,6982.7151589242,11423722,27827716,43366883,113,2286,1003,3289,3263,10,0,6,4,0.9920948616600791,0.007905138339920903,0.6950440863484342,3319.8843359488183,4.0,四星級,1
2025,1,桃園市,古華花園飯店,255.0,6595,83.428209993675,2850.206520091,18797112,16193039,37150935,167,11671,106,11777,7455,493,315,484,586,0.6330135008915683,0.36698649910843173,0.9909994056211259,2377.876280834936,3.0,三星級,1
2025,1,桃園市,名人堂花園大飯店,128.0,1903,47.958669354839,7415.9994745139,14112647,23327188,42461260,187,727,4619,5346,5195,10,0,30,17,0.9717545828656939,0.02824541713430606,0.13598952487841376,3556.6146673387198,,無星等/未評鑑,0
2025,1,桃園市,和逸飯店桃園青埔館,218.0,5278,78.100029594555,6182.8933308071,32633311,0,37923470,116,11352,2077,13429,10998,243,139,183,491,0.818973862536302,0.181026137463698,0.8453347233598928,4828.841521160112,4.0,四星級,1
2025,1,桃園市,尊爵大飯店,218.0,4198,62.118970109500005,2778.1083849452,11662499,25985752,39814665,111,4783,2389,7172,2322,350,839,91,203,0.3237590630228667,0.6762409369771333,0.6668990518683771,1725.732317253622,3.0,三星級,1
2025,1,桃園市,尊爵天際大飯店,250.0,6420,82.838709677419,2690.4012461059,17272376,7518778,25121745,84,4039,3766,7805,1283,182,22,0,480,0.1643818065342729,0.8356181934657271,0.5174887892376682,2228.6936774193296,3.0,三星級,1
2025,1,桃園市,桃園喜來登酒店,189.0,3200,54.61682881037701,3644.270625,11661666,24974337,39241174,139,4849,599,5448,3095,267,83,58,1142,0.5680983847283406,0.4319016152716594,0.8900513950073421,1990.3850486431065,4.0,四星級,1
2025,1,桃園市,桃園國際機場凱悅酒店,476.0,7502,50.840336134454,3232.1051719541,24247253,25351727,53730463,258,11214,1240,12454,4142,533,160,189,1367,0.3325839087843263,0.6674160912156737,0.9004335956319255,1643.213133640537,,無星等/未評鑑,0
2025,1,桃園市,福容大飯店   桃園,182.0,3967,70.31194611839801,2414.3871943534,9577874,11798658,24009366,61,3486,270,3756,1369,252,245,322,82,0.3644834930777423,0.6355165069222577,0.9281150159744409,1697.6026231832643,3.0,三星級,1
2025,1,桃園市,福容徠旅 林口,149.0,3004,65.03572201775299,2882.0193075899,8657586,0,8673561,25,5428,609,6037,4170,270,512,75,91,0.6907404339903925,0.30925956600960747,0.8991220805035613,1874.3420653821368,,無星等/未評鑑,0
2025,1,澎湖縣,寶華大飯店,74.0,97,4.2284219703575,1208.7216494845,117246,0,119946,16,103,102,205,205,0,0,0,0,1.0,0.0,0.5024390243902439,51.10985178727017,,無星等/未評鑑,0
2025,1,澎湖縣,澎湖福朋喜來登酒店,331.0,2855,27.823798850015002,2399.0420315236,6849265,14109901,23200240,203,5535,770,6305,5555,7,2,5,604,0.8810467882632831,0.11895321173671691,0.8778747026169706,667.5046291784399,5.0,五星級,1
2025,1,花蓮縣,瑞穗天合國際觀光酒店,198.0,3644,59.367872271098,12116.132546652,44151187,6632683,52316232,189,8732,1951,10683,10489,18,2,13,13,0.9818403070298605,0.01815969297013953,0.8173733969858654,7193.090094493292,5.0,五星級,1
2025,1,花蓮縣,美侖大飯店,299.0,2343,25.277807746251003,3821.8015364917,8954481,10206347,20175413,176,5495,865,6360,6185,2,12,39,51,0.9724842767295597,0.027515723270440273,0.8639937106918238,966.0676448376388,5.0,五星級,1
2025,1,花蓮縣,遠雄悅來大飯店,381.0,4155,35.179070358141004,5810.8972322503,24144278,21602599,52192243,327,8911,1749,10660,10425,29,5,6,72,0.9779549718574109,0.02204502814258913,0.8359287054409006,2044.2196257726014,5.0,五星級,1
2025,1,苗栗縣,馥藝金鬱金香酒店,191.0,3782,63.874345549737995,3297.4103648863,12470806,8415487,21480788,102,7410,1014,8424,8148,27,18,12,18,0.9672364672364673,0.03276353276353272,0.8796296296296297,2106.199290660352,3.0,三星級,1
2025,1,金門縣,陸島酒店,47.0,509,34.93479752917,1552.3850687623,790164,84400,876964,14,101,954,1055,220,0,0,12,0,0.20853080568720378,0.7914691943127963,0.09573459715639811,542.322580645176,,無星等/未評鑑,0
2025,1,高雄市,寒軒國際大飯店,371.0,7147,62.142422398052,3037.4848188051,21708904,32211240,55200703,215,8539,3526,12065,9772,717,331,151,133,0.8099461251554082,0.1900538748445918,0.7077496891835889,1887.5666463785697,5.0,五星級,1
2025,1,高雄市,承攜行旅 高雄六合館,269.0,3591,43.062717352201005,2717.3940406572,9758162,0,9758162,31,8893,84,8977,8824,9,16,28,19,0.9829564442464075,0.01704355575359251,0.99064275370391,1170.1837150737642,,無星等/未評鑑,0
2025,1,高雄市,晶英國際行館,147.0,1664,36.515251261795,7269.3100961538,12096132,14731422,31360238,211,3265,108,3373,2692,54,118,135,120,0.7981025793062556,0.2018974206937444,0.9679810257930626,2654.406846609592,4.0,四星級,1
2025,1,高雄市,漢來大飯店,535.0,9563,57.66053662948401,4697.8177350204,44925231,112233271,224365760,795,13989,3184,17173,12115,1165,1137,263,509,0.7054678856344261,0.2945321143655739,0.8145926745472544,2708.7869158878334,5.0,五星級,1
2025,1,高雄市,福容大飯店 高雄,250.0,4540,58.58064516129,3562.8744493392,16175450,8501372,24680172,2,6813,2998,9811,8491,132,700,134,75,0.8654571399449598,0.13454286005504024,0.6944246254204465,2087.154838709662,3.0,三星級,1
2025,1,高雄市,義大皇家酒店,656.0,9695,47.674075531077996,3867.7157297576,37497504,34546932,77241330,379,14196,10580,24776,22803,16,1467,81,53,0.9203664836938973,0.07963351630610271,0.5729738456570875,1843.8977183320228,4.0,四星級,1
2025,1,高雄市,高雄圓山大飯店,105.0,1937,59.50844854070701,3959.6701084151,7669881,26724853,37042895,127,3531,1046,4577,3892,426,38,12,63,0.850338649770592,0.14966135022940796,0.7714660257810793,2356.3382488479574,5.0,五星級,1
2025,1,高雄市,高雄福華大飯店,271.0,6188,73.65789786930101,3228.9785067873,19980919,45743199,69847807,298,10126,1407,11533,6087,1908,1311,1119,227,0.5277898205150438,0.47221017948495625,0.8780022544004162,2378.39769075107,5.0,五星級,1
2025,1,高雄市,高雄萬豪酒店,700.0,15226,70.165898617512,5600.2661894128,85269653,135059082,241584075,746,12079,2574,14653,8704,371,387,306,2960,0.5940080529584385,0.4059919470415615,0.824336313382925,3929.4770967741874,5.0,五星級,1
2025,1,高雄市,麗尊大酒店,188.0,3651,62.645847632121,2575.0,9401325,26568286,37051624,189,7024,589,7613,5875,407,584,242,126,0.7717062918691712,0.22829370813082883,0.9226323394194141,1613.1305765271159,3.0,三星級,1
2025,2,南投縣,日月潭力麗溫德姆溫泉酒店,197.0,2689,48.75,7957.0,21395796,8532474,31136621,191,4675,2035,6710,6434,0,0,39,88,0.9588673621460506,0.04113263785394938,0.6967213114754098,3879.0375,5.0,五星級,1
2025,2,南投縣,涵碧樓大飯店,96.0,1921,71.47,15765.0,30285072,4079287,37947670,290,3122,630,3752,3167,36,2,24,291,0.8440831556503199,0.15591684434968012,0.832089552238806,11267.2455,5.0,五星級,1
2025,2,南投縣,漢來日月行館,93.0,786,30.18,29327.0,23051197,9029409,32719745,203,1552,129,1681,1620,0,0,20,18,0.9637120761451516,0.03628792385484836,0.9232599643069601,8850.8886,,無星等/未評鑑,0
2025,2,南投縣,雲品溫泉酒店日月潭,207.0,3926,67.74,11528.0,45258869,18522224,70316527,341,7707,2358,10065,8758,69,24,82,641,0.8701440635866865,0.1298559364133135,0.7657228017883756,7809.0671999999995,5.0,五星級,1
2025,2,台中市,全國大飯店,178.0,2182,43.78,2415.0,5270574,5238616,12521640,73,3591,467,4058,2962,336,117,230,121,0.7299162148841793,0.27008378511582065,0.8849186791522917,1057.287,5.0,五星級,1
2025,2,台中市,台中港酒店,200.0,4083,72.91,3223.0,13159527,2487504,16660795,106,5433,640,6073,3312,249,163,84,102,0.5453647291289313,0.4546352708710687,0.8946155112794335,2349.8893,3.0,三星級,1
2025,2,台中市,台中福華大飯店,155.0,3807,87.72,2919.0,11113234,15390288,29189488,190,6719,1246,7965,5580,446,108,37,302,0.7005649717514124,0.2994350282485876,0.8435655994978029,2560.5468,5.0,五星級,1
2025,2,台中市,台中金典酒店,222.0,4243,68.26,2850.0,12092628,17459386,37617545,254,5498,2688,8186,6085,463,479,106,117,0.7433422917175666,0.2566577082824334,0.6716344979232837,1945.4100000000003,5.0,五星級,1
2025,2,台中市,裕元花園酒店,149.0,3398,81.45,4087.0,13886786,27008897,44031134,263,5385,325,5710,4144,278,180,77,188,0.7257443082311734,0.2742556917688266,0.9430823117338003,3328.8615000000004,5.0,五星級,1
2025,2,台中市,通豪大飯店,226.0,3286,51.93,1819.0,5975874,1377644,7824905,58,3458,48,3506,3289,14,29,19,23,0.9381061038220194,0.06189389617798058,0.9863091842555619,944.6066999999999,3.0,三星級,1
2025,2,台中市,長榮桂冠酒店(台中),354.0,4828,48.71,2530.0,12215403,31461499,47828149,231,3918,910,4828,3407,426,104,36,271,0.7056752278376139,0.29432477216238606,0.8115161557580779,1232.363,5.0,五星級,1
2025,2,台中市,龍谷大飯店,189.0,1011,19.1,2450.0,2476599,802095,3679161,36,1616,1020,2636,2609,3,2,8,2,0.9897572078907435,0.010242792109256493,0.6130500758725341,467.95,,無星等/未評鑑,0
2025,2,台北市,JR東日本大飯店台北,288.0,6543,81.14,5506.0,36024282,27915007,68974803,274,9853,1850,11703,2451,4969,818,774,940,0.20943347859523198,0.790566521404768,0.841920874989319,4467.5684,4.0,四星級,1
2025,2,台北市,三德大飯店,287.0,3555,44.24,2058.0,7316890,2216774,12459776,85,4288,1405,5693,1659,1969,233,609,84,0.29141050412787634,0.7085894958721237,0.7532056911997189,910.4592,3.0,三星級,1
2025,2,台北市,亞都麗緻大飯店,219.0,3294,53.72,4137.0,13626433,13770103,30584013,195,5494,0,5494,1270,1981,283,248,290,0.23116126683654897,0.768838733163451,1.0,2222.3963999999996,4.0,四星級,1
2025,2,台北市,兄弟大飯店,250.0,3956,56.50999999999999,3682.0,14565841,48263968,67699021,450,3053,2000,5053,2433,1193,129,197,380,0.48149614090639226,0.5185038590936077,0.6041955274094597,2080.6982,4.0,四星級,1
2025,2,台北市,北投老爺酒店,50.0,992,70.86,7304.0,7245325,3400993,12843620,61,2249,0,2249,1732,42,20,262,58,0.7701200533570476,0.22987994664295242,1.0,5175.6144,4.0,四星級,1
2025,2,台北市,北投麗禧溫泉酒店,66.0,1270,68.72,16923.0,21492178,9196364,39535020,150,2560,58,2618,1472,41,168,326,235,0.5622612681436211,0.4377387318563789,0.9778456837280367,11629.4856,4.0,四星級,1
2025,2,台北市,台北W飯店,405.0,8348,73.62,9824.0,82013941,39599026,137788755,411,11862,469,12331,2277,584,259,1141,4054,0.18465655664585193,0.8153434433541481,0.9619657773092206,7232.4288,5.0,五星級,1
2025,2,台北市,台北中山雅樂軒酒店,88.0,2028,82.31,4797.0,9727630,480610,11285383,40,3095,0,3095,485,474,92,234,842,0.1567043618739903,0.8432956381260097,1.0,3948.4107,,無星等/未評鑑,0
2025,2,台北市,台北凱撒大飯店,478.0,11543,86.24,3383.0,39044883,24066697,65571019,147,15215,6519,21734,5374,7410,3259,2038,790,0.24726235391552406,0.7527376460844759,0.7000552130302752,2917.4991999999997,4.0,四星級,1
2025,2,台北市,台北君品大酒店,286.0,5647,70.52,4930.0,27841013,39491065,72985168,295,10672,304,10976,1498,3234,1269,1019,1569,0.1364795918367347,0.8635204081632653,0.9723032069970845,3476.636,5.0,五星級,1
2025,2,台北市,台北君悅酒店,850.0,18798,78.98,5957.0,111984602,96283053,236258250,544,18068,11567,29635,8944,1559,2834,1035,10439,0.3018052977897756,0.6981947022102244,0.6096844946853383,4704.8386,5.0,五星級,1
2025,2,台北市,台北寒舍喜來登大飯店,688.0,14688,76.25,4830.0,70938373,119804372,212358592,797,14790,8365,23155,3441,5534,1010,775,4948,0.1486072122651695,0.8513927877348305,0.6387389332757504,3682.875,5.0,五星級,1
2025,2,台北市,台北寒舍艾美酒店,160.0,3788,84.55,9710.0,36782195,60947961,108163006,334,5033,226,5259,1209,196,103,666,1411,0.22989161437535655,0.7701083856246435,0.9570260505799582,8209.805,5.0,五星級,1
2025,2,台北市,台北漢來大飯店,424.0,4914,41.39,5030.0,24718310,70447847,112286164,401,7462,1258,8720,7101,164,161,375,273,0.814334862385321,0.18566513761467895,0.8557339449541285,2081.917,5.0,五星級,1
2025,2,台北市,台北美福大飯店,146.0,2453,60.0,7216.0,17701864,67381055,93071463,347,3900,422,4322,2065,284,530,87,730,0.477788061082832,0.522211938917168,0.9023600185099491,4329.6,6.0,卓越五星,1
2025,2,台北市,台北艾麗酒店,235.0,5404,82.13,6074.0,32824842,18101293,56411100,174,6874,623,7497,1536,241,422,830,1245,0.20488195278111246,0.7951180472188876,0.9169000933706816,4988.5761999999995,5.0,五星級,1
2025,2,台北市,台北花園大酒店,241.0,5968,88.44,2631.0,15702409,22209582,46425398,149,12418,737,13155,928,804,7960,1005,235,0.07054351957430635,0.9294564804256936,0.9439756746484227,2326.8563999999997,4.0,四星級,1
2025,2,台北市,台北萬豪酒店,318.0,7535,84.62,6995.0,52705667,73742338,161253283,530,8357,1675,10032,2621,265,1202,421,2635,0.2612639553429027,0.7387360446570973,0.8330342902711324,5919.169,5.0,五星級,1
2025,2,台北市,台北遠東香格里拉,420.0,8245,70.11,6248.0,51518443,47116290,113292636,469,9914,2325,12239,1862,933,532,782,4274,0.15213661246833893,0.847863387531661,0.8100334994689109,4380.4728,5.0,五星級,1
2025,2,台北市,國王大飯店,97.0,1763,64.91,1548.0,2728630,728804,3471542,47,529,1234,1763,119,1619,2,2,4,0.06749858196256381,0.9325014180374362,0.30005672149744755,1004.8068,3.0,三星級,1
2025,2,台北市,國聯大飯店,232.0,2950,45.41,2957.0,8723667,3376638,13591572,126,3513,1516,5029,2199,566,350,22,125,0.43726386955657187,0.5627361304434282,0.6985484191688208,1342.7737,4.0,四星級,1
2025,2,台北市,圓山大飯店,473.0,9809,74.06,3977.0,39012176,55853191,109427193,559,11816,7309,19125,7933,5678,838,527,1467,0.41479738562091506,0.5852026143790849,0.6178300653594772,2945.3662,5.0,五星級,1
2025,2,台北市,天成大飯店,225.0,5502,87.33,3771.0,20748890,37488196,62553243,279,11342,340,11682,1410,4314,2441,772,778,0.120698510529019,0.879301489470981,0.9708953946242082,3293.2143,4.0,四星級,1
2025,2,台北市,日勝生加賀屋國際溫泉飯店,89.0,998,40.05,12812.0,12786097,7599935,28013464,126,2183,107,2290,1587,109,14,291,127,0.6930131004366812,0.3069868995633188,0.9532751091703057,5131.206,,無星等/未評鑑,0
2025,2,台北市,晶華酒店,538.0,12027,79.84,5746.0,69108727,184750086,279188877,999,17539,4248,21787,7206,6211,1995,1724,2120,0.3307476935787396,0.6692523064212603,0.805021343002708,4587.606400000001,5.0,五星級,1
2025,2,台北市,歐華酒店,112.0,1181,37.66,3698.0,4367785,4152349,9356897,103,1468,612,2080,410,708,89,96,157,0.1971153846153846,0.8028846153846154,0.7057692307692308,1392.6668,4.0,四星級,1
2025,2,台北市,漢普頓酒店,121.0,2880,85.01,2345.0,6753142,5347433,14651232,64,3323,2118,5441,1856,1304,1516,77,58,0.3411137658518655,0.6588862341481345,0.6107333210806837,1993.4845,,無星等/未評鑑,0
2025,2,台北市,福容大飯店  台北一館,120.0,1884,56.07,3401.0,6408093,8127606,15360745,69,2782,382,3164,1972,132,153,131,162,0.6232616940581542,0.37673830594184576,0.8792667509481669,1906.9407,4.0,四星級,1
2025,2,台北市,福華大飯店,606.0,10456,61.62,4397.0,45972303,32457366,93006307,467,17771,1144,18915,6617,2951,2271,461,2500,0.34982817869415805,0.650171821305842,0.9395189003436426,2709.4314,5.0,五星級,1
2025,2,台北市,第一大飯店,176.0,2193,44.5,1820.0,3992064,2567457,29191086,39,275,3639,3914,456,2741,17,12,21,0.11650485436893204,0.883495145631068,0.07026060296371998,809.9,4.0,四星級,1
2025,2,台北市,美麗信花園酒店,203.0,5334,93.84,2314.0,12342092,5001104,25806459,115,9820,1410,11230,1922,4174,1938,722,723,0.17114870881567232,0.8288512911843277,0.8744434550311665,2171.4576,,無星等/未評鑑,0
2025,2,台北市,義華酒店,149.0,2551,61.14999999999999,3689.0,9409654,190713,10618501,18,2925,428,3353,883,101,311,160,970,0.2633462570832091,0.736653742916791,0.8723531166119892,2255.8235,,無星等/未評鑑,0
2025,2,台北市,老爺大酒店,202.0,4814,85.11,5128.0,24686146,38961268,69833224,222,7424,468,7892,1173,5396,137,49,269,0.1486315255955398,0.8513684744044602,0.9406994424733908,4364.4408,5.0,五星級,1
2025,2,台北市,豪景大酒店,209.0,3709,63.38,2150.0,7973209,104720,8191748,40,3046,5179,8225,1356,2471,1326,425,203,0.16486322188449848,0.8351367781155015,0.37033434650455926,1362.67,3.0,三星級,1
2025,2,台北市,雀客旅館台北南京,56.0,1254,79.97,2609.0,3271095,0,3271095,19,1348,49,1397,1396,0,0,1,0,0.9992841803865425,0.0007158196134574579,0.964924838940587,2086.4173,,無星等/未評鑑,0
2025,2,台北市,雀客藏居台北陽明山,50.0,1079,77.07,6011.0,6485375,0,6485375,27,2228,11,2239,2186,4,1,29,5,0.9763287181777579,0.023671281822242096,0.9950870924519875,4632.677699999999,3.0,三星級,1
2025,2,台南市,台南大員皇冠假日酒店,230.0,3827,59.43000000000001,4139.0,15839615,18048658,37410015,228,7260,1184,8444,7567,70,34,65,298,0.8961392704879204,0.10386072951207959,0.8597820937944103,2459.8077000000003,5.0,五星級,1
2025,2,台南市,台南大飯店,152.0,2595,60.97,2240.0,5812201,8117970,14707715,113,4125,631,4756,3041,665,156,111,152,0.6394028595458369,0.36059714045416313,0.8673254835996635,1365.7279999999998,3.0,三星級,1
2025,2,台南市,台南遠東香格里拉,331.0,6927,74.74,3888.0,26935203,17794398,50746718,352,10151,1214,11365,6295,604,1376,255,1009,0.5538935327760669,0.4461064672239331,0.8931808183018037,2905.8912,5.0,五星級,1
2025,2,台南市,台糖長榮酒店(台南),197.0,3953,71.66,3066.0,12119982,16128207,29602763,152,6266,1107,7373,6519,241,85,29,98,0.8841719788417198,0.11582802115828017,0.8498575884985758,2197.0956,5.0,五星級,1
2025,2,台南市,趣淘漫旅,159.0,2354,52.88,3069.0,7224946,1027264,9306212,95,5542,953,6495,6490,0,0,0,0,0.9992301770592764,0.0007698229407235857,0.8532717474980754,1622.8872000000001,3.0,三星級,1
2025,2,台南市,遠百企業觀光旅館,40.0,80,7.139999999999999,503.0,40200,0,40200,25,80,0,80,80,0,0,0,0,1.0,0.0,1.0,35.914199999999994,,無星等/未評鑑,0
2025,2,台東縣,台東桂田喜來登酒店,290.0,3531,43.49,3297.0,11642956,12683841,25176648,167,6087,1784,7871,7479,21,13,26,248,0.9501969254224368,0.04980307457756317,0.7733451912082328,1433.8653,5.0,五星級,1
2025,2,台東縣,娜路彎大酒店,292.0,3458,42.29,4596.0,15891569,9944876,28616700,188,9006,1559,10565,7932,12,0,0,43,0.750780880265026,0.24921911973497402,0.8524372929484145,1943.6484,5.0,五星級,1
2025,2,台東縣,樂樂日暉溫泉酒店,48.0,296,22.02,2499.0,739706,0,739706,9,594,0,594,594,0,0,0,0,1.0,0.0,1.0,550.2797999999999,,無星等/未評鑑,0
2025,2,嘉義市,耐斯王子大飯店,245.0,2549,37.16,2685.0,6844167,7821898,16250865,108,3682,3533,7215,6849,66,2,62,54,0.9492723492723493,0.05072765072765073,0.5103257103257103,997.7459999999999,5.0,五星級,1
2025,2,嘉義市,鈺通大飯店,120.0,1489,44.32,2034.0,3029369,4271870,7307619,65,1330,1367,2697,2581,73,23,0,0,0.956989247311828,0.043010752688172005,0.4931405265109381,901.4688000000001,3.0,三星級,1
2025,2,嘉義縣,名都觀光渡假大飯店,97.0,350,12.89,2011.0,703856,669814,1399041,42,242,581,823,823,0,0,0,0,1.0,0.0,0.29404617253948967,259.2179,3.0,三星級,1
2025,2,嘉義縣,阿里山賓館(歷史館),35.0,242,24.69,10383.0,2512765,0,2512765,11,422,181,603,534,6,1,4,25,0.8855721393034826,0.11442786069651745,0.6998341625207297,2563.5627000000004,4.0,四星級,1
2025,2,嘉義縣,阿里山賓館(現代館),104.0,1180,40.52,10397.0,12268207,5479256,18167797,115,2063,884,2947,2607,27,3,20,121,0.8846284356973193,0.1153715643026807,0.7000339328130302,4212.8644,4.0,四星級,1
2025,2,基隆市,長榮桂冠酒店(基隆),140.0,2994,76.38,3120.0,9341320,6107574,18438502,92,4619,1686,6305,5825,22,1,24,219,0.9238699444885012,0.07613005551149876,0.7325931800158604,2383.0559999999996,5.0,五星級,1
2025,2,宜蘭縣,凱渡廣場酒店,285.0,1379,17.28,5802.0,8000998,7765399,17062489,162,2353,1184,3537,3503,4,0,18,4,0.9903873338987843,0.009612666101215694,0.6652530392988408,1002.5856000000001,,無星等/未評鑑,0
2025,2,宜蘭縣,山泉大飯店,146.0,2262,55.33,1758.0,3977661,1242153,5810330,40,1934,2555,4489,3635,0,242,147,0,0.8097571842281132,0.19024281577188684,0.430830920026732,972.7014,3.0,三星級,1
2025,2,宜蘭縣,幼獅大飯店,53.0,196,13.209999999999999,1340.0,262700,0,281260,8,83,121,204,204,0,0,0,0,1.0,0.0,0.4068627450980392,177.01399999999998,3.0,三星級,1
2025,2,宜蘭縣,悅川酒店,103.0,2140,74.2,5439.0,11640417,4142189,15782606,91,2874,2838,5712,5652,0,3,18,0,0.9894957983193278,0.010504201680672232,0.5031512605042017,4035.738,4.0,四星級,1
2025,2,宜蘭縣,礁溪老爺酒店,197.0,4830,87.56,8984.0,43392911,25678819,80152224,302,11271,1122,12393,12080,35,16,115,89,0.9747438069878157,0.02525619301218429,0.9094650205761317,7866.3904,5.0,五星級,1
2025,2,宜蘭縣,礁溪麒麟酒店,167.0,4088,87.43,2953.0,12073512,0,12073512,52,4358,9,4367,4367,0,0,0,0,1.0,0.0,0.9979390886191893,2581.8079000000002,,無星等/未評鑑,0
2025,2,宜蘭縣,綠舞國際觀光飯店,113.0,1103,34.86,6436.0,7099097,3249127,13631201,281,2002,1334,3336,3298,0,0,36,0,0.9886091127098321,0.011390887290167906,0.6001199040767387,2243.5896,4.0,四星級,1
2025,2,宜蘭縣,蘭城晶英酒店,193.0,3277,60.64000000000001,10343.0,33892768,31932421,73859482,328,11934,106,12040,11722,0,0,33,101,0.9735880398671096,0.026411960132890377,0.9911960132890365,6271.995200000001,5.0,五星級,1
2025,2,宜蘭縣,長榮鳳凰酒店(礁溪),231.0,3715,57.440000000000005,5719.0,21246361,18138804,43705413,247,8003,1740,9743,9517,6,23,77,49,0.9768038591809505,0.023196140819049527,0.8214102432515652,3284.9936000000002,5.0,五星級,1
2025,2,屏東縣,凱撒大飯店,281.0,3781,48.06,5166.0,19531901,4571156,25973033,208,8607,749,9356,8726,50,266,33,67,0.9326635314236853,0.0673364685763147,0.9199444206926036,2482.7796000000003,5.0,五星級,1
2025,2,屏東縣,墾丁怡灣渡假酒店,234.0,1859,28.37,3164.0,5881559,1915601,8401599,81,4403,478,4881,4873,0,0,0,2,0.998360991600082,0.0016390083999180405,0.9020692481048965,897.6268000000001,3.0,三星級,1
2025,2,屏東縣,墾丁福華渡假飯店,458.0,4086,31.86,2903.0,11863587,5278743,17538171,236,4311,7730,12041,11858,10,99,0,20,0.9848019267502699,0.015198073249730104,0.3580267419649531,924.8958,5.0,五星級,1
2025,2,新北市,八里福朋喜來登酒店,241.0,3262,48.34,3471.0,11323875,15247033,26628384,151,4541,3426,7967,7338,24,20,58,324,0.9210493284799799,0.07895067152002011,0.569976151625455,1677.8814000000002,3.0,三星級,1
2025,2,新北市,大板根渡假酒店,95.0,2065,77.63,6792.0,14025480,12236241,40222219,227,3537,2658,6195,5988,0,27,45,33,0.9665859564164649,0.03341404358353506,0.5709443099273608,5272.629599999999,4.0,四星級,1
2025,2,新北市,板橋凱撒大飯店,400.0,10246,91.48,3706.0,37968032,14935152,53062506,150,16766,3593,20359,10595,1273,3622,1746,572,0.5204086644727147,0.4795913355272853,0.8235178545115183,3390.2488,5.0,五星級,1
2025,2,新北市,瓏山林台北中和飯店,126.0,1871,53.03,2265.0,4237227,2615698,7119127,78,2740,851,3591,2288,41,486,55,56,0.6371484266221108,0.3628515733778892,0.7630186577554998,1201.1295,3.0,三星級,1
2025,2,新北市,碧特弗大飯店,55.0,203,13.18,2753.0,558782,71478,630260,17,174,130,304,276,0,0,0,6,0.9078947368421053,0.09210526315789469,0.5723684210526315,362.8454,,無星等/未評鑑,0
2025,2,新北市,福容大飯店    淡水漁人碼頭,198.0,3067,55.32,5839.0,17907150,13449735,32459032,149,2640,6770,9410,9301,0,23,35,9,0.9884165781083953,0.011583421891604662,0.28055260361317746,3230.1348,4.0,四星級,1
2025,2,新北市,福容大飯店 福隆,174.0,1188,24.38,4881.0,5798440,3697741,10427484,117,3764,1800,5564,5537,0,0,1,14,0.9951473759884975,0.004852624011502549,0.676491732566499,1189.9877999999999,3.0,三星級,1
2025,2,新北市,美麗春天大飯店,34.0,30,3.15,2540.0,76197,0,76197,5,50,0,50,50,0,0,0,0,1.0,0.0,1.0,80.01,,無星等/未評鑑,0
2025,2,新竹市,新竹國賓大飯店,257.0,4946,68.73,3624.0,17926319,32402726,57498239,270,5402,1978,7380,4259,464,306,35,444,0.57710027100271,0.42289972899729,0.7319783197831978,2490.7752,4.0,四星級,1
2025,2,新竹市,新竹老爺大酒店,208.0,4557,78.25,3211.0,14634432,11466330,27283352,157,6084,1034,7118,4966,731,105,8,447,0.6976678842371453,0.3023321157628547,0.8547344759763978,2512.6075,4.0,四星級,1
2025,2,新竹縣,新竹喜來登大飯店,386.0,7856,72.69,4103.0,32232642,32775516,73871239,315,8699,334,9033,2829,310,511,16,3022,0.3131849883759548,0.6868150116240452,0.9630244658474483,2982.4707,4.0,四星級,1
2025,2,新竹縣,豐邑喜來登大飯店,384.0,5238,48.72,4102.0,21488428,2111282,25838126,100,5799,222,6021,1886,206,340,10,2014,0.31323700381996344,0.6867629961800366,0.963129048330842,1998.4944,4.0,四星級,1
2025,2,桃園市,南方莊園渡假飯店,111.0,1763,56.720000000000006,5253.0,9260696,9677316,21476209,120,2782,1580,4362,4334,6,2,20,0,0.9935809261806511,0.006419073819348919,0.6377808344795965,2979.5016000000005,4.0,四星級,1
2025,2,桃園市,古華花園飯店,255.0,5718,80.08,2604.0,14888006,7416515,23641443,161,9001,448,9449,5865,548,260,356,347,0.6207006032384379,0.3792993967615621,0.9525875754048048,2085.2832,3.0,三星級,1
2025,2,桃園市,名人堂花園大飯店,128.0,1568,43.75,4855.0,7611877,12077817,23208478,187,4013,330,4343,4050,6,0,31,117,0.9325351139765139,0.0674648860234861,0.9240156573796915,2124.0625,,無星等/未評鑑,0
2025,2,桃園市,和逸飯店桃園青埔館,218.0,4767,78.1,5284.0,25187171,0,28283384,115,8841,2537,11378,9228,335,191,226,354,0.8110388468975215,0.18896115310247852,0.7770258393390754,4126.804,4.0,四星級,1
2025,2,桃園市,尊爵大飯店,218.0,3461,56.7,2650.0,9172255,8353701,18289405,115,2980,2964,5944,1596,328,691,86,147,0.26850605652759085,0.7314939434724091,0.5013458950201884,1502.55,3.0,三星級,1
2025,2,桃園市,尊爵天際大飯店,250.0,5861,83.73,2675.0,15677850,2209386,18130587,77,3059,4703,7762,770,280,30,0,0,0.09920123679464056,0.9007987632053595,0.39409945890234477,2239.7775,3.0,三星級,1
2025,2,桃園市,桃園喜來登酒店,189.0,2647,50.019999999999996,3498.0,9260480,11110437,22105609,143,3471,1231,4702,3137,186,83,54,684,0.6671629094002552,0.33283709059974476,0.738196512122501,1749.6996,4.0,四星級,1
2025,2,桃園市,桃園國際機場凱悅酒店,476.0,8024,60.199999999999996,3328.0,26699967,20598751,51214248,263,11380,1017,12397,3910,823,164,164,1570,0.31539888682745826,0.6846011131725418,0.9179640235540857,2003.4559999999997,,無星等/未評鑑,0
2025,2,桃園市,福容大飯店   桃園,182.0,3913,76.79,2300.0,8998902,5889296,15130311,60,3512,179,3691,1223,348,228,346,63,0.3313465185586562,0.6686534814413438,0.9515036575453807,1766.17,3.0,三星級,1
2025,2,桃園市,福容徠旅 林口,149.0,3120,74.78,2695.0,8407005,0,8407005,25,5126,1232,6358,4545,160,506,128,48,0.7148474363007234,0.28515256369927655,0.8062283737024222,2015.3210000000001,,無星等/未評鑑,0
2025,2,澎湖縣,寶華大飯店,74.0,176,8.49,1277.0,224807,0,227407,16,205,170,375,374,0,0,1,0,0.9973333333333333,0.002666666666666706,0.5466666666666666,108.4173,,無星等/未評鑑,0
2025,2,澎湖縣,澎湖福朋喜來登酒店,331.0,2581,27.85,2217.0,5721105,7227144,14498651,201,4376,727,5103,4248,4,0,0,725,0.8324514991181657,0.16754850088183426,0.8575347834607094,617.4345000000001,5.0,五星級,1
2025,2,花蓮縣,太魯閣晶英酒店,160.0,935,20.87,9055.0,8466413,2967177,13525378,145,2505,442,2947,2759,0,6,6,59,0.9362063115032236,0.06379368849677636,0.8500169664065151,1889.7785000000001,5.0,五星級,1
2025,2,花蓮縣,瑞穗天合國際觀光酒店,198.0,2566,46.28,9322.0,23919698,4370870,36335910,188,4925,2024,6949,6445,0,2,11,13,0.9274715786444093,0.07252842135559068,0.708735069794215,4314.221600000001,5.0,五星級,1
2025,2,花蓮縣,美侖大飯店,299.0,1694,20.23,3268.0,5536431,3807332,10218039,173,3981,581,4562,4258,5,6,29,43,0.9333625602805787,0.06663743971942127,0.8726435773783429,661.1164,5.0,五星級,1
2025,2,花蓮縣,遠雄悅來大飯店,381.0,3420,32.06,7060.0,24144278,21602599,52192243,321,7899,1047,8946,8722,4,0,55,48,0.974960876369327,0.025039123630672955,0.8829644533869886,2263.436,5.0,五星級,1
2025,2,苗栗縣,馥藝金鬱金香酒店,191.0,3127,58.47,2727.0,8525798,4528789,13357455,102,5655,1793,7448,7091,73,34,29,16,0.9520676691729323,0.047932330827067715,0.7592642320085929,1594.4769000000001,3.0,三星級,1
2025,2,金門縣,陸島酒店,47.0,324,24.62,1321.0,428140,52160,481040,14,53,599,652,113,0,0,3,0,0.17331288343558282,0.8266871165644172,0.08128834355828221,325.2302,,無星等/未評鑑,0
2025,2,高雄市,寒軒國際大飯店,371.0,7126,68.6,2336.0,16645150,13694892,30888213,216,7669,4226,11895,9008,1018,479,144,112,0.7572929802437999,0.24270701975620013,0.6447246742328709,1602.4959999999999,5.0,五星級,1
2025,2,高雄市,承攜行旅 高雄六合館,269.0,2833,37.61,2278.0,6452823,0,6452823,41,3966,284,4250,4178,21,18,0,10,0.9830588235294118,0.016941176470588237,0.9331764705882353,856.7558,,無星等/未評鑑,0
2025,2,高雄市,漢來大飯店,535.0,9432,62.96000000000001,3858.0,36385325,69635227,134139764,795,11842,4458,16300,10321,1550,1758,124,611,0.6331901840490798,0.3668098159509202,0.7265030674846625,2428.9968000000003,5.0,五星級,1
2025,2,高雄市,然一酒店,147.0,1657,40.26,5836.0,9669644,10099892,23246197,212,2762,255,3017,2328,49,76,132,118,0.7716274444812727,0.22837255551872726,0.9154789526019225,2349.5735999999997,,無星等/未評鑑,0
2025,2,高雄市,福容大飯店 高雄,250.0,4146,59.23,2884.0,11958529,4814063,16778619,74,6133,1907,8040,7058,141,466,92,70,0.8778606965174129,0.12213930348258706,0.7628109452736318,1708.1931999999997,3.0,三星級,1
2025,2,高雄市,義大皇家酒店,656.0,9371,51.019999999999996,2892.0,27104655,17659842,48118526,406,10860,13296,24156,21437,32,2179,123,100,0.8874399735055473,0.11256002649445274,0.4495777446597119,1475.4984,4.0,四星級,1
2025,2,高雄市,高雄圓山大飯店,105.0,1717,58.4,3055.0,5244748,11220671,17398159,125,2726,1248,3974,3165,549,27,32,59,0.7964267740312028,0.20357322596879723,0.6859587317564168,1784.12,5.0,五星級,1
2025,2,高雄市,高雄福華大飯店,271.0,5778,76.15,2609.0,15075997,20598752,38820088,298,8374,1383,9757,4493,2709,540,884,241,0.46048990468381673,0.5395100953161833,0.8582556113559495,1986.7535,5.0,五星級,1
2025,2,高雄市,高雄萬豪酒店,700.0,12600,64.29,5042.0,63525236,73167362,154777851,699,18628,2100,20728,12954,504,830,413,3363,0.6249517560787341,0.3750482439212659,0.8986877653415669,3241.5018000000005,5.0,五星級,1
2025,2,高雄市,麗尊大酒店,188.0,3069,58.3,2363.0,7252047,13277711,21152677,189,5332,777,6109,4709,437,472,125,122,0.7708299230643313,0.2291700769356687,0.8728106073007039,1377.629,3.0,三星級,1
2025,3,南投縣,日月潭力麗溫德姆溫泉酒店,197.0,2600,42.57,7326.0,19046830,9102754,29109133,195,3363,3018,6381,5992,7,0,69,126,0.9390377683748629,0.06096223162513714,0.5270333803479078,3118.6782000000003,5.0,五星級,1
2025,3,南投縣,涵碧樓大飯店,96.0,2233,75.03,15932.0,35575446,5939620,46497949,293,3547,684,4231,3218,103,4,13,485,0.7605766958165918,0.23942330418340818,0.8383360907586859,11953.7796,5.0,五星級,1
2025,3,南投縣,漢來日月行館,93.0,1191,41.31,24895.0,29649727,14047467,44374964,200,2111,376,2487,2390,2,2,23,34,0.9609971853638922,0.039002814636107774,0.8488138319260152,10284.1245,,無星等/未評鑑,0
2025,3,南投縣,雲品溫泉酒店日月潭,207.0,3776,58.84,10854.0,40983263,18382516,65354922,335,6704,2512,9216,7760,102,3,118,783,0.8420138888888888,0.15798611111111116,0.7274305555555556,6386.4936,5.0,五星級,1
2025,3,台中市,全國大飯店,178.0,2857,51.78,2310.0,6600342,5810342,14446891,74,4195,796,4991,3779,489,57,88,126,0.757162893207774,0.24283710679222603,0.8405129232618713,1196.118,5.0,五星級,1
2025,3,台中市,台中港酒店,200.0,5469,88.21,3139.0,17168959,3318128,22452820,104,6638,294,6932,2849,298,216,32,54,0.4109924985574149,0.5890075014425851,0.9575879976918639,2768.9119,3.0,三星級,1
2025,3,台中市,台中福華大飯店,155.0,4285,89.18,2922.0,12520310,15595685,31276196,184,6680,595,7275,4051,421,252,22,279,0.5568384879725086,0.44316151202749143,0.9182130584192439,2605.8396000000002,5.0,五星級,1
2025,3,台中市,台中金典酒店,222.0,5272,76.61,2821.0,14874296,20668437,47342724,250,5155,4164,9319,6575,571,356,82,212,0.7055478055585364,0.29445219444146364,0.5531709410880996,2161.1681,5.0,五星級,1
2025,3,台中市,裕元花園酒店,149.0,4288,92.83,4059.0,17403108,33818816,54329301,256,5944,760,6704,4355,144,191,122,307,0.6496121718377088,0.3503878281622912,0.8866348448687351,3767.9696999999996,5.0,五星級,1
2025,3,台中市,通豪大飯店,226.0,3506,50.03999999999999,1527.0,5354118,1117003,6901530,58,2822,45,2867,2647,27,30,18,24,0.923264736658528,0.07673526334147196,0.9843041506801534,764.1107999999999,3.0,三星級,1
2025,3,台中市,長榮桂冠酒店(台中),354.0,5840,53.22,2499.0,14592283,33774464,53838374,238,4395,1445,5840,3208,703,147,59,526,0.5493150684931507,0.4506849315068493,0.752568493150685,1329.9678,5.0,五星級,1
2025,3,台中市,龍谷大飯店,189.0,1219,20.81,2192.0,2671700,1041360,4116523,36,976,1699,2675,2649,4,4,9,6,0.9902803738317757,0.009719626168224305,0.36485981308411214,456.1552,,無星等/未評鑑,0
2025,3,台北市,JR東日本大飯店台北,288.0,7490,83.89,5828.0,43648556,28979699,78036054,272,12578,991,13569,2266,6030,578,862,1322,0.16699830495983492,0.8330016950401651,0.9269658781045029,4889.1092,4.0,四星級,1
2025,3,台北市,三德大飯店,287.0,5228,58.76,2060.0,10770688,2510996,15472533,83,6168,2904,9072,2132,3780,516,543,310,0.23500881834215168,0.7649911816578483,0.6798941798941799,1210.456,3.0,三星級,1
2025,3,台北市,亞都麗緻大飯店,219.0,4344,63.99,4203.0,18259089,14997859,37155269,197,7319,0,7319,1362,2392,644,469,363,0.18609099603771007,0.8139090039622899,1.0,2689.4997000000003,4.0,四星級,1
2025,3,台北市,兄弟大飯店,250.0,5704,73.6,4144.0,23635523,48053449,76891295,450,5637,2580,8217,2838,1405,220,245,544,0.3453815261044177,0.6546184738955823,0.6860167944505294,3049.9839999999995,4.0,四星級,1
2025,3,台北市,北投老爺酒店,50.0,1388,89.55,5283.0,7333090,4062272,13402604,59,2926,28,2954,2342,35,74,279,61,0.7928232904536222,0.2071767095463778,0.990521327014218,4730.9265,4.0,四星級,1
2025,3,台北市,北投麗禧溫泉酒店,66.0,1130,55.230000000000004,16430.0,18565356,8766971,34937942,153,2209,70,2279,1019,52,186,334,287,0.44712593242650284,0.5528740675734971,0.9692847740236946,9074.289,4.0,四星級,1
2025,3,台北市,台北W飯店,405.0,10255,81.68,9687.0,99341555,42506914,160589354,410,14609,578,15187,2076,904,296,1406,5053,0.13669585829986172,0.8633041417001383,0.9619411338644893,7912.341600000001,5.0,五星級,1
2025,3,台北市,台北中山雅樂軒酒店,88.0,2351,86.18,5048.0,11867488,577691,13787548,40,3568,0,3568,475,552,80,314,965,0.13312780269058297,0.866872197309417,1.0,4350.3664,,無星等/未評鑑,0
2025,3,台北市,台北凱撒大飯店,478.0,14293,96.46,3665.0,52390009,23048947,78036035,149,17432,9799,27231,3330,13822,2351,1203,1325,0.12228709926187066,0.8777129007381294,0.6401527670669458,3535.2589999999996,4.0,四星級,1
2025,3,台北市,台北君品大酒店,286.0,6754,76.18,5052.0,34121317,46751526,87847669,298,12071,959,13030,1380,4492,792,784,2012,0.10590943975441289,0.8940905602455871,0.9264006139677667,3848.6136000000006,5.0,五星級,1
2025,3,台北市,台北君悅酒店,850.0,21350,81.02,6105.0,130338519,107545136,269799353,545,24447,9703,34150,9054,2182,2765,1190,13253,0.26512445095168374,0.7348755490483163,0.7158711566617862,4946.271,5.0,五星級,1
2025,3,台北市,台北寒舍喜來登大飯店,688.0,17625,82.64,5293.0,93280863,132081871,249476191,808,21638,5533,27171,4686,6794,772,1077,6840,0.17246328806448052,0.8275367119355195,0.796363770196165,4374.135200000001,5.0,五星級,1
2025,3,台北市,台北寒舍艾美酒店,160.0,4413,88.97,9676.0,42700225,72470532,127075149,341,5521,391,5912,1479,198,121,614,1699,0.25016914749661706,0.749830852503383,0.9338633288227334,8608.7372,5.0,五星級,1
2025,3,台北市,台北漢來大飯店,424.0,7667,58.32999999999999,5308.0,40698443,95160472,157025734,401,10804,2068,12872,9074,310,117,389,484,0.7049409571162213,0.2950590428837787,0.8393412057178372,3096.1563999999994,5.0,五星級,1
2025,3,台北市,台北美福大飯店,146.0,3154,69.69,7150.0,22550122,66843056,96902621,345,5045,441,5486,2277,553,592,137,1033,0.4150565074735691,0.584943492526431,0.9196135617936566,4982.835,6.0,卓越五星,1
2025,3,台北市,台北艾麗酒店,235.0,6413,88.03,6565.0,42101321,20365549,69238908,177,8072,799,8871,1598,247,695,824,1632,0.18013752677262992,0.81986247322737,0.909931236613685,5779.1695,5.0,五星級,1
2025,3,台北市,台北花園大酒店,241.0,6708,89.79,2725.0,18278215,22883711,50748386,152,13507,658,14165,865,1523,6596,1210,540,0.06106600776561948,0.9389339922343806,0.9535474761736675,2446.7775,4.0,四星級,1
2025,3,台北市,台北萬豪酒店,318.0,8667,87.92,7135.0,61838019,87725284,186243987,525,10359,1234,11593,1903,637,1390,542,3540,0.16415078064349176,0.8358492193565082,0.89355645648236,6273.092000000001,5.0,五星級,1
2025,3,台北市,台北遠東香格里拉,420.0,10167,78.09,6323.0,64283815,55205128,136338476,463,13852,2069,15921,1955,1390,479,706,6154,0.12279379435965078,0.8772062056403492,0.8700458513912442,4937.6307,5.0,五星級,1
2025,3,台北市,國王大飯店,97.0,2480,82.47,1614.0,4002410,1086628,5105389,47,744,1736,2480,94,2353,1,3,4,0.03790322580645161,0.9620967741935484,0.3,1331.0657999999999,3.0,三星級,1
2025,3,台北市,國聯大飯店,230.0,3586,50.29,3358.0,12043039,2335833,16039476,123,4781,1008,5789,2197,571,107,158,159,0.3795128692347556,0.6204871307652444,0.8258766626360339,1688.7382,4.0,四星級,1
2025,3,台北市,圓山大飯店,473.0,11580,78.97,4103.0,47515515,67760870,127549528,554,10990,11819,22809,8988,7918,616,441,2350,0.39405497829804026,0.6059450217019597,0.48182734885352274,3240.1391,5.0,五星級,1
2025,3,台北市,天成大飯店,225.0,6612,94.8,4047.0,26761858,37679779,68725493,275,12871,613,13484,1090,5712,1625,507,1156,0.08083654701868882,0.9191634529813112,0.9545387125482053,3836.5559999999996,4.0,四星級,1
2025,3,台北市,日勝生加賀屋國際溫泉飯店,89.0,756,27.399999999999995,11081.0,8377109,6103161,20178973,128,1464,178,1642,1095,117,4,212,80,0.666869671132765,0.33313032886723504,0.8915956151035322,3036.1939999999995,,無星等/未評鑑,0
2025,3,台北市,晶華酒店,536.0,13794,83.02,6162.0,84992823,194320922,308253636,1014,22059,2809,24868,6868,9649,1689,518,2963,0.2761782210069165,0.7238217789930834,0.8870435901560239,5115.6924,5.0,五星級,1
2025,3,台北市,歐華酒店,112.0,1889,54.40999999999999,3716.0,7019166,3837512,12075559,99,568,2656,3224,418,1202,74,91,347,0.12965260545905707,0.8703473945409429,0.1761786600496278,2021.8755999999996,4.0,四星級,1
2025,3,台北市,漢普頓酒店,121.0,3139,83.68,2512.0,7885485,5213554,15815501,69,4093,1708,5801,1593,1323,1457,45,243,0.2746078262368557,0.7253921737631444,0.7055680055162903,2102.0416,,無星等/未評鑑,0
2025,3,台北市,福容大飯店  台北一館,120.0,2356,63.33,3446.0,8119306,7830111,16809220,76,3187,898,4085,1851,262,132,124,461,0.45312117503059973,0.5468788249694003,0.780171358629131,2182.3518,4.0,四星級,1
2025,3,台北市,福華大飯店,606.0,13650,72.66,4624.0,63122712,38533743,118174546,458,21474,1164,22638,5838,2557,1532,845,3677,0.25788497217068646,0.7421150278293136,0.9485820302146832,3359.7983999999997,5.0,五星級,1
2025,3,台北市,第一大飯店,176.0,3229,59.18,1877.0,6059349,2852366,31513874,38,358,5721,6079,438,3549,17,151,118,0.07205132423095904,0.9279486757690409,0.05889126501069255,1110.8086,4.0,四星級,1
2025,3,台北市,美麗信花園酒店,203.0,6087,96.73,2467.0,15017117,5442456,30033426,118,10758,1745,12503,1321,6100,1259,572,828,0.10565464288570743,0.8943453571142925,0.8604334959609694,2386.3291,,無星等/未評鑑,0
2025,3,台北市,義華酒店,149.0,3050,66.03,3866.0,11792211,190604,13262264,16,3480,620,4100,957,315,405,227,1018,0.23341463414634148,0.7665853658536586,0.848780487804878,2552.7198000000003,,無星等/未評鑑,0
2025,3,台北市,老爺大酒店,202.0,5827,93.05,5581.0,32518242,34796615,74653402,220,9491,370,9861,1143,6807,103,281,626,0.11591116519622756,0.8840888348037724,0.9624784504614137,5193.1205,5.0,五星級,1
2025,3,台北市,豪景大酒店,209.0,4367,67.4,2254.0,9841629,29420,10139821,41,4788,4747,9535,1619,1380,1197,567,127,0.1697954902988988,0.8302045097011013,0.5021499737808075,1519.1960000000001,3.0,三星級,1
2025,3,台北市,雀客旅館台北南京,56.0,1685,97.06,2513.0,4233690,0,4233690,10,4213,0,4213,2138,332,235,172,234,0.5074768573463091,0.4925231426536909,1.0,2439.1178,,無星等/未評鑑,0
2025,3,台北市,雀客藏居台北陽明山,50.0,992,64.0,3185.0,3159858,1831292,6025682,23,1728,256,1984,1632,0,0,204,38,0.8225806451612904,0.17741935483870963,0.8709677419354839,2038.4,3.0,三星級,1
2025,3,台南市,台南大員皇冠假日酒店,230.0,4076,57.17,3726.0,15188706,18371899,37294811,233,6422,1576,7998,6794,86,106,51,330,0.8494623655913979,0.15053763440860213,0.8029507376844212,2130.1542,5.0,五星級,1
2025,3,台南市,台南大飯店,152.0,2722,57.769999999999996,2282.0,6211750,7271824,14184193,111,4039,816,4855,2927,819,195,111,199,0.6028836251287333,0.3971163748712667,0.8319258496395469,1318.3113999999998,3.0,三星級,1
2025,3,台南市,台南遠東香格里拉,331.0,7946,77.44,3876.0,30799165,20899675,58370339,346,10723,1460,12183,5362,755,924,238,1498,0.44012148075186736,0.5598785192481326,0.8801608799146351,3001.5744,5.0,五星級,1
2025,3,台南市,台糖長榮酒店(台南),197.0,4248,69.56,2830.0,12021339,16349231,29602669,159,6441,1520,7961,6974,344,25,25,138,0.8760206004270821,0.12397939957291793,0.8090692124105012,1968.5480000000002,5.0,五星級,1
2025,3,台南市,趣淘漫旅,159.0,2936,59.57,2829.0,8306691,1387852,10929805,90,5863,1793,7656,7614,0,0,0,0,0.9945141065830722,0.005485893416927845,0.7658045977011494,1685.2353,3.0,三星級,1
2025,3,台南市,遠百企業觀光旅館,40.0,80,6.45,550.0,44000,0,44000,25,80,0,80,80,0,0,0,0,1.0,0.0,1.0,35.475,,無星等/未評鑑,0
2025,3,台東縣,台東桂田喜來登酒店,290.0,4250,47.27,3173.0,13486343,14466215,28865760,160,5325,3623,8948,8043,30,0,40,210,0.8988600804649084,0.1011399195350916,0.5951050514081359,1499.8771000000002,5.0,五星級,1
2025,3,台東縣,娜路彎大酒店,292.0,3852,42.55,4613.0,17767551,12062834,30889737,178,6439,1155,7594,5931,0,0,2,68,0.7810113247300501,0.21898867526994992,0.8479062417698183,1962.8315,5.0,五星級,1
2025,3,台東縣,樂樂日暉溫泉酒店,48.0,440,29.57,2510.0,1104213,0,1104213,9,882,0,882,882,0,0,0,0,1.0,0.0,1.0,742.207,,無星等/未評鑑,0
2025,3,台東縣,知本老爺大酒店,182.0,2482,43.99,4606.0,11431125,6010041,19294193,187,4609,430,5039,4794,22,0,22,162,0.951379241913078,0.04862075808692201,0.9146656082556063,2026.1794,5.0,五星級,1
2025,3,嘉義市,耐斯王子大飯店,245.0,4296,56.56,2249.0,9663400,12071281,23201598,112,3566,6239,9805,9232,129,11,43,129,0.9415604283528812,0.05843957164711877,0.36369199388067314,1272.0344,5.0,五星級,1
2025,3,嘉義市,鈺通大飯店,120.0,1382,37.15,1977.0,2732265,3518233,6270366,65,1004,1358,2362,2339,7,0,0,6,0.9902624894157493,0.009737510584250653,0.42506350550381033,734.4555,3.0,三星級,1
2025,3,嘉義縣,名都觀光渡假大飯店,97.0,454,15.1,1920.0,871500,918909,1822490,42,161,846,1007,1007,0,0,0,0,1.0,0.0,0.15988083416087387,289.92,3.0,三星級,1
2025,3,嘉義縣,阿里山賓館(歷史館),35.0,372,34.29,12735.0,4737448,0,4737448,11,630,271,901,777,4,4,4,51,0.8623751387347391,0.13762486126526086,0.6992230854605993,4366.831499999999,4.0,四星級,1
2025,3,嘉義縣,阿里山賓館(現代館),104.0,1815,56.3,12744.0,23129894,8528634,32381490,103,3088,1323,4411,3795,20,18,21,251,0.8603491271820449,0.13965087281795507,0.70006801178871,7174.871999999999,4.0,四星級,1
2025,3,基隆市,長榮桂冠酒店(基隆),140.0,3606,83.09,2948.0,10630101,7088692,20907135,90,4136,3160,7296,6662,111,15,25,100,0.9131030701754386,0.08689692982456143,0.5668859649122807,2449.4932,5.0,五星級,1
2025,3,宜蘭縣,凱渡廣場酒店,285.0,1777,20.11,4970.0,8832526,11356363,21733494,161,1650,2372,4022,3995,8,0,3,6,0.9932869219293884,0.006713078070611611,0.4102436598707111,999.467,,無星等/未評鑑,0
2025,3,宜蘭縣,山泉大飯店,146.0,2771,61.22,1896.0,5253600,1698487,7317986,40,2308,3458,5766,5202,0,18,184,0,0.9021852237252862,0.0978147762747138,0.40027748872702046,1160.7312,3.0,三星級,1
2025,3,宜蘭縣,幼獅大飯店,53.0,197,11.99,1454.0,286500,0,310200,6,76,126,202,202,0,0,0,0,1.0,0.0,0.37623762376237624,174.3346,3.0,三星級,1
2025,3,宜蘭縣,悅川酒店,103.0,1774,55.559999999999995,4403.0,7810978,6704983,14515961,93,2556,1922,4478,4397,0,0,9,20,0.9819115676641358,0.018088432335864213,0.5707905314872711,2446.3068,4.0,四星級,1
2025,3,宜蘭縣,礁溪老爺酒店,197.0,4819,78.91,7833.0,37746878,25130872,72698787,300,10069,1808,11877,11346,36,28,116,131,0.9552917403384693,0.04470825966153069,0.8477730066515113,6181.0203,5.0,五星級,1
2025,3,宜蘭縣,礁溪麒麟酒店,167.0,3956,76.41,2656.0,10508051,0,10508051,52,4472,32,4504,4503,0,0,0,0,0.9997779751332149,0.000222024866785131,0.9928952042628775,2029.4496,,無星等/未評鑑,0
2025,3,宜蘭縣,綠舞國際觀光飯店,113.0,943,26.919999999999998,5426.0,5116347,4292178,12256637,259,1610,1074,2684,2674,0,0,0,0,0.996274217585693,0.0037257824143069884,0.5998509687034277,1460.6791999999998,4.0,四星級,1
2025,3,宜蘭縣,蘭城晶英酒店,193.0,2778,46.43,10828.0,30079013,35690762,73998410,315,8094,1069,9163,8365,24,7,19,141,0.9129106187929718,0.08708938120702825,0.8833351522427153,5027.4403999999995,5.0,五星級,1
2025,3,宜蘭縣,長榮鳳凰酒店(礁溪),231.0,3704,51.72,4709.0,17442550,18563147,40458792,247,5882,3068,8950,8687,8,25,55,65,0.9706145251396648,0.02938547486033516,0.6572067039106145,2435.4948,5.0,五星級,1
2025,3,屏東縣,凱撒大飯店,281.0,5702,65.46,4706.0,26834219,6534091,35783124,212,10767,2243,13010,11928,76,225,28,237,0.9168332052267486,0.0831667947732514,0.8275941583397387,3080.5475999999994,5.0,五星級,1
2025,3,屏東縣,墾丁怡灣渡假酒店,234.0,2748,37.88,2674.0,7349493,3513128,11457801,86,4519,1784,6303,6280,0,0,12,11,0.9963509439949231,0.0036490560050769227,0.716960177693162,1012.9112000000001,3.0,三星級,1
2025,3,屏東縣,墾丁福華渡假飯店,458.0,4545,32.01,2786.0,12663633,5430275,18986763,222,4157,9071,13228,12751,20,82,10,40,0.9639401270033263,0.03605987299667368,0.31425763531902023,891.7986,5.0,五星級,1
2025,3,新北市,八里福朋喜來登酒店,241.0,3058,40.93,3456.0,10568605,15306344,25923975,151,3873,2921,6794,6127,72,86,35,321,0.9018251398292612,0.09817486017073884,0.5700618192522814,1414.5407999999998,3.0,三星級,1
2025,3,新北市,大板根渡假酒店,95.0,2251,76.43,5327.0,11991077,11260124,35074550,226,2796,3957,6753,6519,9,21,63,66,0.9653487338960463,0.03465126610395375,0.4140382052421146,4071.4261000000006,4.0,四星級,1
2025,3,新北市,板橋凱撒大飯店,400.0,11939,96.28,3711.0,44301655,10798696,55236137,147,21229,2729,23958,7754,3926,4396,2100,850,0.32364972034393524,0.6763502796560648,0.8860923282410885,3572.9508,5.0,五星級,1
2025,3,新北市,瓏山林台北中和飯店,126.0,2425,62.08,2530.0,6136409,2626243,9275105,79,3705,671,4376,2636,69,412,118,156,0.6023765996343693,0.3976234003656307,0.8466636197440585,1570.624,3.0,三星級,1
2025,3,新北市,碧特弗大飯店,55.0,220,12.9,2657.0,584506,150904,735412,17,201,172,373,339,4,0,10,0,0.9088471849865952,0.09115281501340478,0.5388739946380697,342.75300000000004,,無星等/未評鑑,0
2025,3,新北市,福容大飯店    淡水漁人碼頭,198.0,4110,66.96,5076.0,20861127,17783830,40167843,148,2874,8345,11219,10944,10,5,21,94,0.9754880114092165,0.024511988590783518,0.2561725643996791,3398.8895999999995,4.0,四星級,1
2025,3,新北市,福容大飯店 福隆,174.0,1566,29.03,4259.0,6668993,4384834,12179385,116,1417,2507,3924,3868,2,0,18,0,0.9857288481141692,0.014271151885830835,0.3611111111111111,1236.3877,3.0,三星級,1
2025,3,新北市,美麗春天大飯店,34.0,32,3.04,2491.0,79705,0,79705,5,56,0,56,56,0,0,0,0,1.0,0.0,1.0,75.7264,,無星等/未評鑑,0
2025,3,新竹市,新竹國賓大飯店,257.0,5923,74.34,3385.0,20051159,32674574,59914271,271,6066,1870,7936,3642,569,479,17,803,0.45892137096774194,0.541078629032258,0.7643649193548387,2516.409,4.0,四星級,1
2025,3,新竹市,新竹老爺大酒店,208.0,5144,79.78,3224.0,16586104,14070882,31852417,169,6012,1224,7236,4229,572,58,0,751,0.5844389165284688,0.4155610834715312,0.8308457711442786,2572.1072,4.0,四星級,1
2025,3,新竹縣,新竹喜來登大飯店,386.0,10087,84.3,4064.0,40992969,49445692,102591547,320,9754,2298,12052,4528,249,640,46,3694,0.37570527713242613,0.6242947228675739,0.8093262529040823,3425.952,4.0,四星級,1
2025,3,新竹縣,豐邑喜來登大飯店,384.0,6725,56.49000000000001,4064.0,27328646,3063280,33165803,104,6502,1532,8034,3019,166,426,30,2462,0.3757779437391088,0.6242220562608912,0.809310430669654,2295.7536000000005,4.0,四星級,1
2025,3,桃園市,南方莊園渡假飯店,111.0,1101,32.0,5379.0,5922436,13865738,22341333,114,1825,882,2707,2697,0,0,0,4,0.9963058736608792,0.003694126339120807,0.6741780568895456,1721.28,4.0,四星級,1
2025,3,桃園市,古華花園飯店,255.0,7173,90.74,2662.0,19094754,8090184,29883171,167,9772,1061,10833,5368,739,169,335,482,0.495522939167359,0.504477060832641,0.9020585248776886,2415.4988,3.0,三星級,1
2025,3,桃園市,名人堂花園大飯店,128.0,1300,32.76,5228.0,6796013,10787379,20554345,190,2804,677,3481,3376,3,0,2,38,0.9698362539500144,0.030163746049985618,0.8055156564205688,1712.6928,,無星等/未評鑑,0
2025,3,桃園市,和逸飯店桃園青埔館,218.0,4605,68.14,4804.0,22120672,0,25931656,107,7871,1405,9276,5972,264,301,167,771,0.64381198792583,0.35618801207416995,0.8485338507977577,3273.4456,4.0,四星級,1
2025,3,桃園市,尊爵大飯店,218.0,4252,62.92,2658.0,11302912,9987098,22172800,113,4028,3121,7149,1703,456,674,60,370,0.23821513498391383,0.7617848650160861,0.5634354455168555,1672.4136,3.0,三星級,1
2025,3,桃園市,尊爵天際大飯店,250.0,6412,82.74,2624.0,16828221,2052694,19022941,81,3270,3831,7101,715,240,10,0,0,0.10069004365582312,0.8993099563441769,0.4604985213350232,2171.0975999999996,3.0,三星級,1
2025,3,桃園市,桃園喜來登酒店,189.0,3218,54.92,3198.0,10290651,11645924,23904879,147,3908,1563,5471,3533,239,53,89,864,0.6457685980625114,0.3542314019374886,0.714311825991592,1756.3416,4.0,四星級,1
2025,3,桃園市,桃園國際機場凱悅酒店,476.0,9388,63.62,3325.0,31214324,21903241,57742699,260,13518,1017,14535,7936,831,208,121,2144,0.5459924320605435,0.4540075679394565,0.930030959752322,2115.365,,無星等/未評鑑,0
2025,3,桃園市,福容大飯店   桃園,182.0,4300,76.21,2188.0,9408555,4734289,14446735,60,3677,559,4236,1528,260,278,341,119,0.3607176581680831,0.6392823418319169,0.8680358829084042,1667.4747999999997,3.0,三星級,1
2025,3,桃園市,福容徠旅 林口,149.0,3812,82.53,2613.0,9960448,0,9962165,28,5616,1968,7584,5584,130,626,97,50,0.7362869198312236,0.26371308016877637,0.740506329113924,2156.5089000000003,,無星等/未評鑑,0
2025,3,澎湖縣,寶華大飯店,74.0,305,13.3,1294.0,394789,5070,402809,15,384,284,668,668,0,0,0,0,1.0,0.0,0.5748502994011976,172.102,,無星等/未評鑑,0
2025,3,澎湖縣,澎湖福朋喜來登酒店,331.0,5027,48.99,2024.0,10174276,14730093,27079512,198,5074,5363,10437,9669,11,0,8,529,0.9264156366772061,0.07358436332279394,0.48615502539043787,991.5576000000001,5.0,五星級,1
2025,3,花蓮縣,太魯閣晶英酒店,160.0,999,20.14,9111.0,9102236,3055590,14283629,151,2496,552,3048,2792,7,9,6,62,0.916010498687664,0.08398950131233596,0.8188976377952756,1834.9554,5.0,五星級,1
2025,3,花蓮縣,瑞穗天合國際觀光酒店,198.0,2251,36.67,8809.0,19829787,3960382,26955290,185,4080,1807,5887,5499,13,0,21,9,0.9340920672668592,0.06590793273314077,0.6930524885340581,3230.2603000000004,5.0,五星級,1
2025,3,花蓮縣,美侖大飯店,299.0,2590,27.940000000000005,2740.0,7095653,5658151,14041188,174,3668,2050,5718,5506,15,5,16,34,0.962924099335432,0.03707590066456801,0.6414830360265827,765.5560000000002,5.0,五星級,1
2025,3,花蓮縣,遠雄悅來大飯店,381.0,3696,31.290000000000003,4064.0,15020556,12850415,31956739,317,6694,1897,8591,8383,13,12,26,44,0.9757886159934815,0.024211384006518455,0.7791875218251658,1271.6256,5.0,五星級,1
2025,3,苗栗縣,馥藝金鬱金香酒店,191.0,3134,52.93,2716.0,8511560,5185381,14090606,86,4789,1625,6414,5791,222,12,26,32,0.9028687246647957,0.09713127533520427,0.7466479575927658,1437.5788,3.0,三星級,1
2025,3,金門縣,陸島酒店,47.0,665,45.64,1251.0,831968,107840,940308,14,55,1293,1348,47,0,0,1,0,0.034866468842729974,0.9651335311572701,0.04080118694362018,570.9564,,無星等/未評鑑,0
2025,3,高雄市,寒軒國際大飯店,371.0,9228,80.24,2142.0,19764911,18071721,38386338,215,7698,5513,13211,9957,1281,376,192,121,0.7536901067292407,0.24630989327075925,0.5826962379834986,1718.7407999999998,5.0,五星級,1
2025,3,高雄市,承攜行旅 高雄六合館,269.0,3155,37.83,2525.0,7966649,0,7966649,27,5145,165,5310,5033,131,22,22,27,0.947834274952919,0.052165725047080946,0.9689265536723164,955.2075,,無星等/未評鑑,0
2025,3,高雄市,漢來大飯店,535.0,11963,72.13,3698.0,44233405,70713224,145569015,790,13889,4958,18847,10734,2372,622,171,1163,0.5695336127765692,0.4304663872234308,0.7369342600944447,2667.3674,5.0,五星級,1
2025,3,高雄市,然一酒店,147.0,1817,39.87,6486.0,11784427,12020041,27929279,217,2915,451,3366,2661,57,55,158,169,0.7905525846702317,0.2094474153297683,0.8660130718954249,2585.9682,,無星等/未評鑑,0
2025,3,高雄市,福容大飯店 高雄,250.0,5096,65.75,2454.0,12503782,5112488,17656485,75,4304,5181,9485,7337,595,465,105,95,0.773537163943068,0.22646283605693196,0.4537691091196626,1613.505,3.0,三星級,1
2025,3,高雄市,義大皇家酒店,656.0,9853,48.45,2870.0,28275085,18881298,50820236,384,8070,18575,26645,24677,399,754,115,130,0.9261399887408519,0.0738600112591481,0.30287108275473823,1390.515,4.0,四星級,1
2025,3,高雄市,高雄圓山大飯店,105.0,2107,64.73,2828.0,5958360,10837861,18115476,125,2656,1814,4470,3269,755,43,47,136,0.7313199105145414,0.26868008948545863,0.5941834451901566,1830.5644,5.0,五星級,1
2025,3,高雄市,高雄福華大飯店,271.0,7226,86.01,2529.0,18275849,23472230,45791754,301,9140,1962,11102,5326,2828,505,911,183,0.47973338137272564,0.5202666186272744,0.8232750855701675,2175.1929,5.0,五星級,1
2025,3,高雄市,高雄萬豪酒店,700.0,14025,64.63,5011.0,70272612,82343319,167915666,712,17961,2740,20701,11891,575,690,354,4141,0.5744166948456596,0.4255833051543404,0.867639244480943,3238.6093,5.0,五星級,1
2025,3,高雄市,麗尊大酒店,188.0,3754,64.41,2280.0,8559120,12141671,21453698,189,6012,1184,7196,5413,514,290,144,202,0.7522234574763758,0.24777654252362424,0.8354641467481935,1468.5479999999998,3.0,三星級,1
2025,4,南投縣,日月潭力麗溫德姆溫泉酒店,197.0,2741,46.38,7795.0,21367174,9408523,32356647,187,3998,2803,6801,6472,30,12,44,59,0.9516247610645493,0.048375238935450704,0.5878547272459932,3615.3210000000004,5.0,五星級,1
2025,4,南投縣,涵碧樓大飯店,96.0,2192,76.11,15842.0,34725214,5507789,44454821,292,3562,720,4282,3065,91,3,64,509,0.7157870154133582,0.2842129845866418,0.8318542737038767,12057.346199999998,5.0,五星級,1
2025,4,南投縣,漢來日月行館,93.0,1329,47.63,23686.0,31479247,13890256,45850613,200,2530,321,2851,2763,3,0,4,49,0.9691336373202385,0.030866362679761505,0.8874079270431428,11281.641800000001,,無星等/未評鑑,0
2025,4,南投縣,雲品溫泉酒店日月潭,207.0,4347,70.0,11305.0,49143556,20675630,77165096,323,9069,2230,11299,8714,80,16,175,1125,0.7712186919196389,0.22878130808036112,0.8026374015399593,7913.5,5.0,五星級,1
2025,4,台中市,全國大飯店,178.0,2542,47.6,2418.0,6146824,5052459,13354755,70,4061,524,4585,3712,316,37,87,70,0.8095965103598691,0.19040348964013087,0.8857142857142857,1150.968,5.0,五星級,1
2025,4,台中市,台中港酒店,200.0,5359,89.32,3179.0,17038223,3181418,22301493,105,6453,351,6804,3032,379,53,69,94,0.44562022339800117,0.5543797766019989,0.9484126984126984,2839.4827999999998,3.0,三星級,1
2025,4,台中市,台中福華大飯店,155.0,4013,86.3,3060.0,12281514,9573178,24451026,185,6677,418,7095,4109,485,136,100,256,0.5791402396053559,0.4208597603946441,0.9410852713178295,2640.78,5.0,五星級,1
2025,4,台中市,台中金典酒店,222.0,5044,75.74,2939.0,14824254,15419864,40208744,242,6640,3418,10058,7679,512,182,181,383,0.7634718631934778,0.23652813680652218,0.6601710081527142,2225.9986,5.0,五星級,1
2025,4,台中市,裕元花園酒店,149.0,3707,82.93,3735.0,13844580,26330209,46334159,253,5659,545,6204,4442,137,142,104,276,0.7159896840747905,0.28401031592520953,0.912153449387492,3097.4355000000005,5.0,五星級,1
2025,4,台中市,通豪大飯店,226.0,3160,46.61,1945.0,6144773,1045215,7598921,62,3108,60,3168,2976,19,15,22,21,0.9393939393939394,0.06060606060606055,0.9810606060606061,906.5645,3.0,三星級,1
2025,4,台中市,長榮桂冠酒店(台中),354.0,5546,52.22,2584.0,14332698,17751220,36427121,234,4169,1377,5546,3598,342,62,54,668,0.6487558600793365,0.3512441399206635,0.7517129462675802,1349.3648,5.0,五星級,1
2025,4,台中市,龍谷大飯店,189.0,1376,24.27,1918.0,2639217,1434242,4479415,35,730,2353,3083,3060,2,0,11,2,0.9925397340253,0.007460265974699953,0.23678235484917287,465.4986,,無星等/未評鑑,0
2025,4,台北市,JR東日本大飯店台北,288.0,7081,81.96,5653.0,40028888,23590689,67868149,269,12829,454,13283,2671,3729,540,1713,1662,0.20108409244899494,0.7989159075510051,0.9658209741775201,4633.198799999999,4.0,四星級,1
2025,4,台北市,三德大飯店,287.0,4371,50.77,2005.0,8763277,1758503,13633428,83,7060,1373,8433,2091,2339,432,940,265,0.247954464603344,0.752045535396656,0.8371872406023954,1017.9385000000001,3.0,三星級,1
2025,4,台北市,亞都麗緻大飯店,219.0,3548,54.0,4412.0,15652238,11801953,30572922,202,6127,0,6127,1463,1301,282,587,492,0.23877917414721722,0.7612208258527828,1.0,2382.48,4.0,四星級,1
2025,4,台北市,兄弟大飯店,250.0,4628,61.71,4085.0,18906397,44226662,67789249,450,3556,2773,6329,2458,1010,176,371,430,0.3883709906778322,0.6116290093221678,0.561858113446042,2520.8535,4.0,四星級,1
2025,4,台北市,北投老爺酒店,50.0,1149,76.6,5395.0,6198601,3179858,10951279,57,2224,265,2489,1869,27,36,319,83,0.7509039775010045,0.24909602249899554,0.8935315387705905,4132.57,4.0,四星級,1
2025,4,台北市,北投麗禧溫泉酒店,66.0,1014,51.21,16729.0,16963493,6033354,28121780,153,2048,3,2051,818,80,118,399,267,0.39882983910287667,0.6011701608971234,0.9985372988785958,8566.9209,4.0,四星級,1
2025,4,台北市,台北W飯店,405.0,9902,81.5,9301.0,92101459,36124942,144427637,406,15923,265,16188,2272,723,245,1833,6082,0.14035087719298245,0.8596491228070176,0.983629849271065,7580.315,5.0,五星級,1
2025,4,台北市,台北中山雅樂軒酒店,88.0,2263,85.72,4821.0,10909262,462331,12634311,39,3592,0,3592,428,442,80,302,1187,0.11915367483296214,0.8808463251670379,1.0,4132.5612,,無星等/未評鑑,0
2025,4,台北市,台北凱撒大飯店,478.0,12896,89.93,3564.0,45967768,17046658,65553128,149,18483,6466,24949,3688,9663,2527,2964,1010,0.14782155597418734,0.8521784440258127,0.7408312958435208,3205.1052,4.0,四星級,1
2025,4,台北市,台北君品大酒店,286.0,5847,68.15,5254.0,30721212,32252682,68629524,283,10627,489,11116,1255,2029,662,1942,1754,0.1129003238575027,0.8870996761424973,0.9560093558834113,3580.6010000000006,5.0,五星級,1
2025,4,台北市,台北君悅酒店,850.0,19900,78.04,5832.0,116061297,81051763,224851518,558,25806,8327,34133,9914,1026,2005,935,14318,0.29045205519585154,0.7095479448041484,0.7560425394779245,4551.2928,5.0,五星級,1
2025,4,台北市,台北寒舍喜來登大飯店,688.0,16585,80.35,4967.0,82378843,103311085,206482124,807,19430,7134,26564,4508,3352,1086,1395,6297,0.16970335792802288,0.8302966420719771,0.7314410480349345,3990.9844999999996,5.0,五星級,1
2025,4,台北市,台北寒舍艾美酒店,160.0,4109,85.6,9587.0,39393408,54093309,103139972,329,5512,297,5809,1284,171,57,549,1530,0.22103632294715098,0.778963677052849,0.9488724393182992,8206.472,5.0,五星級,1
2025,4,台北市,台北漢來大飯店,424.0,7793,61.27,4828.0,37627776,71284568,124742561,401,11007,2579,13586,9387,194,288,732,837,0.6909318416016488,0.3090681583983512,0.8101722361254232,2958.1156,5.0,五星級,1
2025,4,台北市,台北美福大飯店,146.0,2853,65.14,7201.0,20545441,56981554,84500797,343,4872,474,5346,2308,115,820,252,827,0.43172465394687615,0.5682753460531238,0.9113355780022446,4690.731400000001,6.0,卓越五星,1
2025,4,台北市,台北艾麗酒店,235.0,5671,80.44,6445.0,36548635,17524323,59874217,180,7891,440,8331,1661,182,395,906,1238,0.1993758252310647,0.8006241747689353,0.9471852118593206,5184.358,5.0,五星級,1
2025,4,台北市,台北花園大酒店,241.0,6299,87.12,2704.0,17034796,18914999,44918918,141,12865,750,13615,829,459,6181,2083,597,0.06088872567021667,0.9391112743297834,0.9449136981270657,2355.7248,4.0,四星級,1
2025,4,台北市,台北萬豪酒店,318.0,8682,91.01,6590.0,57210383,58435575,147671500,509,9398,2216,11614,1974,261,1838,628,4014,0.16996728086791804,0.830032719132082,0.8091957981746168,5997.559,5.0,五星級,1
2025,4,台北市,台北遠東香格里拉,420.0,10058,79.83,6299.0,63356003,43816568,123415287,470,13162,3290,16452,1728,788,595,1202,6437,0.1050328227571116,0.8949671772428884,0.800024313153416,5028.4917,5.0,五星級,1
2025,4,台北市,國王大飯店,97.0,2005,68.9,1705.0,3418468,693186,4125026,47,602,1403,2005,174,1725,13,25,18,0.08678304239401496,0.913216957605985,0.3002493765586035,1174.7450000000001,3.0,三星級,1
2025,4,台北市,國聯大飯店,230.0,3216,46.61,3301.0,10616374,2027499,13954356,123,4318,963,5281,2200,309,270,174,140,0.4165877674682825,0.5834122325317175,0.8176481726945655,1538.5960999999998,4.0,四星級,1
2025,4,台北市,圓山大飯店,473.0,9776,68.89,4403.0,43045512,59066799,113531448,560,8849,10677,19526,9833,4504,387,291,1920,0.5035849636382259,0.4964150363617741,0.4531906176380211,3033.2266999999997,5.0,五星級,1
2025,4,台北市,天成大飯店,225.0,6147,91.07,3923.0,24116487,24568807,51687048,275,12212,418,12630,1087,2666,1706,1397,1669,0.08606492478226445,0.9139350752177355,0.966904196357878,3572.6760999999997,4.0,四星級,1
2025,4,台北市,日勝生加賀屋國際溫泉飯店,89.0,1029,38.54,10181.0,10476034,6062413,21562702,127,2054,285,2339,1594,150,6,366,80,0.6814878153056861,0.31851218469431386,0.8781530568619068,3923.7574,,無星等/未評鑑,0
2025,4,台北市,晶華酒店,538.0,13046,80.83,5990.0,78140755,152440486,256172533,1002,21935,2167,24102,6468,5618,2374,774,4282,0.2683594722429674,0.7316405277570326,0.9100904489254004,4841.717000000001,5.0,五星級,1
2025,4,台北市,歐華酒店,112.0,1585,47.17,3764.0,5966485,3710394,10714618,103,1926,1018,2944,577,740,94,121,354,0.19599184782608695,0.8040081521739131,0.6542119565217391,1775.4788,4.0,四星級,1
2025,4,台北市,漢普頓酒店,121.0,2880,79.34,2571.0,7405560,4531209,14496341,67,4490,1135,5625,2308,983,1108,99,303,0.4103111111111111,0.5896888888888889,0.7982222222222223,2039.8314,,無星等/未評鑑,0
2025,4,台北市,福容大飯店  台北一館,120.0,2042,56.720000000000006,3554.0,7258283,5619380,13471469,77,3102,286,3388,1898,170,123,192,239,0.5602125147579693,0.4397874852420307,0.9155844155844156,2015.8288000000002,4.0,四星級,1
2025,4,台北市,福華大飯店,606.0,12616,69.39,4546.0,57355429,29740076,102818797,466,21742,1161,22903,6831,1729,1592,964,4158,0.2982578701480155,0.7017421298519845,0.9493079509234598,3154.4694,5.0,五星級,1
2025,4,台北市,第一大飯店,176.0,1884,35.68,1865.0,3512788,2683857,28780469,37,446,2775,3221,562,866,36,30,308,0.17447997516299285,0.8255200248370071,0.13846631480906552,665.432,4.0,四星級,1
2025,4,台北市,美麗信花園酒店,203.0,5799,95.22,2368.0,13732450,4849477,27662549,119,10883,1173,12056,1801,2952,1314,1355,1291,0.14938619774386197,0.850613802256138,0.9027040477770405,2254.8096,,無星等/未評鑑,0
2025,4,台北市,義華酒店,149.0,2712,60.67,3834.0,10399154,211334,11774825,16,3105,763,3868,1073,119,410,204,764,0.2774043433298862,0.7225956566701137,0.8027404343329886,2326.0878,,無星等/未評鑑,0
2025,4,台北市,老爺大酒店,202.0,5302,87.49,5133.0,27216870,28925532,62778215,221,8473,315,8788,1295,5237,109,483,510,0.14736003641329085,0.8526399635867091,0.9641556668183887,4490.8616999999995,5.0,五星級,1
2025,4,台北市,豪景大酒店,209.0,3560,56.779999999999994,2264.0,8060817,75600,8480628,41,4981,3067,8048,1072,530,944,570,165,0.13320079522862824,0.8667992047713717,0.6189115308151093,1285.4991999999997,3.0,三星級,1
2025,4,台北市,雀客旅館台北南京,56.0,1343,79.94,2394.0,3214662,0,3214662,10,1301,48,1349,1349,0,0,0,0,1.0,0.0,0.9644180874722016,1913.7635999999998,,無星等/未評鑑,0
2025,4,台北市,雀客藏居台北陽明山,50.0,998,66.53,3063.0,3057078,1824429,5848219,22,1888,108,1996,1822,12,0,40,4,0.9128256513026052,0.08717434869739482,0.9458917835671342,2037.8139,3.0,三星級,1
2025,4,台南市,台南大員皇冠假日酒店,230.0,3898,56.49000000000001,4198.0,16362765,12144661,31735719,236,6743,1681,8424,7504,75,21,90,308,0.8907882241215574,0.10921177587844255,0.8004510921177588,2371.4502000000007,5.0,五星級,1
2025,4,台南市,台南大飯店,152.0,2690,58.989999999999995,2380.0,6401041,7114614,14239282,113,3798,1003,4801,3048,580,182,183,154,0.6348677358883565,0.36513226411164346,0.7910851905852947,1403.9619999999998,3.0,三星級,1
2025,4,台南市,台南遠東香格里拉,331.0,7707,77.61,3945.0,30402915,13879201,50156069,338,11052,1316,12368,6152,703,734,415,1253,0.4974126778783959,0.5025873221216042,0.8935963777490298,3061.7145,5.0,五星級,1
2025,4,台南市,台糖長榮酒店(台南),197.0,4539,76.8,2986.0,13551392,15122949,29694922,161,7009,2082,9091,8204,221,15,189,85,0.9024309756902431,0.09756902430975689,0.7709822901770982,2293.248,5.0,五星級,1
2025,4,台南市,趣淘漫旅,159.0,2342,49.1,3995.0,9356197,2069159,12685907,93,4786,2147,6933,6876,0,0,21,0,0.9917784508870618,0.008221549112938153,0.6903216500793308,1961.545,3.0,三星級,1
2025,4,台南市,遠百企業觀光旅館,40.0,80,6.67,565.0,45200,0,45200,23,80,0,80,80,0,0,0,0,1.0,0.0,1.0,37.685500000000005,,無星等/未評鑑,0
2025,4,台東縣,台東桂田喜來登酒店,290.0,4702,54.05,3365.0,15822625,15312669,32435541,160,7390,3111,10501,10076,11,6,25,256,0.959527664031997,0.04047233596800304,0.7037425007142177,1818.7825,5.0,五星級,1
2025,4,台東縣,娜路彎大酒店,292.0,4221,48.18,5255.0,22183305,11485935,36753191,183,9490,1470,10960,8857,33,0,7,54,0.8081204379562044,0.19187956204379564,0.8658759124087592,2531.859,5.0,五星級,1
2025,4,台東縣,樂樂日暉溫泉酒店,48.0,534,37.08,2491.0,1330108,0,1330108,9,1070,0,1070,1070,0,0,0,0,1.0,0.0,1.0,923.6628,,無星等/未評鑑,0
2025,4,台東縣,知本老爺大酒店,182.0,2673,48.96,4788.0,12799050,6571033,21384591,182,4916,559,5475,5250,36,0,26,122,0.958904109589041,0.04109589041095896,0.8978995433789955,2344.2048,5.0,五星級,1
2025,4,嘉義市,耐斯王子大飯店,245.0,4552,61.92999999999999,2344.0,10668075,10360918,22350233,114,3017,8054,11071,10754,33,54,17,50,0.9713666335471051,0.028633366452894937,0.27251377472676364,1451.6391999999998,5.0,五星級,1
2025,4,嘉義市,鈺通大飯店,120.0,1325,36.81,2087.0,2765039,2544205,5335447,65,1457,1368,2825,2750,21,16,22,4,0.9734513274336283,0.026548672566371723,0.5157522123893805,768.2247,3.0,三星級,1
2025,4,嘉義縣,名都觀光渡假大飯店,97.0,649,22.3,2049.0,1330034,1282225,2667833,41,580,1042,1622,1622,0,0,0,0,1.0,0.0,0.35758323057953145,456.927,3.0,三星級,1
2025,4,嘉義縣,阿里山賓館(歷史館),35.0,410,39.05,11549.0,4735181,0,4735181,11,718,308,1026,863,2,0,15,64,0.8411306042884991,0.15886939571150094,0.6998050682261209,4509.884499999999,4.0,四星級,1
2025,4,嘉義縣,阿里山賓館(現代館),104.0,2004,64.23,11536.0,23118826,8878927,32610095,102,3511,1505,5016,4211,10,2,76,314,0.8395135566188198,0.16048644338118023,0.6999601275917066,7409.5728,4.0,四星級,1
2025,4,基隆市,長榮桂冠酒店(基隆),140.0,3787,90.17,3117.0,11804234,6361664,21547739,92,4124,3364,7488,6883,41,30,22,85,0.9192040598290598,0.08079594017094016,0.5507478632478633,2810.5989,5.0,五星級,1
2025,4,宜蘭縣,凱渡廣場酒店,285.0,2079,24.32,5886.0,12237406,11093343,25380698,141,2958,2274,5232,5151,4,0,27,12,0.9845183486238532,0.015481651376146766,0.5653669724770642,1431.4751999999999,,無星等/未評鑑,0
2025,4,宜蘭縣,山泉大飯店,146.0,2782,63.519999999999996,1827.0,5082562,1607303,7041963,41,1997,3748,5745,4988,0,46,325,0,0.8682332463011314,0.1317667536988686,0.34760661444734553,1160.5104,3.0,三星級,1
2025,4,宜蘭縣,幼獅大飯店,53.0,283,17.8,1268.0,358950,0,379950,9,93,172,265,265,0,0,0,0,1.0,0.0,0.35094339622641507,225.704,3.0,三星級,1
2025,4,宜蘭縣,悅川酒店,103.0,2217,71.75,5388.0,11944494,4106170,16050664,97,2592,3061,5653,5563,0,0,19,15,0.9840792499557757,0.01592075004422433,0.45851760127366,3865.89,4.0,四星級,1
2025,4,宜蘭縣,礁溪老爺酒店,197.0,4560,77.16,8103.0,36949273,22797949,70561436,302,9270,2203,11473,10790,34,8,184,229,0.9404689270461083,0.059531072953891706,0.8079839623463785,6252.2748,5.0,五星級,1
2025,4,宜蘭縣,礁溪麒麟酒店,167.0,3510,70.06,2848.0,9996071,0,9996071,52,4138,37,4175,4175,0,0,0,0,1.0,0.0,0.9911377245508982,1995.3088,,無星等/未評鑑,0
2025,4,宜蘭縣,綠舞國際觀光飯店,113.0,1282,37.82,5198.0,6663279,3401368,13399680,262,2234,1489,3723,3719,0,0,4,0,0.9989255976363148,0.0010744023636851674,0.6000537201181843,1965.8836000000001,4.0,四星級,1
2025,4,宜蘭縣,蘭城晶英酒店,193.0,3936,67.98,10869.0,42782163,31027641,82379739,312,13882,325,14207,12912,22,0,341,358,0.9088477511086084,0.09115224889139162,0.9771239529809249,7388.7462,5.0,五星級,1
2025,4,宜蘭縣,長榮鳳凰酒店(礁溪),231.0,3573,51.56,5046.0,18028619,17904805,40168830,249,8696,861,9557,9227,4,9,109,74,0.9654703358794601,0.03452966412053993,0.9099089672491367,2601.7176,5.0,五星級,1
2025,4,屏東縣,凱撒大飯店,281.0,6136,72.79,5537.0,33976299,7130974,44517108,210,13478,1615,15093,13825,34,137,103,276,0.9159875438945206,0.08401245610547936,0.8929967534618697,4030.3823,5.0,五星級,1
2025,4,屏東縣,墾丁怡灣渡假酒店,234.0,3464,49.34,3036.0,10516342,3883376,15338524,82,4718,3000,7718,7688,7,0,0,0,0.9961129826379891,0.003887017362010914,0.6112982637989116,1497.9624000000001,3.0,三星級,1
2025,4,屏東縣,墾丁福華渡假飯店,458.0,5327,38.77,3694.0,19679014,5460251,26186058,221,7489,7481,14970,13961,91,85,65,100,0.9325985303941215,0.06740146960587845,0.5002672010688043,1432.1638,5.0,五星級,1
2025,4,新北市,八里福朋喜來登酒店,241.0,3966,54.85,3775.0,14971422,21619031,36657286,142,5405,4078,9483,8793,54,58,51,343,0.927238215754508,0.07276178424549196,0.5699673099230201,2070.5875,3.0,三星級,1
2025,4,新北市,大板根渡假酒店,95.0,2262,79.37,6568.0,14856816,12619479,40864722,221,3413,3373,6786,6612,0,0,51,30,0.9743589743589743,0.02564102564102566,0.5029472443265547,5213.0216,4.0,四星級,1
2025,4,新北市,板橋凱撒大飯店,400.0,11393,94.94,3675.0,41869782,10223626,52174671,143,20620,2659,23279,8536,1240,3835,3375,948,0.3666824176296233,0.6333175823703767,0.8857768804501912,3489.045,5.0,五星級,1
2025,4,新北市,瓏山林台北中和飯店,126.0,2118,56.03,2409.0,5102655,2742955,8066452,81,3677,288,3965,2678,62,86,166,210,0.6754098360655738,0.3245901639344262,0.9273644388398486,1349.7627,3.0,三星級,1
2025,4,新北市,碧特弗大飯店,55.0,173,10.48,2621.0,453483,193736,647219,17,110,142,252,233,0,2,0,7,0.9246031746031746,0.07539682539682535,0.4365079365079365,274.68080000000003,,無星等/未評鑑,0
2025,4,新北市,福容大飯店    淡水漁人碼頭,198.0,3611,60.79,4928.0,17795939,18813068,39494474,144,3626,6493,10119,9815,4,5,57,122,0.9699575056823797,0.030042494317620294,0.358335803933195,2995.7312,4.0,四星級,1
2025,4,新北市,福容大飯店 福隆,174.0,5030,96.36,2248.0,11307662,5640230,19888561,109,2942,2674,5616,5408,13,4,0,0,0.9629629629629629,0.03703703703703709,0.5238603988603988,2166.1728,3.0,三星級,1
2025,4,新北市,美麗春天大飯店,34.0,23,2.25,2575.0,59217,0,59217,5,40,0,40,40,0,0,0,0,1.0,0.0,1.0,57.9375,,無星等/未評鑑,0
2025,4,新竹市,新竹國賓大飯店,257.0,5755,74.64,3243.0,18660643,28503422,53982654,267,6354,1108,7462,2944,702,1081,36,800,0.39453229697132136,0.6054677030286786,0.8515143393192174,2420.5751999999998,4.0,四星級,1
2025,4,新竹市,新竹老爺大酒店,208.0,4794,76.83,3199.0,15335603,12482311,28791519,168,5767,1350,7117,4335,766,174,18,667,0.6091049599550372,0.3908950400449628,0.8103133342700576,2457.7916999999998,4.0,四星級,1
2025,4,新竹縣,新竹喜來登大飯店,386.0,9118,78.74,4166.0,37988993,28358466,76123421,317,9745,999,10744,4172,211,454,16,2861,0.3883097542814594,0.6116902457185406,0.9070178704393149,3280.3084,4.0,四星級,1
2025,4,新竹縣,豐邑喜來登大飯店,384.0,6079,52.77,4166.0,25325995,2890935,30768217,108,6497,666,7163,2781,140,303,11,1907,0.38824514868072035,0.6117548513192796,0.9070221974033227,2198.3982,4.0,四星級,1
2025,4,桃園市,南方莊園渡假飯店,111.0,1414,42.46,5359.0,7577038,10990385,21183952,97,2869,681,3550,3524,8,0,14,4,0.9926760563380281,0.007323943661971866,0.808169014084507,2275.4314,4.0,四星級,1
2025,4,桃園市,古華花園飯店,255.0,7650,100.0,2266.0,17331625,7481346,27802578,163,10251,377,10628,6176,474,218,509,672,0.5811065111027475,0.41889348889725253,0.9645276627775687,2266.0,3.0,三星級,1
2025,4,桃園市,名人堂花園大飯店,128.0,1708,44.48,5357.0,9149162,11638884,24557506,190,3951,1183,5134,4820,2,0,76,43,0.9388391118036619,0.06116088819633814,0.7695753798208025,2382.7936,,無星等/未評鑑,0
2025,4,桃園市,和逸飯店桃園青埔館,218.0,4735,72.4,5053.0,23923660,0,26660937,108,9688,1484,11172,7790,191,486,623,474,0.6972789115646258,0.30272108843537415,0.8671679197994987,3658.3720000000003,4.0,四星級,1
2025,4,桃園市,尊爵大飯店,218.0,4648,71.07,2609.0,12127935,8181348,20837258,111,4344,3556,7900,1791,575,1283,150,321,0.22670886075949367,0.7732911392405063,0.549873417721519,1854.2162999999998,3.0,三星級,1
2025,4,桃園市,尊爵天際大飯店,250.0,5947,79.29,2604.0,15483590,1028087,16596396,84,3221,3166,6387,1087,173,7,0,0,0.1701894473148583,0.8298105526851417,0.5043056207922342,2064.7116,3.0,三星級,1
2025,4,桃園市,桃園喜來登酒店,189.0,2837,50.03999999999999,3219.0,9131922,10315342,21297997,142,3629,1556,5185,3347,156,49,70,927,0.6455159112825458,0.3544840887174542,0.6999035679845709,1610.7875999999999,4.0,四星級,1
2025,4,桃園市,桃園國際機場凱悅酒店,476.0,9592,67.17,3422.0,32821397,22177115,59768570,260,14274,469,14743,7855,708,195,222,2190,0.5327952248524723,0.4672047751475277,0.9681882927491012,2298.5574,,無星等/未評鑑,0
2025,4,桃園市,福容大飯店   桃園,182.0,4375,80.13,2200.0,9626566,4866060,14492626,62,3715,494,4209,1795,257,238,327,59,0.4264670943216916,0.5735329056783084,0.882632454264671,1762.86,3.0,三星級,1
2025,4,桃園市,福容徠旅 林口,149.0,3334,74.59,2742.0,9143338,0,9147996,27,5494,886,6380,3810,260,269,185,46,0.5971786833855799,0.4028213166144201,0.861128526645768,2045.2578,,無星等/未評鑑,0
2025,4,澎湖縣,寶華大飯店,74.0,686,30.9,1880.0,1289486,6570,1300556,16,720,790,1510,1488,2,0,1,0,0.9854304635761589,0.014569536423841067,0.4768211920529801,580.92,,無星等/未評鑑,0
2025,4,澎湖縣,澎湖福朋喜來登酒店,331.0,6557,66.03,3048.0,19982925,19515285,43178742,198,9808,5884,15692,14692,83,2,126,382,0.9362732602600051,0.06372673973999488,0.62503186336987,2012.5944,5.0,五星級,1
2025,4,花蓮縣,太魯閣晶英酒店,160.0,1251,26.06,9894.0,12377517,4075124,19305024,154,2722,1032,3754,3165,9,35,11,132,0.8431006925945658,0.15689930740543423,0.7250932338838573,2578.3763999999996,5.0,五星級,1
2025,4,花蓮縣,瑞穗天合國際觀光酒店,198.0,3022,50.88,9844.0,29749305,5464253,36784788,181,6498,2183,8681,8196,3,0,80,7,0.9441308604999424,0.05586913950005756,0.7485312751987099,5008.6272,5.0,五星級,1
2025,4,花蓮縣,美侖大飯店,299.0,3261,36.35,3061.0,9981495,5628432,16854745,177,6163,1670,7833,7570,6,8,45,50,0.9664241031533257,0.03357589684667428,0.7867994382739691,1112.6735,5.0,五星級,1
2025,4,花蓮縣,遠雄悅來大飯店,381.0,4286,37.5,4610.0,19757223,13591212,38529969,306,9478,1343,10821,10499,12,4,20,85,0.9702430459292117,0.029756954070788266,0.8758894741705943,1728.75,5.0,五星級,1
2025,4,苗栗縣,馥藝金鬱金香酒店,191.0,3397,59.28,2860.0,9717031,4729982,15015598,90,5523,2127,7650,6874,228,23,92,122,0.8985620915032679,0.10143790849673207,0.7219607843137255,1695.4080000000001,3.0,三星級,1
2025,4,金門縣,陸島酒店,47.0,758,53.76,1285.0,974204,120800,1105554,15,15,1495,1510,942,0,0,27,0,0.623841059602649,0.376158940397351,0.009933774834437087,690.8159999999999,,無星等/未評鑑,0
2025,4,高雄市,寒軒國際大飯店,371.0,8662,77.83,2174.0,18828858,12208296,31717028,221,7523,5224,12747,9564,1045,303,345,201,0.7502941868674983,0.24970581313250173,0.5901780811171256,1692.0241999999998,5.0,五星級,1
2025,4,高雄市,承攜行旅 高雄六合館,269.0,3476,43.07,1905.0,6623243,0,6623243,24,6133,142,6275,6133,41,19,33,12,0.9773705179282869,0.022629482071713114,0.9773705179282869,820.4835,,無星等/未評鑑,0
2025,4,高雄市,晶英國際行館,147.0,1670,37.87,5993.0,10008342,10769503,24411349,217,2768,398,3166,2369,46,66,170,138,0.7482627921667719,0.25173720783322806,0.8742893240682249,2269.5490999999997,4.0,四星級,1
2025,4,高雄市,漢來大飯店,535.0,10152,63.24999999999999,3661.0,37166428,58991090,123026944,785,12140,4254,16394,10293,1694,467,409,725,0.6278516530437965,0.37214834695620347,0.7405148224960352,2315.5824999999995,5.0,五星級,1
2025,4,高雄市,福容大飯店 高雄,250.0,5227,69.69,2431.0,12706825,4899647,17607826,75,3959,5816,9775,8167,88,301,209,91,0.8354987212276215,0.16450127877237852,0.4050127877237852,1694.1638999999998,3.0,三星級,1
2025,4,高雄市,義大皇家酒店,656.0,9532,48.43,2885.0,27499910,18476715,49094699,407,10072,13154,23226,22108,116,250,256,22,0.9518642900198054,0.04813570998019456,0.433651941789374,1397.2054999999998,4.0,四星級,1
2025,4,高雄市,高雄圓山大飯店,105.0,2123,67.4,3188.0,6768147,8851941,17118085,125,3382,1380,4762,4197,270,25,28,42,0.881352372952541,0.11864762704745901,0.7102057958840823,2148.712,5.0,五星級,1
2025,4,高雄市,高雄福華大飯店,271.0,6866,84.45,2629.0,18048306,17519592,39178227,299,9358,2534,11892,6180,2947,242,984,191,0.5196770938446014,0.48032290615539863,0.7869155734947864,2220.1905,5.0,五星級,1
2025,4,高雄市,高雄萬豪酒店,700.0,13546,64.5,4837.0,65518228,61156028,139808040,714,10862,2740,13602,7150,244,361,345,3381,0.5256579914718423,0.47434200852815767,0.7985590354359653,3119.865,5.0,五星級,1
2025,4,高雄市,麗尊大酒店,188.0,3708,65.74,2365.0,8769420,10610741,20086681,189,5874,1380,7254,5470,343,290,200,79,0.7540667218086573,0.2459332781913427,0.8097601323407775,1554.7509999999997,3.0,三星級,1
2025,5,南投縣,日月潭力麗溫德姆溫泉酒店,197.0,2471,40.46176518749,7433.1153379199,18367228,8976560,28507142,183,2938,3057,5995,5792,3,0,18,73,0.9661384487072561,0.03386155129274393,0.4900750625521268,3007.569674144454,5.0,五星級,1
2025,5,南投縣,涵碧樓大飯店,96.0,2297,77.184139784946,15960.804092294,36661967,5296624,46264293,289,3689,826,4515,3818,171,4,36,169,0.8456256921373201,0.15437430786267992,0.8170542635658915,12319.209341397582,5.0,五星級,1
2025,5,南投縣,漢來日月行館,93.0,1592,55.220256677072,23293.217336683,37082802,16821390,54668994,207,2978,379,3357,3256,5,0,8,31,0.9699136133452487,0.030086386654751274,0.8871015787905868,12862.574401664588,,無星等/未評鑑,0
2025,5,南投縣,雲品溫泉酒店日月潭,207.0,4095,63.814866760168,11314.184859585,46331587,19384259,72126103,323,7340,3013,10353,9384,163,8,46,444,0.9064039408866995,0.09359605911330049,0.7089732444702018,7220.13199314327,5.0,五星級,1
2025,5,台中市,全國大飯店,178.0,2554,46.284885828199,2370.0313234143,6053060,5510376,13493695,70,4020,540,4560,3621,342,97,50,101,0.7940789473684211,0.2059210526315789,0.881578947368421,1096.9662921348627,5.0,五星級,1
2025,5,台中市,台中港酒店,200.0,5469,88.209677419355,3067.9775095996,16778769,3547631,22340619,102,6465,794,7259,3561,566,53,16,24,0.49056343849015016,0.5094365615098498,0.8906185424989668,2706.2530645161687,3.0,三星級,1
2025,5,台中市,台中福華大飯店,155.0,3964,82.49739854318399,3098.2106458123,12281307,15669985,31464935,187,6586,882,7468,4774,538,114,64,205,0.6392608462774505,0.3607391537225495,0.8818960899839314,2555.9431841831274,5.0,五星級,1
2025,5,台中市,台中金典酒店,222.0,5120,74.396977622784,2831.6986328125,14498297,21678663,49280033,248,5387,4300,9687,7853,477,232,146,181,0.8106740993083514,0.18932590069164856,0.5561061216062765,2106.6981981981958,5.0,五星級,1
2025,5,台中市,裕元花園酒店,149.0,4007,86.750378869885,3595.7007736461,14407973,29593247,51447553,263,5453,695,6148,3923,142,77,85,737,0.6380936890045543,0.3619063109954457,0.8869551073519844,3119.284044165378,5.0,五星級,1
2025,5,台中市,通豪大飯店,226.0,2883,41.150442477876,2019.4672216441,5822124,1283887,7450860,61,2968,68,3036,2883,17,15,20,11,0.9496047430830039,0.05039525691699609,0.9776021080368906,831.019697402216,3.0,三星級,1
2025,5,台中市,長榮桂冠酒店(台中),354.0,5837,53.18935666119901,2530.3563474388,14769690,28948453,48464068,234,4404,1433,5837,4044,645,98,52,135,0.6928216549597396,0.3071783450402604,0.7544971732054138,1345.8802624385114,5.0,五星級,1
2025,5,台中市,龍谷大飯店,189.0,1166,19.901006997781,1828.7598627787,2132334,1128909,3676618,35,656,1915,2571,2558,5,0,0,2,0.9949436017113964,0.005056398288603603,0.2551536367172306,363.9416282641993,,無星等/未評鑑,0
2025,5,台北市,JR東日本大飯店台北,288.0,7290,81.653225806452,6064.7825788752,44212265,33123787,82059694,267,12669,684,13353,2582,4526,736,943,1534,0.1933647869392646,0.8066352130607354,0.9487755560548191,4952.09061379933,4.0,四星級,1
2025,5,台北市,三德大飯店,287.0,4744,53.321344273351,2115.906618887,10037861,2080748,16043589,82,6867,1320,8187,1435,2665,516,1003,243,0.17527787956516427,0.8247221204348357,0.8387687797728105,1128.2298527593584,3.0,三星級,1
2025,5,台北市,亞都麗緻大飯店,219.0,3822,56.296950950066005,4686.5745682889,17912088,17882388,39935303,197,6050,0,6050,871,2402,213,162,392,0.14396694214876032,0.8560330578512396,1.0,2638.3985859478694,4.0,四星級,1
2025,5,台北市,兄弟大飯店,250.0,4820,62.193548387096996,4017.8429460581,19366003,50462365,75108485,450,4078,2667,6745,2471,1294,265,235,482,0.36634544106745737,0.6336545589325426,0.6045959970348406,2498.839096774208,4.0,四星級,1
2025,5,台北市,北投老爺酒店,50.0,1051,67.80645161290299,5321.431018078,5592824,3902672,10936673,59,2143,90,2233,1675,40,46,238,73,0.7501119570085087,0.24988804299149125,0.9596954769368562,3608.27354838707,4.0,四星級,1
2025,5,台北市,北投麗禧溫泉酒店,66.0,871,42.570869990225,16029.554535017,13961742,6908212,25311276,149,1750,3,1753,943,52,126,252,142,0.537934968625214,0.46206503137478605,0.9982886480319453,6823.920821114302,4.0,四星級,1
2025,5,台北市,台北W飯店,405.0,9287,73.970529669454,10379.725745666,96396513,64022518,178475782,399,11708,1922,13630,2257,1418,327,1118,4617,0.16559060895084374,0.8344093910491562,0.8589875275128394,7677.938112305824,5.0,五星級,1
2025,5,台北市,台北中山雅樂軒酒店,88.0,2325,85.22727272727299,5081.6752688172,11814895,445842,13589127,40,3415,0,3415,313,568,124,270,944,0.09165446559297218,0.9083455344070278,1.0,4330.973240469218,,無星等/未評鑑,0
2025,5,台北市,台北凱撒大飯店,478.0,13781,93.00175462275601,3490.8923880705,48107988,19942118,70625463,147,17056,8173,25229,3504,12090,2596,1556,1258,0.13888778786317332,0.8611122121368266,0.676047405763209,3246.591172897794,4.0,四星級,1
2025,5,台北市,台北君品大酒店,286.0,5474,61.741484322129004,5328.487394958,29168140,40398287,75868557,267,9143,533,9676,1925,2511,836,957,1137,0.1989458453906573,0.8010541546093427,0.9449152542372882,3289.8872095646134,5.0,五星級,1
2025,5,台北市,台北君悅酒店,850.0,18828,71.45351043643299,6488.1733588273,122159328,116669481,268110943,562,20567,8279,28846,8474,1520,3799,771,9049,0.2937669000901338,0.7062330999098663,0.7129931359633918,4636.02762808353,5.0,五星級,1
2025,5,台北市,台北寒舍喜來登大飯店,688.0,17679,82.89103525881501,5229.5961310029,92454030,124765343,241924295,808,18065,8486,26551,4882,7135,1014,832,5844,0.18387254717336446,0.8161274528266356,0.6803886859252005,4334.866372843239,5.0,五星級,1
2025,5,台北市,台北寒舍艾美酒店,160.0,4153,83.729838709677,10306.385745244,42802420,73583389,127553857,336,5165,417,5582,1249,221,94,628,1525,0.22375492654962378,0.7762450734503762,0.9252955929774275,8629.520161289944,5.0,五星級,1
2025,5,台北市,台北漢來大飯店,424.0,7687,58.482958003651994,6467.9056849226,49718791,87955765,168887423,402,11400,2039,13439,8830,563,496,509,931,0.6570429347421683,0.34295706525783165,0.8482774015923804,3782.6225654291043,5.0,五星級,1
2025,5,台北市,台北美福大飯店,146.0,2810,62.08572691118,7310.5302491103,20542590,73026095,101722460,342,4394,333,4727,2084,404,582,136,835,0.44087158874550453,0.5591284112544954,0.9295536280939285,4538.795846221828,6.0,卓越五星,1
2025,5,台北市,台北艾麗酒店,235.0,5967,81.90803019903899,6543.6157197922,39045755,17271897,62513785,179,7685,839,8524,1540,291,539,891,1683,0.18066635382449553,0.8193336461755045,0.9015720319099014,5359.7467398764575,5.0,五星級,1
2025,5,台北市,台北花園大酒店,241.0,6510,87.136929460581,2699.1325652842,17571353,21046845,47813310,141,12725,839,13564,1093,467,6963,1388,582,0.08058094957239752,0.9194190504276025,0.9381450899439693,2351.941239459264,4.0,四星級,1
2025,5,台北市,台北萬豪酒店,318.0,8920,90.484885372286,6795.6602017937,60617289,86711135,185196129,503,10178,1781,11959,2256,422,1444,415,4245,0.18864453549627896,0.8113554645037211,0.8510745045572372,6149.045343883089,5.0,五星級,1
2025,5,台北市,台北遠東香格里拉,420.0,9428,72.411674347158,6520.8698557488,61478761,60045037,138531083,468,11603,2546,14149,1861,1387,624,902,4803,0.13152872994557918,0.8684712700544208,0.8200579546257686,4721.871044546812,5.0,五星級,1
2025,5,台北市,國王大飯店,97.0,2203,73.262387761889,1646.855197458,3628022,801383,4442956,47,660,1543,2203,140,1998,4,5,26,0.06354970494779846,0.9364502950522016,0.29959146618247845,1206.5254406385027,3.0,三星級,1
2025,5,台北市,國聯大飯店,232.0,3672,51.056729699666,3320.9618736383,12194572,2689863,16580852,126,4156,1652,5808,1653,591,210,283,45,0.28460743801652894,0.7153925619834711,0.7155647382920111,1695.5745272524705,4.0,四星級,1
2025,5,台北市,圓山大飯店,473.0,10120,69.01725431357801,4453.4813241107,45069231,72446401,131700170,560,10053,10000,20053,9590,5641,521,316,1511,0.4782326833890191,0.5217673166109809,0.50132149803022,3073.6705312691834,5.0,五星級,1
2025,5,台北市,天成大飯店,225.0,6401,91.770609318996,3958.6950476488,25339607,16596166,44100331,273,12537,238,12775,1397,3895,1878,938,1148,0.10935420743639922,0.8906457925636008,0.9813698630136987,3632.9185663082226,4.0,四星級,1
2025,5,台北市,日勝生加賀屋國際溫泉飯店,89.0,799,28.959768031896,9517.3617021277,7604372,5081693,16521881,123,1541,173,1714,1148,72,7,275,89,0.6697782963827305,0.33022170361726955,0.8990665110851809,2756.205871692691,,無星等/未評鑑,0
2025,5,台北市,晶華酒店,538.0,13247,79.42798896750199,7672.856646788,101642332,182133504,312605308,1002,17665,6026,23691,10066,5284,1720,643,2653,0.4248870879236841,0.5751129120763159,0.7456418049048161,6094.395730903016,5.0,五星級,1
2025,5,台北市,歐華酒店,112.0,1521,43.807603686636,3789.8428665352,5764351,4080086,10852795,106,1756,715,2471,426,795,90,117,190,0.17239983812221774,0.8276001618777823,0.7106434641845407,1660.2393433179857,4.0,四星級,1
2025,5,台北市,漢普頓酒店,121.0,2889,77.019461476939,2706.801315334,7819949,5874441,16216402,64,3705,1347,5052,1709,1067,586,369,250,0.3382818685669042,0.6617181314330958,0.7333729216152018,2084.763796320948,,無星等/未評鑑,0
2025,5,台北市,福容大飯店  台北一館,120.0,2339,62.876344086021994,3319.4668661821,7764233,8965560,17669543,77,3226,657,3883,1946,285,149,138,286,0.5011588977594643,0.4988411022405357,0.8308009271182075,2087.1594086021487,4.0,四星級,1
2025,5,台北市,福華大飯店,606.0,12374,65.86819972319799,4547.3756263132,56269226,44691669,117532537,468,19860,1617,21477,5559,2623,2593,784,2578,0.25883503282581366,0.7411649671741863,0.924710155049588,2995.274459704004,5.0,五星級,1
2025,5,台北市,第一大飯店,176.0,2260,41.422287390029,1874.2203539823,4235738,2733180,29664984,38,486,3564,4050,843,1408,254,50,145,0.20814814814814814,0.7918518518518518,0.12,776.3449413489672,4.0,四星級,1
2025,5,台北市,美麗信花園酒店,203.0,6055,96.218020022247,2541.387283237,15388100,5224752,30288881,117,11514,568,12082,1794,3304,1636,876,987,0.14848535010759809,0.8515146498924019,0.9529879159079623,2445.272525027816,,無星等/未評鑑,0
2025,5,台北市,義華酒店,149.0,2491,53.929421952804,4004.1521477318,9974343,276323,11404462,17,3268,327,3595,863,166,328,242,992,0.24005563282336578,0.7599443671766342,0.9090403337969402,2159.416107382546,,無星等/未評鑑,0
2025,5,台北市,老爺大酒店,202.0,5593,89.31651229639101,5390.6720901126,30150029,33158673,70426775,222,8781,312,9093,1234,6086,95,273,82,0.13570878697899483,0.8642912130210052,0.9656878917848895,4814.760300223538,5.0,五星級,1
2025,5,台北市,豪景大酒店,209.0,3012,46.488655656737,2271.8997343958,6842962,84880,7128054,41,4292,2418,6710,1420,613,864,569,266,0.21162444113263784,0.7883755588673622,0.6396423248882265,1056.1756443895858,3.0,三星級,1
2025,5,台北市,雀客旅館台北南京,56.0,1713,98.675115207373,2257.5201401051,3867132,0,3867132,9,2679,747,3426,2055,365,401,258,32,0.5998248686514887,0.40017513134851135,0.7819614711033275,2227.610599078356,,無星等/未評鑑,0
2025,5,台北市,雀客藏居台北陽明山,50.0,822,53.032258064516,3032.3600973236,2492600,1643606,4934686,21,1536,108,1644,1278,10,0,228,8,0.7773722627737226,0.22262773722627738,0.9343065693430657,1608.1290322580599,3.0,三星級,1
2025,5,台南市,台南大員皇冠假日酒店,230.0,4163,58.387096774194006,3943.8479461926,16418239,19067198,39346605,240,7233,1666,8899,8027,66,33,77,231,0.9020114619620182,0.0979885380379818,0.8127879537026632,2302.698316970536,5.0,五星級,1
2025,5,台南市,台南大飯店,152.0,2474,52.504244482173,2205.9684721099,5457566,9207183,15587120,110,3676,547,4223,2342,841,168,119,77,0.5545820506748756,0.44541794932512435,0.8704712289841345,1158.2270797962383,3.0,三星級,1
2025,5,台南市,台南遠東香格里拉,331.0,7110,69.291492057304,3834.3654008439,27262338,20853969,53706851,349,10343,710,11053,5810,922,575,245,1027,0.525649145028499,0.474350854971501,0.9357640459603728,2656.8889971737635,5.0,五星級,1
2025,5,台南市,台糖長榮酒店(台南),197.0,4208,68.904535778615,2730.2630703422,11488947,18587051,31271197,165,6693,1586,8279,7441,274,100,28,63,0.8987800458992632,0.10121995410073681,0.8084309699239038,1881.2750941542536,5.0,五星級,1
2025,5,台南市,趣淘漫旅,159.0,2714,55.061878677216,3646.6831245394,9897098,2185181,13309076,93,5133,3037,8170,8143,0,3,0,0,0.9966952264381885,0.0033047735618114693,0.6282741738066095,2007.9322377763942,3.0,三星級,1
2025,5,台南市,遠百企業觀光旅館,40.0,140,11.290322580645,510.0,71400,0,71400,23,140,0,140,140,0,0,0,0,1.0,0.0,1.0,57.5806451612895,,無星等/未評鑑,0
2025,5,台東縣,台東桂田喜來登酒店,290.0,4575,50.889877641824,3160.6072131148,14459778,17540592,33098046,170,5400,4307,9707,9176,15,6,35,306,0.9452972082002679,0.05470279179973214,0.5562995776243947,1608.4291434927852,5.0,五星級,1
2025,5,台東縣,娜路彎大酒店,292.0,3967,43.824569155988,5069.6281825057,20111215,13228783,35480615,181,8344,1458,9802,7795,5,0,1,23,0.7952458681901653,0.2047541318098347,0.8512548459498062,2221.742708793668,5.0,五星級,1
2025,5,台東縣,樂樂日暉溫泉酒店,48.0,373,25.067204301075,2490.5790884718,928986,0,928986,9,748,0,748,748,0,0,0,0,1.0,0.0,1.0,624.3185483870776,,無星等/未評鑑,0
2025,5,台東縣,知本老爺大酒店,182.0,2238,39.666784828075,4548.7823949955,10180175,5870428,17719515,180,3668,916,4584,4449,17,0,23,39,0.9705497382198953,0.02945026178010468,0.800174520069808,1804.3557249202217,5.0,五星級,1
2025,5,嘉義市,耐斯王子大飯店,245.0,3593,47.307439104673996,2370.0136376287,8515459,10602680,20959183,112,2927,5788,8715,8473,82,0,20,21,0.972231784279977,0.02776821572002297,0.33585771658060815,1121.1927583936663,5.0,五星級,1
2025,5,嘉義市,鈺通大飯店,120.0,1339,35.994623655914,2090.1620612397,2798727,4009815,6830487,65,1037,1542,2579,2520,22,0,0,2,0.97712291585886,0.02287708414113998,0.40209383481969757,752.3459677419247,3.0,三星級,1
2025,5,嘉義縣,名都觀光渡假大飯店,97.0,646,21.483205853010002,1777.8684210526,1148503,824417,2029537,41,279,1195,1474,1474,0,0,0,0,1.0,0.0,0.189280868385346,381.94313269038867,3.0,三星級,1
2025,5,嘉義縣,阿里山賓館(歷史館),35.0,350,32.258064516129,10390.882857143,3636809,0,3636809,11,590,253,843,752,11,3,8,31,0.8920521945432978,0.10794780545670224,0.6998813760379596,3351.897695852577,4.0,四星級,1
2025,5,嘉義縣,阿里山賓館(現代館),104.0,1682,52.171215880892994,10556.589774078,17756184,7449893,25725722,97,2889,1238,4127,3673,53,15,37,150,0.8899927307971892,0.11000726920281079,0.7000242306760358,5507.501240694508,4.0,四星級,1
2025,5,基隆市,長榮桂冠酒店(基隆),140.0,3758,86.589861751152,3095.9510377861,11634584,8169700,23398593,89,4236,3685,7921,7651,41,3,10,59,0.9659133947733872,0.034086605226612776,0.5347809619997476,2680.77972350234,5.0,五星級,1
2025,5,宜蘭縣,凱渡廣場酒店,285.0,3164,35.812110922467,5880.9453223767,18607311,19983549,42003487,145,4897,3303,8200,8151,2,0,13,7,0.9940243902439024,0.005975609756097566,0.5971951219512195,2106.090662139178,,無星等/未評鑑,0
2025,5,宜蘭縣,山泉大飯店,146.0,3083,68.117543084401,1896.6788842037,5847461,2029514,8291552,40,3098,3246,6344,5880,0,53,121,0,0.926860025220681,0.073139974779319,0.48833543505674654,1291.9710561201914,3.0,三星級,1
2025,5,宜蘭縣,幼獅大飯店,53.0,183,11.138161898965,1512.8415300546,276850,0,287150,8,57,125,182,182,0,0,0,0,1.0,0.0,0.3131868131868132,168.5027388922606,3.0,三星級,1
2025,5,宜蘭縣,悅川酒店,103.0,2067,64.73535859693101,4345.198355104,8981525,8334077,17315602,96,2410,2803,5213,5174,0,0,8,4,0.9925187032418953,0.007481296758104716,0.46230577402647227,2812.8797369245226,4.0,四星級,1
2025,5,宜蘭縣,礁溪老爺酒店,197.0,4300,70.41100376617,8231.6639534884,35396155,25784782,71400001,298,8977,1993,10970,10501,14,7,123,108,0.9572470373746581,0.042752962625341895,0.8183226982680036,5795.997216309175,5.0,五星級,1
2025,5,宜蘭縣,礁溪麒麟酒店,167.0,3023,58.392891636083,3267.5656632484,9877851,0,9877851,52,5812,234,6046,5922,0,2,84,0,0.9794905722791929,0.020509427720807105,0.9612967251075091,1908.026076878495,,無星等/未評鑑,0
2025,5,宜蘭縣,綠舞國際觀光飯店,113.0,1380,39.394804453325996,5554.3876811594,7665055,3956486,15379656,275,2374,1582,3956,3956,0,0,0,0,1.0,0.0,0.6001011122345804,2188.140165572374,4.0,四星級,1
2025,5,宜蘭縣,蘭城晶英酒店,193.0,4329,72.35500584990801,10052.548394548,43517482,38275051,91480129,321,15489,244,15733,15420,0,4,54,45,0.9801055107099726,0.01989448929002735,0.9844911968473908,7273.521978940038,5.0,五星級,1
2025,5,宜蘭縣,長榮鳳凰酒店(礁溪),231.0,4251,59.36321742773401,4655.468125147,19790395,24190489,48977829,245,9149,1976,11125,10725,82,16,51,82,0.9640449438202248,0.035955056179775235,0.8223820224719101,2763.635665409866,5.0,五星級,1
2025,5,屏東縣,凱撒大飯店,281.0,6531,74.97417058891101,5504.6700352167,35951000,7672182,47309952,207,14661,1608,16269,15334,56,401,52,51,0.9425287356321839,0.05747126436781613,0.9011617186059376,4127.080702560036,5.0,五星級,1
2025,5,屏東縣,墾丁怡灣渡假酒店,234.0,4003,55.18334711883101,3016.7716712466,12076137,3585197,32315494,85,8038,1458,9496,9413,0,0,15,28,0.9912594776748105,0.008740522325189515,0.8464616680707666,1664.7555831265706,3.0,三星級,1
2025,5,屏東縣,墾丁福華渡假飯店,458.0,5755,40.533878010987,3429.90981755,19739131,7609524,28342901,213,7280,8238,15518,14890,55,156,52,169,0.959530867379817,0.040469132620183035,0.46913262018301327,1390.2754613325837,5.0,五星級,1
2025,5,新北市,八里福朋喜來登酒店,241.0,2911,38.963994110561,4151.9711439368,12086388,19243928,31394584,147,4086,2958,7044,6081,125,66,96,373,0.8632879045996593,0.13671209540034068,0.580068143100511,1617.7737919957272,3.0,三星級,1
2025,5,新北市,大板根渡假酒店,95.0,2185,74.193548387097,6512.0,14228720,13262133,39171100,214,3317,3238,6555,6357,9,27,45,33,0.9697940503432494,0.030205949656750608,0.5060259344012205,4831.483870967756,4.0,四星級,1
2025,5,新北市,板橋凱撒大飯店,400.0,11645,93.911290322581,3950.9011592958,46008244,14444279,60560114,144,19672,2791,22463,7880,1610,4345,1947,744,0.35079909183991453,0.6492009081600855,0.8757512353648221,3710.342258064497,5.0,五星級,1
2025,5,新北市,瓏山林台北中和飯店,126.0,2411,61.725550435228,2463.4736623808,5939435,3352921,10332060,80,3917,564,4481,2386,86,369,100,155,0.5324704307074314,0.4675295692925686,0.8741352376701629,1520.5926779314188,3.0,三星級,1
2025,5,新北市,碧特弗大飯店,55.0,212,12.434017595308,2800.2924528302,593662,210172,803834,17,180,160,340,307,2,2,2,4,0.9029411764705882,0.09705882352941175,0.5294117647058824,348.18885630498903,,無星等/未評鑑,0
2025,5,新北市,福容大飯店    淡水漁人碼頭,198.0,3270,53.27468230694,4701.844648318,15375032,17633085,36598774,144,4031,4677,8708,8406,86,8,24,64,0.965319246669729,0.034680753330270986,0.462907671107028,2504.892798957275,4.0,四星級,1
2025,5,新北市,福容大飯店 福隆,174.0,3124,57.916203188728,5033.0441741357,15723230,7586961,26069219,110,1593,1531,3124,2988,0,0,0,0,0.9564660691421255,0.04353393085787449,0.5099231754161332,2914.9480904708694,3.0,三星級,1
2025,5,新北市,美麗春天大飯店,34.0,30,2.8462998102467,2584.0666666667,77522,0,77522,5,52,0,52,52,0,0,0,0,1.0,0.0,1.0,73.55028462998251,,無星等/未評鑑,0
2025,5,新竹市,新竹國賓大飯店,257.0,5730,71.921676917284,3381.6104712042,19376628,29158418,55583431,268,7229,613,7842,3499,778,641,41,841,0.44618719714358585,0.5538128028564142,0.9218311655190002,2432.11095770053,4.0,四星級,1
2025,5,新竹市,新竹老爺大酒店,208.0,5041,78.179280397022,3145.6758579647,15857352,14492340,31388917,158,5795,1622,7417,4799,801,230,10,690,0.6470270999056222,0.35297290009437776,0.7813131994067682,2459.26674937965,4.0,四星級,1
2025,5,新竹縣,新竹喜來登大飯店,386.0,9393,78.497409326425,4122.0109656127,38718049,38396842,88798124,323,10367,476,10843,3777,290,538,56,2940,0.34833533155030894,0.6516646684496911,0.9561007101355713,3235.6718201571243,4.0,四星級,1
2025,5,新竹縣,豐邑喜來登大飯店,384.0,6262,52.604166666667,4122.0108591504,25812032,2455903,30903386,108,6912,318,7230,2518,194,358,37,1960,0.3482710926694329,0.6517289073305671,0.9560165975103735,2168.349462365589,4.0,四星級,1
2025,5,桃園市,南方莊園渡假飯店,111.0,1421,41.296134844522,5612.6143560873,7975525,8783665,19451151,105,2458,1239,3697,3669,6,5,0,8,0.9924262915877738,0.007573708412226154,0.6648634027589938,2317.7927927928117,4.0,四星級,1
2025,5,桃園市,古華花園飯店,255.0,6889,87.147375079064,2690.3925097982,18534114,8515639,29992274,162,10915,99,11014,6288,306,282,408,809,0.5709097512257127,0.42909024877428725,0.991011439985473,2344.6064516128813,3.0,三星級,1
2025,5,桃園市,名人堂花園大飯店,128.0,1609,40.54939516129,5593.2753262896,8999580,12709323,25235243,194,4533,394,4927,4682,18,8,36,100,0.9502740004059266,0.04972599959407342,0.9200324741221839,2268.0393145161024,,無星等/未評鑑,0
2025,5,桃園市,和逸飯店桃園青埔館,218.0,4701,69.562000591891,4761.1486917677,22382160,0,25803751,104,8457,1694,10151,7631,237,197,239,395,0.751748596197419,0.24825140380258104,0.8331198896660428,3311.9502811482585,4.0,四星級,1
2025,5,桃園市,尊爵大飯店,218.0,4428,65.522343888724,2595.586269196,11493256,10057617,22255993,114,4181,3137,7318,1698,551,1216,66,249,0.23203060945613554,0.7679693905438645,0.5713309647444657,1700.6889612311047,3.0,三星級,1
2025,5,桃園市,尊爵天際大飯店,250.0,5898,76.103225806452,2625.9325194981,15487750,3281678,18956730,81,3954,2820,6774,1172,316,0,0,344,0.1730144670800118,0.8269855329199882,0.5837023914969,1998.4193548386934,3.0,三星級,1
2025,5,桃園市,桃園喜來登酒店,189.0,2635,44.973544973544996,3307.3920303605,8714978,12995015,23493835,141,3531,921,4452,2537,204,49,30,802,0.5698562443845463,0.4301437556154537,0.7931266846361186,1487.4514422256225,4.0,四星級,1
2025,5,桃園市,桃園國際機場凱悅酒店,476.0,9082,61.547844944428995,3370.1966527197,30608126,23342014,58648401,263,11847,1113,12960,6187,921,194,168,1987,0.47739197530864197,0.522608024691358,0.9141203703703704,2074.283410138257,,無星等/未評鑑,0
2025,5,桃園市,福容大飯店   桃園,182.0,4049,71.765331442751,2236.2121511484,9054423,5262551,14316974,62,3624,379,4003,1401,367,348,332,114,0.349987509367974,0.6500124906320259,0.9053210092430677,1604.8250620347214,3.0,三星級,1
2025,5,桃園市,福容徠旅 林口,149.0,3957,85.667893483438,2627.4298711145,10396740,0,10437064,25,6174,1267,7441,4406,352,843,162,63,0.5921247144201048,0.40787528557989516,0.8297271872060207,2250.863823338402,,無星等/未評鑑,0
2025,5,澎湖縣,寶華大飯店,74.0,1369,59.677419354839,2332.0664718773,3192599,27885,3233434,17,1448,1627,3075,3037,7,0,3,3,0.9876422764227643,0.012357723577235746,0.4708943089430894,1391.7170880558149,,無星等/未評鑑,0
2025,5,澎湖縣,澎湖福朋喜來登酒店,331.0,7509,73.180001949128,3756.8532427753,28210211,24722790,57724858,200,7596,10175,17771,17131,24,0,8,442,0.9639862697653481,0.03601373023465193,0.4274379607225255,2749.265276288843,5.0,五星級,1
2025,5,花蓮縣,太魯閣晶英酒店,160.0,1179,23.770161290323,10143.512298558,11959201,3999740,18710852,157,3105,473,3578,3378,12,4,12,76,0.9441028507546115,0.05589714924538847,0.8678032420346562,2411.1292338709864,5.0,五星級,1
2025,5,花蓮縣,瑞穗天合國際觀光酒店,198.0,2368,38.579341805148,9940.3741554054,23538806,4212800,30457426,179,4429,2188,6617,6391,4,0,2,10,0.9658455493426024,0.03415445065739764,0.6693365573522745,3834.930922124442,5.0,五星級,1
2025,5,花蓮縣,美侖大飯店,299.0,3266,35.235732009926004,2964.6169626454,9682439,5287081,16276040,179,6472,1412,7884,7540,20,7,38,46,0.9563673262303399,0.04363267376966007,0.8209030948756976,1044.6044880785412,5.0,五星級,1
2025,5,花蓮縣,遠雄悅來大飯店,381.0,4558,38.591143848954005,4377.1625713032,19951107,16485861,41342966,300,8823,2127,10950,10720,6,18,6,50,0.9789954337899544,0.02100456621004565,0.8057534246575343,1689.1971043941917,5.0,五星級,1
2025,5,苗栗縣,馥藝金鬱金香酒店,191.0,3093,52.237797669313004,2810.2715809893,8692170,3940113,13663670,90,5374,1088,6462,5857,135,6,106,65,0.9063757350665429,0.0936242649334571,0.8316310739709069,1468.0239824353944,3.0,三星級,1
2025,5,金門縣,陸島酒店,47.0,871,59.780370624571,1391.7979334099,1212256,141920,1364506,15,125,1649,1774,958,0,0,20,0,0.5400225479143179,0.4599774520856821,0.07046223224351747,832.0219629375581,,無星等/未評鑑,0
2025,5,高雄市,寒軒國際大飯店,371.0,7854,68.289713937918,2173.3445378151,17069448,12791738,30791545,220,6733,3611,10344,7502,999,311,232,138,0.7252513534416086,0.2747486465583914,0.650908739365816,1484.1707677592976,5.0,五星級,1
2025,5,高雄市,承攜行旅 高雄六合館,269.0,4210,50.485669744574004,1614.4665083135,6796904,0,6796904,24,6299,580,6879,6698,40,63,23,13,0.9736880360517517,0.026311963948248307,0.9156854193923536,815.074229523909,,無星等/未評鑑,0
2025,5,高雄市,漢來大飯店,535.0,11818,71.257160084414,3761.7603655441,44456484,74162222,155020342,801,13403,5811,19214,12163,2521,844,290,764,0.6330280004163631,0.3669719995836369,0.6975642760487145,2680.5236056677963,5.0,五星級,1
2025,5,高雄市,然一酒店,147.0,1851,40.618828176432,6194.5942733657,11466194,12523993,26070861,217,2919,476,3395,2430,76,152,425,57,0.7157584683357879,0.28424153166421207,0.8597938144329897,2516.17160412551,,無星等/未評鑑,0
2025,5,高雄市,福容大飯店 高雄,250.0,5646,72.851612903226,2361.7291888062,13334323,5685842,19021968,1,3880,6944,10824,9954,229,369,58,21,0.9196230598669624,0.08037694013303764,0.35846267553584626,1720.5578064515921,3.0,三星級,1
2025,5,高雄市,義大皇家酒店,656.0,8477,41.684697088906,2974.6196767724,25215851,21063451,49755530,376,10175,11449,21624,21188,18,108,71,38,0.9798372179060303,0.02016278209396971,0.4705419903810581,1239.9612018095695,4.0,四星級,1
2025,5,高雄市,高雄圓山大飯店,105.0,1968,60.460829493088,2922.0848577236,5750663,11203887,18752864,126,2649,1790,4439,3367,621,116,24,114,0.7585041676053165,0.24149583239468353,0.5967560261320117,1766.716743471609,5.0,五星級,1
2025,5,高雄市,高雄福華大飯店,271.0,6850,81.53791215331499,2693.8962043796,18453189,22658317,45000904,300,9897,1806,11703,5778,3198,217,935,366,0.4937195590874135,0.5062804409125865,0.8456805947193028,2196.5467206285252,5.0,五星級,1
2025,5,高雄市,高雄萬豪酒店,700.0,13664,62.967741935484,4708.5927254098,64338211,70353842,149513691,715,15789,6040,21829,11260,766,860,1452,3920,0.5158275688304549,0.4841724311695451,0.7233038618351734,2964.8945161290153,5.0,五星級,1
2025,5,高雄市,麗尊大酒店,188.0,3377,57.944406314344995,2264.0,7645528,11884869,20418207,190,5453,972,6425,4989,439,284,175,168,0.7764980544747082,0.2235019455252918,0.848715953307393,1311.8613589567706,3.0,三星級,1
2025,6,南投縣,日月潭力麗溫德姆溫泉酒店,197.0,2163,36.6,7457.0,16128725,7767892,25148466,195,2908,2318,5226,4957,8,0,23,126,0.9485265977803291,0.051473402219670894,0.5564485265977803,2729.262,5.0,五星級,1
2025,6,南投縣,涵碧樓大飯店,96.0,2115,73.44,15626.0,33048535,6371435,43399913,286,3477,741,4218,3603,45,11,43,266,0.8541963015647226,0.1458036984352774,0.8243243243243243,11475.7344,5.0,五星級,1
2025,6,南投縣,漢來日月行館,93.0,1764,63.23,22052.0,38899715,18181261,57699686,213,3291,436,3727,3599,20,0,28,32,0.9656560236114837,0.03434397638851627,0.8830158304266166,13943.479599999999,,無星等/未評鑑,0
2025,6,南投縣,雲品溫泉酒店日月潭,207.0,4040,65.06,11138.0,44995712,18915367,70480054,315,6966,3254,10220,9251,22,0,46,628,0.9051859099804306,0.09481409001956942,0.6816046966731898,7246.3828,5.0,五星級,1
2025,6,台中市,全國大飯店,178.0,2781,52.07999999999999,2237.0,6220826,4918286,13250354,70,4083,538,4621,3271,411,68,76,138,0.7078554425449037,0.29214455745509627,0.8835749837697469,1165.0295999999998,5.0,五星級,1
2025,6,台中市,台中港酒店,200.0,5127,85.45,2989.0,15324403,3116750,20187777,101,6001,316,6317,2678,352,99,29,123,0.42393541237929394,0.576064587620706,0.949976254551211,2554.1005,3.0,三星級,1
2025,6,台中市,台中福華大飯店,155.0,4024,86.54,2871.0,11551107,11899514,26925382,181,6524,555,7079,4009,400,195,31,373,0.5663229269670857,0.43367707303291425,0.9215990959175024,2484.5634000000005,5.0,五星級,1
2025,6,台中市,台中金典酒店,222.0,4274,64.17,2794.0,11939985,16862056,38688676,250,5650,2294,7944,6019,402,255,133,357,0.7576787512588117,0.24232124874118832,0.7112286002014099,1792.9098000000001,5.0,五星級,1
2025,6,台中市,裕元花園酒店,149.0,3894,87.11,3490.0,13591921,28005732,48086654,251,5177,456,5633,3495,140,76,85,931,0.6204509142552814,0.3795490857447186,0.9190484644061779,3040.139,5.0,五星級,1
2025,6,台中市,通豪大飯店,226.0,2345,34.59,2236.0,5244247,1128099,6730957,62,2428,62,2490,2348,19,3,30,14,0.9429718875502008,0.05702811244979922,0.9751004016064257,773.4324,3.0,三星級,1
2025,6,台中市,長榮桂冠酒店(台中),354.0,6363,59.92000000000001,2395.0,15239417,20004192,40327183,234,5216,1147,6363,4477,479,201,37,236,0.7035989313217036,0.2964010686782964,0.8197391167688197,1435.0840000000003,5.0,五星級,1
2025,6,台中市,龍谷大飯店,189.0,679,11.98,2038.0,1383726,625689,2381324,35,394,1107,1501,1497,0,0,2,0,0.9973351099267155,0.0026648900732845204,0.262491672218521,244.15240000000003,,無星等/未評鑑,0
2025,6,台北市,JR東日本大飯店台北,288.0,6084,70.42,5240.0,31878409,23922339,60397955,265,11222,431,11653,3215,3427,484,1061,1298,0.2758946194113104,0.7241053805886897,0.9630138161846735,3690.008,4.0,四星級,1
2025,6,台北市,三德大飯店,215.0,3805,58.989999999999995,1776.0,6755814,1259322,11441167,82,6186,334,6520,1609,1754,282,1157,325,0.24677914110429447,0.7532208588957056,0.9487730061349693,1047.6624,3.0,三星級,1
2025,6,台北市,亞都麗緻大飯店,219.0,2283,34.75,3829.0,8741430,11561197,22606791,196,3710,0,3710,1083,1247,116,225,164,0.2919137466307278,0.7080862533692722,1.0,1330.5775,4.0,四星級,1
2025,6,台北市,兄弟大飯店,250.0,3987,53.16,3862.0,15397488,44160613,64340478,450,3178,1756,4934,2039,1116,282,111,332,0.4132549655451966,0.5867450344548034,0.6441021483583299,2053.0391999999997,4.0,四星級,1
2025,6,台北市,北投老爺酒店,50.0,826,55.06999999999999,5071.0,4188331,2586855,7920643,59,1584,160,1744,1443,28,17,153,40,0.8274082568807339,0.17259174311926606,0.908256880733945,2792.5996999999998,4.0,四星級,1
2025,6,台北市,北投麗禧溫泉酒店,66.0,491,24.8,15873.0,7793471,4417887,14744873,145,1120,3,1123,657,43,21,160,84,0.585040071237756,0.41495992876224397,0.9973285841495992,3936.5040000000004,4.0,四星級,1
2025,6,台北市,台北W飯店,405.0,8992,74.01,8779.0,78938654,32457358,126648099,409,13812,283,14095,2596,569,207,1193,5295,0.18417878680383115,0.8158212131961688,0.9799219581411848,6497.3379,5.0,五星級,1
2025,6,台北市,台北中山雅樂軒酒店,88.0,2205,83.52,4382.0,9661981,421071,11212669,39,3280,0,3280,434,481,86,274,1002,0.1323170731707317,0.8676829268292683,1.0,3659.8463999999994,,無星等/未評鑑,0
2025,6,台北市,台北凱撒大飯店,478.0,12209,85.14,3172.0,38724066,16913708,58353565,146,15867,6661,22528,4116,9796,1259,1882,947,0.1827059659090909,0.8172940340909091,0.7043235085227273,2700.6408,4.0,四星級,1
2025,6,台北市,台北君品大酒店,286.0,4705,54.84,4533.0,21329558,36778947,63113793,276,8687,149,8836,2236,1383,407,904,1309,0.25305568130375733,0.7469443186962427,0.9831371661385242,2485.8972,5.0,五星級,1
2025,6,台北市,台北君悅酒店,850.0,19396,76.06,5652.0,109628866,99097384,235795734,558,24595,7961,32556,9626,929,1080,902,14522,0.2956751443666298,0.7043248556333702,0.7554675021501412,4298.9112,5.0,五星級,1
2025,6,台北市,台北寒舍喜來登大飯店,688.0,15155,73.43,4500.0,68189970,130077918,219996171,799,14917,7500,22417,4689,3152,810,722,5101,0.2091716108310657,0.7908283891689343,0.6654324842753268,3304.3500000000004,5.0,五星級,1
2025,6,台北市,台北寒舍艾美酒店,160.0,4014,83.63,8515.0,34181214,66352169,110617664,320,5585,146,5731,1629,175,167,521,1709,0.2842435875065434,0.7157564124934566,0.9745245157913104,7121.094499999999,5.0,五星級,1
2025,6,台北市,台北漢來大飯店,424.0,6055,47.6,5066.0,30672981,81979232,126268541,400,10236,1561,11797,9593,209,231,344,421,0.8131728405526829,0.1868271594473171,0.8676782232771043,2411.416,5.0,五星級,1
2025,6,台北市,台北美福大飯店,146.0,2322,53.010000000000005,6886.0,15990224,54422300,76732878,339,3531,204,3735,2050,132,222,226,522,0.5488621151271754,0.4511378848728246,0.9453815261044177,3650.2686000000003,6.0,卓越五星,1
2025,6,台北市,台北艾麗酒店,235.0,5649,80.13,6015.0,33976375,20729243,60781835,178,6949,878,7827,1962,209,571,797,1155,0.25067075507857417,0.7493292449214258,0.8878241982879775,4819.8195,5.0,五星級,1
2025,6,台北市,台北花園大酒店,241.0,5848,80.89,2315.0,13535391,21001786,42932483,150,12192,318,12510,1349,348,4223,1851,867,0.10783373301358913,0.8921662669864109,0.9745803357314149,1872.6035000000002,4.0,四星級,1
2025,6,台北市,台北萬豪酒店,318.0,8100,84.91,6277.0,50839785,64392435,142966201,504,9146,1404,10550,2312,407,772,287,3834,0.21914691943127962,0.7808530805687204,0.8669194312796209,5329.8007,5.0,五星級,1
2025,6,台北市,台北遠東香格里拉,420.0,9361,74.29,6006.0,56219182,57491734,129831523,465,11796,2766,14562,2311,277,204,886,6357,0.15870072792198875,0.8412992720780113,0.8100535640708694,4461.857400000001,5.0,五星級,1
2025,6,台北市,國王大飯店,97.0,1801,61.89,1736.0,3127225,741516,3885720,47,540,1261,1801,91,1669,4,0,14,0.05052748473070516,0.9494725152692949,0.29983342587451417,1074.4104,3.0,三星級,1
2025,6,台北市,國聯大飯店,232.0,3088,44.37,3113.0,9612080,2377254,13317485,105,3534,1564,5098,2019,393,114,122,122,0.3960376618281679,0.6039623381718321,0.6932130247155748,1381.2381,4.0,四星級,1
2025,6,台北市,圓山大飯店,473.0,9104,64.16,4329.0,39412595,59319778,113091812,550,9339,8628,17967,9137,4420,329,396,1613,0.5085434407524907,0.4914565592475093,0.5197862748372015,2777.4864000000002,5.0,五星級,1
2025,6,台北市,天成大飯店,225.0,6023,89.23,3494.0,21047274,15071128,38266838,261,11898,336,12234,1847,3030,1042,960,1573,0.15097269903547492,0.8490273009645251,0.9725355566454145,3117.6962,4.0,四星級,1
2025,6,台北市,日勝生加賀屋國際溫泉飯店,89.0,618,23.15,8810.0,5444880,3767446,11535909,122,1122,193,1315,940,106,10,88,91,0.714828897338403,0.28517110266159695,0.8532319391634982,2039.515,,無星等/未評鑑,0
2025,6,台北市,晶華酒店,538.0,12288,76.13,5663.0,69584154,159217467,254521821,871,19336,3065,22401,8046,4965,1449,814,3149,0.35918039373242266,0.6408196062675773,0.863175751082541,4311.2419,5.0,五星級,1
2025,6,台北市,歐華酒店,112.0,1158,34.46,3535.0,4093475,4042139,8960991,106,1607,410,2017,463,545,26,30,187,0.22954883490332176,0.7704511650966782,0.7967278135845315,1218.161,4.0,四星級,1
2025,6,台北市,漢普頓酒店,121.0,2797,77.05,2507.0,7010741,4655840,14254389,62,3226,1439,4665,1607,1443,246,311,298,0.3444801714898178,0.6555198285101822,0.6915326902465166,1931.6435000000001,,無星等/未評鑑,0
2025,6,台北市,福容大飯店  台北一館,120.0,1904,52.89,3253.0,6192828,7555815,14538265,75,2126,636,2762,1895,104,164,95,95,0.6860970311368574,0.3139029688631426,0.7697320782041999,1720.5117,4.0,四星級,1
2025,6,台北市,福華大飯店,606.0,10865,59.760000000000005,4255.0,46229871,36278044,97827910,471,18000,648,18648,6079,1595,1163,532,3858,0.32598670098670096,0.674013299013299,0.9652509652509652,2542.788,5.0,五星級,1
2025,6,台北市,第一大飯店,176.0,1464,27.73,1886.0,2760572,2808323,28279672,38,369,2188,2557,748,787,38,76,26,0.29253030895580756,0.7074696910441924,0.1443097379741885,522.9878,4.0,四星級,1
2025,6,台北市,美麗信花園酒店,203.0,5773,94.79,2010.0,11601010,5000487,25352763,113,10850,1124,11974,2201,3390,1161,891,1604,0.18381493235343244,0.8161850676465676,0.9061299482211458,1905.2790000000002,,無星等/未評鑑,0
2025,6,台北市,義華酒店,149.0,2203,49.28,3849.0,8478726,244338,9683550,18,2828,168,2996,837,127,173,92,890,0.2793724966622163,0.7206275033377837,0.9439252336448598,1896.7872,,無星等/未評鑑,0
2025,6,台北市,老爺大酒店,202.0,4832,79.74,4761.0,23004481,25552439,54658305,220,7246,275,7521,1446,4384,137,331,256,0.19226166733147187,0.8077383326685281,0.9634357133359925,3796.4213999999997,5.0,五星級,1
2025,6,台北市,豪景大酒店,209.0,2571,41.0,2200.0,5656029,99830,5871140,42,3507,2311,5818,1770,609,415,586,308,0.3042282571330354,0.6957717428669645,0.6027844620144379,902.0,3.0,三星級,1
2025,6,台北市,雀客旅館台北南京,56.0,1294,77.02,1877.0,2428961,0,2428961,9,2269,319,2588,1998,68,82,66,57,0.7720247295208655,0.22797527047913446,0.8767387944358578,1445.6653999999999,,無星等/未評鑑,0
2025,6,台北市,雀客藏居台北陽明山,50.0,658,43.87,2680.0,1763138,1471750,4744501,20,1276,40,1316,976,0,10,90,68,0.7416413373860182,0.25835866261398177,0.9696048632218845,1175.716,3.0,三星級,1
2025,6,台南市,台南大員皇冠假日酒店,230.0,4329,62.74000000000001,3710.0,16058601,18195499,37842844,209,5987,3113,9100,8165,28,6,74,397,0.8972527472527473,0.10274725274725272,0.6579120879120879,2327.6540000000005,5.0,五星級,1
2025,6,台南市,台南大飯店,152.0,2346,51.45000000000001,2157.0,5060512,6792450,12573697,109,3540,316,3856,1957,932,96,170,52,0.5075207468879668,0.4924792531120332,0.9180497925311203,1109.7765000000002,3.0,三星級,1
2025,6,台南市,台南遠東香格里拉,331.0,6732,67.79,3776.0,25418585,18872837,49939104,412,9943,504,10447,5573,482,739,214,1236,0.5334545802622762,0.4665454197377238,0.9517564851153442,2559.7504000000004,5.0,五星級,1
2025,6,台南市,台糖長榮酒店(台南),197.0,4090,69.2,2652.0,10846247,15184629,26915502,163,7186,1130,8316,7521,187,11,41,131,0.9044011544011544,0.09559884559884557,0.8641173641173642,1835.184,5.0,五星級,1
2025,6,台南市,趣淘漫旅,159.0,2820,59.12,3245.0,9151375,2247571,12924045,91,5928,2275,8203,8180,0,0,0,0,0.9971961477508229,0.002803852249177119,0.722662440570523,1918.444,3.0,三星級,1
2025,6,台南市,遠百企業觀光旅館,40.0,140,11.67,510.0,71400,0,71400,23,140,0,140,140,0,0,0,0,1.0,0.0,1.0,59.516999999999996,,無星等/未評鑑,0
2025,6,台東縣,台東桂田喜來登酒店,290.0,3568,41.01,2898.0,10341402,12484333,24995829,175,4450,3052,7502,7145,20,2,18,185,0.9524126899493468,0.0475873100506532,0.5931751532924553,1188.4697999999999,5.0,五星級,1
2025,6,台東縣,娜路彎大酒店,292.0,3494,39.89,4713.0,16468938,10650705,28097405,178,6508,784,7292,5972,0,2,14,54,0.8189797037849699,0.18102029621503013,0.8924849149753155,1880.0157000000002,5.0,五星級,1
2025,6,台東縣,樂樂日暉溫泉酒店,48.0,321,22.29,2514.0,807071,0,807071,9,644,0,644,644,0,0,0,0,1.0,0.0,1.0,560.3706,,無星等/未評鑑,0
2025,6,台東縣,知本老爺大酒店,182.0,2486,45.53,4497.0,11179792,6130814,19281585,176,4611,754,5365,5239,18,0,6,72,0.9765144454799627,0.02348555452003731,0.8594594594594595,2047.4841000000001,5.0,五星級,1
2025,6,嘉義市,耐斯王子大飯店,245.0,3078,41.88,2255.0,6941389,10423270,18982643,112,2321,4738,7059,6808,60,37,11,40,0.9644425556027766,0.035557444397223414,0.3288001133305001,944.3940000000001,5.0,五星級,1
2025,6,嘉義市,鈺通大飯店,120.0,1117,31.03,2000.0,2233647,4367355,6638924,65,796,1457,2253,2212,15,0,10,6,0.9818020417221482,0.018197958277851756,0.3533067021748779,620.6,3.0,三星級,1
2025,6,嘉義縣,名都觀光渡假大飯店,97.0,471,16.19,1822.0,858277,670584,1545401,41,380,734,1114,1114,0,0,0,0,1.0,0.0,0.34111310592459604,294.9818,3.0,三星級,1
2025,6,嘉義縣,阿里山賓館(歷史館),35.0,415,39.52,10331.0,4287251,0,4287251,11,732,314,1046,959,3,1,6,53,0.9168260038240917,0.08317399617590826,0.6998087954110899,4082.8112000000006,4.0,四星級,1
2025,6,嘉義縣,阿里山賓館(現代館),104.0,2016,64.62,10383.0,20931875,8958993,30518054,94,3574,1532,5106,4680,13,7,27,259,0.9165687426556992,0.08343125734430079,0.699960830395613,6709.494600000001,4.0,四星級,1
2025,6,基隆市,長榮桂冠酒店(基隆),140.0,3601,85.74,3093.0,11137759,6920887,21340953,88,4361,2994,7355,6745,90,14,21,59,0.9170632222977566,0.08293677770224339,0.5929299796057104,2651.9382,5.0,五星級,1
2025,6,宜蘭縣,凱渡廣場酒店,285.0,4033,47.17,5424.0,21875613,23947230,49981975,148,7167,3546,10713,10656,5,0,0,10,0.9946793615233828,0.005320638476617234,0.669000280033604,2558.5008000000003,,無星等/未評鑑,0
2025,6,宜蘭縣,山泉大飯店,146.0,2525,57.65,1835.0,4633042,1592910,6553634,40,2313,2921,5234,4850,0,35,184,0,0.9266335498662591,0.07336645013374088,0.4419182269774551,1057.8775,3.0,三星級,1
2025,6,宜蘭縣,幼獅大飯店,53.0,223,14.029999999999998,1283.0,286200,0,315850,8,87,210,297,297,0,0,0,0,1.0,0.0,0.29292929292929293,180.0049,3.0,三星級,1
2025,6,宜蘭縣,悅川酒店,103.0,2141,69.29,4287.0,9178527,8251582,17430109,98,2700,2556,5256,5195,6,0,6,7,0.9883942161339422,0.011605783866057817,0.5136986301369864,2970.4623000000006,4.0,四星級,1
2025,6,宜蘭縣,礁溪老爺酒店,197.0,4090,69.2,7949.0,32512174,22483240,64284801,302,9014,1470,10484,10079,6,5,67,165,0.9613697062190004,0.03863029378099958,0.8597863410911866,5500.7080000000005,5.0,五星級,1
2025,6,宜蘭縣,礁溪麒麟酒店,167.0,3023,60.34,3128.0,9454461,0,9454461,52,5812,234,6046,6046,0,0,0,0,1.0,0.0,0.9612967251075091,1887.4352000000001,,無星等/未評鑑,0
2025,6,宜蘭縣,綠舞國際觀光飯店,113.0,1346,39.71,5202.0,7001418,4099474,15172804,263,2280,1520,3800,3792,0,0,4,0,0.9978947368421053,0.002105263157894721,0.6,2065.7142000000003,4.0,四星級,1
2025,6,宜蘭縣,蘭城晶英酒店,193.0,4428,76.48,10258.0,45424348,33397725,87750338,324,15926,291,16217,15404,0,0,52,223,0.9498674230745514,0.05013257692544859,0.9820558672997471,7845.318400000001,5.0,五星級,1
2025,6,宜蘭縣,長榮鳳凰酒店(礁溪),231.0,3732,53.849999999999994,4304.0,16063087,18612771,38148791,251,7961,1637,9598,9300,27,2,33,108,0.9689518649718691,0.031048135028130863,0.8294436340904355,2317.7039999999997,5.0,五星級,1
2025,6,屏東縣,凱撒大飯店,281.0,6776,80.38,5709.0,38681261,8399201,51086963,210,14931,2147,17078,16385,26,192,67,153,0.9594214779248156,0.04057852207518442,0.8742827028926103,4588.8942,5.0,五星級,1
2025,6,屏東縣,墾丁怡灣渡假酒店,234.0,3291,46.88,3076.0,10123751,3032726,14182398,96,7231,1569,8800,8782,0,0,0,0,0.9979545454545454,0.0020454545454545725,0.8217045454545454,1442.0288,3.0,三星級,1
2025,6,屏東縣,墾丁福華渡假飯店,458.0,5465,39.77,3407.0,18618526,7470183,27258550,210,10006,4459,14465,13868,44,47,69,251,0.958727964051158,0.04127203594884199,0.6917386795713792,1354.9639000000002,5.0,五星級,1
2025,6,新北市,八里福朋喜來登酒店,241.0,2132,29.49,3817.0,8137515,13224925,21444794,143,2769,2455,5224,4581,25,52,37,386,0.8769142419601837,0.12308575803981625,0.5300535987748851,1125.6333,3.0,三星級,1
2025,6,新北市,大板根渡假酒店,95.0,1952,68.49,5238.0,10224576,9821759,31817139,218,2647,3209,5856,5754,9,3,24,21,0.9825819672131147,0.01741803278688525,0.4520150273224044,3587.5062,4.0,四星級,1
2025,6,新北市,板橋凱撒大飯店,400.0,11155,92.96,3508.0,39135298,10562396,49970501,134,19802,1850,21652,8490,1256,3086,2503,1400,0.39211158322556805,0.607888416774432,0.914557546646961,3261.0368,5.0,五星級,1
2025,6,新北市,瓏山林台北中和飯店,126.0,1850,48.94,2505.0,4634615,1939158,7243817,78,3174,361,3535,2389,44,105,51,153,0.6758132956152758,0.3241867043847242,0.8978783592644979,1225.947,3.0,三星級,1
2025,6,新北市,碧特弗大飯店,55.0,157,9.52,2640.0,414545,72818,487363,17,212,12,224,192,0,0,0,0,0.8571428571428571,0.1428571428571429,0.9464285714285714,251.328,,無星等/未評鑑,0
2025,6,新北市,福容大飯店    淡水漁人碼頭,198.0,3328,56.03,4754.0,15822074,18878174,39213760,147,3421,6000,9421,9298,6,14,13,34,0.9869440611400063,0.013055938859993677,0.36312493365884724,2663.6662,4.0,四星級,1
2025,6,新北市,福容大飯店 福隆,174.0,3126,59.89,5251.0,16415255,8131346,29467661,111,2460,666,3126,3058,4,0,3,0,0.9782469609724888,0.021753039027511245,0.7869481765834933,3144.8239000000003,3.0,三星級,1
2025,6,新北市,美麗春天大飯店,34.0,18,1.76,2559.0,46061,0,46061,5,36,0,36,36,0,0,0,0,1.0,0.0,1.0,45.0384,,無星等/未評鑑,0
2025,6,新竹市,新竹國賓大飯店,257.0,5741,74.46,3445.0,19776812,31820865,58752308,250,6908,995,7903,3779,882,557,31,1150,0.47817284575477664,0.5218271542452233,0.8740984436290017,2565.147,4.0,四星級,1
2025,6,新竹市,新竹老爺大酒店,208.0,5151,82.55,3207.0,16520733,13945119,31676728,164,5808,1528,7336,4785,720,64,31,758,0.6522628135223555,0.3477371864776445,0.7917121046892039,2647.3785,4.0,四星級,1
2025,6,新竹縣,新竹喜來登大飯店,386.0,8943,77.23,4081.0,36496014,41912574,88868216,277,9419,1250,10669,4209,365,478,25,3031,0.39450745149498545,0.6054925485050145,0.8828381291592464,3151.7563,4.0,四星級,1
2025,6,新竹縣,豐邑喜來登大飯店,384.0,5962,51.74999999999999,4081.0,24330676,3796051,30671352,108,6279,833,7112,2806,244,319,17,2021,0.39454443194600675,0.6054555680539933,0.8828740157480315,2111.9174999999996,4.0,四星級,1
2025,6,桃園市,南方莊園渡假飯店,111.0,1159,34.8,5924.0,6865421,8595144,17877850,84,2056,925,2981,2932,14,0,6,22,0.9835625628983563,0.016437437101643693,0.6897014424689701,2061.5519999999997,4.0,四星級,1
2025,6,桃園市,古華花園飯店,255.0,6828,89.25,2606.0,17790898,8216334,28846835,146,9997,587,10584,5191,414,225,577,1158,0.4904572940287226,0.5095427059712774,0.9445389266817839,2325.855,3.0,三星級,1
2025,6,桃園市,名人堂花園大飯店,128.0,1982,51.61,5091.0,10089419,12903187,26841752,191,4471,1141,5612,5236,13,4,29,196,0.9330007127583749,0.06699928724162507,0.7966856735566643,2627.4651,,無星等/未評鑑,0
2025,6,桃園市,和逸飯店桃園青埔館,218.0,4753,72.68,4694.0,22308790,0,25619340,98,8924,1827,10751,7951,107,94,194,544,0.7395591107803925,0.2604408892196075,0.8300623197842061,3411.5992000000006,4.0,四星級,1
2025,6,桃園市,尊爵大飯店,218.0,3892,59.51,2604.0,10135945,8598873,19324214,100,4342,1677,6019,1654,668,409,168,370,0.2747964778202359,0.7252035221797641,0.7213822894168467,1549.6404,3.0,三星級,1
2025,6,桃園市,尊爵天際大飯店,250.0,5014,66.85,2599.0,13032743,2079631,15333506,69,3748,2807,6555,1459,249,2,0,0,0.22257818459191456,0.7774218154080854,0.5717772692601067,1737.4315,3.0,三星級,1
2025,6,桃園市,桃園喜來登酒店,189.0,2273,40.09,3197.0,7266727,10011721,18919747,138,2464,1384,3848,2379,106,45,35,705,0.6182432432432432,0.3817567567567568,0.6403326403326404,1281.6773,4.0,四星級,1
2025,6,桃園市,桃園國際機場凱悅酒店,476.0,8212,57.50999999999999,3286.0,26981970,22202560,53342805,263,11346,615,11961,4957,680,75,129,2357,0.4144302315859878,0.5855697684140122,0.9485828944068222,1889.7785999999996,,無星等/未評鑑,0
2025,6,桃園市,福容大飯店   桃園,182.0,3926,71.9,2264.0,8888400,4812956,13701356,63,3610,305,3915,1361,589,196,442,96,0.3476372924648787,0.6523627075351213,0.9220945083014048,1627.816,3.0,三星級,1
2025,6,桃園市,福容徠旅 林口,149.0,3650,81.66,2639.0,9633457,0,9637885,25,5604,725,6329,4093,415,179,110,55,0.6467056407015326,0.3532943592984674,0.8854479380628851,2155.0074,,無星等/未評鑑,0
2025,6,澎湖縣,寶華大飯店,74.0,1022,46.04,2369.0,2421106,19790,2452746,17,1382,928,2310,2272,6,3,6,7,0.9835497835497835,0.016450216450216493,0.5982683982683983,1090.6876,,無星等/未評鑑,0
2025,6,澎湖縣,澎湖福朋喜來登酒店,331.0,7605,76.59,3798.0,28885410,23716344,57295504,197,10025,8277,18302,17647,14,0,16,433,0.9642115615779696,0.03578843842203039,0.5477543437875642,2908.8882,5.0,五星級,1
2025,6,花蓮縣,太魯閣晶英酒店,160.0,1573,32.77,9095.0,14305858,5264256,22724176,158,3576,581,4157,3955,2,14,4,97,0.9514072648544624,0.048592735145537636,0.8602357469328843,2980.4315,5.0,五星級,1
2025,6,花蓮縣,瑞穗天合國際觀光酒店,198.0,3262,54.92,9381.0,30601905,5137840,37033518,179,5181,3692,8873,8481,0,0,0,40,0.9558210300912882,0.04417896990871184,0.5839062323903979,5152.0452000000005,5.0,五星級,1
2025,6,花蓮縣,美侖大飯店,299.0,3235,36.06,2894.0,9360792,5442212,15889780,180,6475,1514,7989,7761,8,14,29,27,0.9714607585429966,0.028539241457003373,0.8104894229565652,1043.5764,5.0,五星級,1
2025,6,花蓮縣,遠雄悅來大飯店,381.0,5191,45.42,4197.0,21785068,15238536,42587809,302,10015,3046,13061,12881,6,12,10,73,0.9862185131306944,0.013781486869305581,0.7667866166449736,1906.2774000000002,5.0,五星級,1
2025,6,苗栗縣,馥藝金鬱金香酒店,191.0,3372,58.85,2549.0,8596409,4668270,13826558,82,5066,798,5864,5396,99,24,83,13,0.9201909959072305,0.07980900409276948,0.8639154160982264,1500.0865,3.0,三星級,1
2025,6,金門縣,陸島酒店,47.0,665,47.16,1325.0,880975,106080,988295,14,69,1257,1326,892,0,0,1,0,0.6726998491704375,0.32730015082956254,0.05203619909502263,624.8699999999999,,無星等/未評鑑,0
2025,6,高雄市,寒軒國際大飯店,371.0,7474,67.15,2141.0,16005152,11176941,27880027,219,6829,3932,10761,8002,1274,259,159,162,0.7436111885512499,0.25638881144875014,0.634606449214757,1437.6815000000001,5.0,五星級,1
2025,6,高雄市,承攜行旅 高雄六合館,269.0,3003,37.21,1497.0,4496022,0,4496022,40,5933,70,6003,5823,25,36,0,0,0.9700149925037481,0.02998500749625188,0.9883391637514576,557.0337000000001,,無星等/未評鑑,0
2025,6,高雄市,漢來大飯店,535.0,9857,61.41,3655.0,36024812,65918288,131123022,796,10926,5036,15962,10965,1393,370,279,647,0.6869439919809548,0.3130560080190452,0.6845006891366997,2244.5355,5.0,五星級,1
2025,6,高雄市,然一酒店,147.0,1312,29.75,5736.0,7525854,9978091,26273137,202,2356,166,2522,2101,50,42,135,54,0.8330689928628073,0.16693100713719267,0.9341792228390167,1706.46,,無星等/未評鑑,0
2025,6,高雄市,福容大飯店 高雄,250.0,5314,70.85,2165.0,11504032,5846442,17356755,2,3262,6852,10114,9626,162,54,24,108,0.9517500494364247,0.04824995056357528,0.32252323511963615,1533.9025,3.0,三星級,1
2025,6,高雄市,義大皇家酒店,656.0,8713,44.27,2740.0,23870781,16493760,42925772,382,11023,9145,20168,19776,8,92,81,29,0.9805632685442285,0.019436731455771517,0.5465589051963506,1212.998,4.0,四星級,1
2025,6,高雄市,高雄圓山大飯店,105.0,1773,56.28999999999999,2817.0,4994797,11913305,18385930,124,2552,1492,4044,3338,452,16,40,63,0.8254203758654797,0.17457962413452033,0.6310583580613254,1585.6892999999995,5.0,五星級,1
2025,6,高雄市,高雄福華大飯店,271.0,6437,79.18,2585.0,16638552,22348946,43307551,302,9264,1137,10401,5337,3005,182,797,155,0.5131237381021055,0.48687626189789446,0.8906835881165273,2046.803,5.0,五星級,1
2025,6,高雄市,高雄萬豪酒店,700.0,13126,62.5,4571.0,59998097,64483325,137392260,694,17953,1992,19945,11064,331,486,498,4828,0.5547254951115568,0.4452745048884432,0.9001253446979193,2856.875,5.0,五星級,1
2025,6,高雄市,麗尊大酒店,188.0,2978,52.800000000000004,2207.0,6572446,10570851,17862252,190,4426,1289,5715,4319,440,75,133,161,0.7557305336832896,0.24426946631671043,0.7744531933508312,1165.296,3.0,三星級,1
2025,7,南投縣,日月潭力麗溫德姆溫泉酒店,197.0,2662,43.59,7728.0,20571620,9177500,31125604,197,5046,1991,7037,6674,9,10,73,119,0.9484155179764104,0.05158448202358956,0.7170669319312207,3368.6352,5.0,五星級,1
2025,7,南投縣,涵碧樓大飯店,96.0,2209,74.23,15749.0,34789041,5658469,44689346,295,4356,191,4547,3933,42,20,22,283,0.8649659115900594,0.13503408840994058,0.957994281944139,11690.4827,5.0,五星級,1
2025,7,南投縣,漢來日月行館,93.0,1498,51.96000000000001,22055.0,33037748,16095325,49788814,219,3068,201,3269,3171,27,0,20,13,0.9700214132762313,0.02997858672376874,0.938513306821658,11459.778000000002,,無星等/未評鑑,0
2025,7,南投縣,雲品溫泉酒店日月潭,207.0,4668,72.74,11599.0,54143891,22642257,84608920,338,10084,3142,13226,12311,26,0,152,465,0.9308180855889914,0.06918191441100863,0.7624376228640557,8437.112599999999,5.0,五星級,1
2025,7,台中市,全國大飯店,178.0,2671,48.41,2451.0,6546273,3385294,11837779,73,4356,419,4775,3939,396,101,38,48,0.8249214659685864,0.1750785340314136,0.9122513089005235,1186.5291,5.0,五星級,1
2025,7,台中市,台中港酒店,200.0,5648,91.1,3003.0,16959524,3251767,21973014,100,7085,157,7242,3350,420,172,40,164,0.46257939795636566,0.5374206020436343,0.9783209058271196,2735.7329999999997,3.0,三星級,1
2025,7,台中市,台中福華大飯店,155.0,4326,90.03,3095.0,13388409,12162195,28518962,193,7686,236,7922,4980,476,59,40,409,0.6286291340570563,0.37137086594294366,0.9702095430446857,2786.4285,5.0,五星級,1
2025,7,台中市,台中金典酒店,222.0,5098,74.08,2846.0,14508048,17362604,44030212,249,7797,2400,10197,8343,360,247,174,274,0.8181818181818182,0.18181818181818177,0.7646366578405414,2108.3168,5.0,五星級,1
2025,7,台中市,裕元花園酒店,149.0,4317,93.46,3551.0,15330299,28949397,51505108,279,5772,938,6710,4122,136,50,159,897,0.6143070044709389,0.3856929955290611,0.8602086438152012,3318.7645999999995,5.0,五星級,1
2025,7,台中市,通豪大飯店,226.0,3784,54.010000000000005,1428.0,5403612,1064881,7009300,67,2604,37,2641,2531,6,8,15,14,0.9583491101855358,0.04165088981446419,0.9859901552442256,771.2628000000001,3.0,三星級,1
2025,7,台中市,長榮桂冠酒店(台中),354.0,7298,66.5,2607.0,19025840,22522631,47673936,232,5827,1471,7298,5203,427,558,32,181,0.7129350506988216,0.28706494930117843,0.7984379281995068,1733.655,5.0,五星級,1
2025,7,台中市,龍谷大飯店,189.0,602,10.27,1808.0,1088323,599553,2071580,34,478,883,1361,1359,0,0,0,0,0.9985304922850845,0.0014695077149154967,0.35121234386480527,185.6816,,無星等/未評鑑,0
2025,7,台北市,JR東日本大飯店台北,288.0,7526,84.3,5085.0,38272551,24260878,67523228,267,13776,783,14559,5048,4047,799,1567,1126,0.34672711037846005,0.65327288962154,0.9462188337111065,4286.655,4.0,四星級,1
2025,7,台北市,三德大飯店,233.0,3947,54.64,1792.0,7074127,1368872,15561642,81,6629,344,6973,2090,1673,455,1003,211,0.2997275204359673,0.7002724795640327,0.9506668578803958,979.1488,3.0,三星級,1
2025,7,台北市,亞都麗緻大飯店,219.0,2606,38.39,3876.0,10100239,11266916,23815796,194,4509,0,4509,1585,1239,63,351,274,0.3515191838545132,0.6484808161454868,1.0,1487.9964000000002,4.0,四星級,1
2025,7,台北市,兄弟大飯店,250.0,3358,43.33,3989.0,13396349,45171718,63410772,450,2758,1758,4516,2252,902,126,140,232,0.49867139061116034,0.5013286093888396,0.6107174490699734,1728.4337,4.0,四星級,1
2025,7,台北市,北投老爺酒店,50.0,863,55.67999999999999,5097.0,4398377,2598962,8149529,59,1872,44,1916,1635,6,6,142,63,0.8533402922755741,0.14665970772442594,0.9770354906054279,2838.0095999999994,4.0,四星級,1
2025,7,台北市,北投麗禧溫泉酒店,66.0,500,24.44,15560.0,7779803,3482412,14073625,145,1091,0,1091,661,38,42,146,39,0.6058661778185152,0.39413382218148485,1.0,3802.864,4.0,四星級,1
2025,7,台北市,台北W飯店,405.0,8535,67.98,8432.0,71968948,31849368,117920225,403,13624,316,13940,3145,660,195,1528,4746,0.22560975609756098,0.774390243902439,0.9773314203730272,5732.0736,5.0,五星級,1
2025,7,台北市,台北中山雅樂軒酒店,88.0,2315,84.86,4284.0,9917405,466378,11501570,36,3559,0,3559,626,534,51,319,1026,0.17589210452374263,0.8241078954762574,1.0,3635.4024,,無星等/未評鑑,0
2025,7,台北市,台北凱撒大飯店,478.0,12635,85.27,2969.0,37507921,15879451,56001931,142,16366,7522,23888,6014,8523,1076,1923,767,0.2517582049564635,0.7482417950435365,0.6851138647019424,2531.6663,4.0,四星級,1
2025,7,台北市,台北君品大酒店,286.0,5372,60.589999999999996,4360.0,23423243,35638647,64099901,272,9314,491,9805,3168,1778,479,1312,1311,0.32310045894951556,0.6768995410504844,0.9499235084140745,2641.7239999999997,5.0,五星級,1
2025,7,台北市,台北君悅酒店,850.0,17889,67.89,5446.0,97423392,90762581,213630342,559,23193,7967,31160,9270,2231,1253,914,12496,0.2974967907573813,0.7025032092426187,0.7443196405648267,3697.2894,5.0,五星級,1
2025,7,台北市,台北寒舍喜來登大飯店,688.0,14161,66.4,4562.0,64604020,108114004,191769658,794,14265,6506,20771,4236,4332,379,898,4512,0.20393818304366665,0.7960618169563334,0.6867748302922344,3029.1680000000006,5.0,五星級,1
2025,7,台北市,台北寒舍艾美酒店,160.0,3966,79.96,8595.0,34088239,61127197,104408553,330,5093,435,5528,1512,265,91,663,1368,0.2735166425470333,0.7264833574529668,0.9213096960926194,6872.562,5.0,五星級,1
2025,7,台北市,台北漢來大飯店,424.0,7705,58.62,5132.0,39545141,71149852,124100142,388,12380,2353,14733,11593,825,224,323,420,0.7868730061766104,0.21312699382338962,0.8402905043100523,3008.3783999999996,5.0,五星級,1
2025,7,台北市,台北美福大飯店,146.0,2536,56.03,6509.0,16507845,59354390,82149701,337,4655,66,4721,3148,154,221,193,625,0.6668078796865071,0.3331921203134929,0.9860199110357974,3646.9927000000002,6.0,卓越五星,1
2025,7,台北市,台北艾麗酒店,235.0,5301,72.77,5655.0,29974835,15114932,50087953,177,6818,847,7665,2402,226,592,954,854,0.3133724722765819,0.6866275277234182,0.8894977168949771,4115.1435,5.0,五星級,1
2025,7,台北市,台北花園大酒店,241.0,6051,80.99,2102.0,12720731,17971914,39220959,155,12493,591,13084,2356,488,3951,2989,680,0.1800672577193519,0.8199327422806482,0.9548303271170896,1702.4098,4.0,四星級,1
2025,7,台北市,台北萬豪酒店,318.0,7937,80.51,6221.0,49375608,47185124,125678503,521,9453,1702,11155,2605,1387,1196,290,3416,0.23352756611385028,0.7664724338861497,0.8474226804123711,5008.5271,5.0,五星級,1
2025,7,台北市,台北遠東香格里拉,420.0,9045,69.47,6108.0,55243529,42048049,111662114,473,11945,3567,15512,3108,764,293,1022,5017,0.2003610108303249,0.7996389891696751,0.7700489943269727,4243.2276,5.0,五星級,1
2025,7,台北市,國王大飯店,97.0,1493,49.65,1682.0,2511548,582972,3105009,47,448,1045,1493,127,1318,3,5,17,0.08506363027461487,0.9149363697253852,0.3000669792364367,835.113,3.0,三星級,1
2025,7,台北市,國聯大飯店,232.0,3024,42.05,3252.0,9833358,2741388,13850909,108,4026,1356,5382,2785,144,51,192,64,0.5174656261612783,0.48253437383872166,0.7480490523968785,1367.4659999999997,4.0,四星級,1
2025,7,台北市,圓山大飯店,473.0,9042,61.67,4492.0,40617280,52677765,104867834,537,11493,6888,18381,10646,3649,394,387,1417,0.5791850280180622,0.42081497198193785,0.6252652195201567,2770.2164000000002,5.0,五星級,1
2025,7,台北市,天成大飯店,226.0,6401,91.36,3959.0,25339607,16596166,44100331,273,12537,238,12775,1397,3895,1878,938,1148,0.10935420743639922,0.8906457925636008,0.9813698630136987,3616.9424,4.0,四星級,1
2025,7,台北市,日勝生加賀屋國際溫泉飯店,89.0,560,20.3,9052.0,5069105,3881628,11360209,120,1202,56,1258,902,85,10,105,49,0.7170111287758346,0.2829888712241654,0.9554848966613673,1837.556,,無星等/未評鑑,0
2025,7,台北市,晶華酒店,538.0,12551,75.25,5615.0,70474160,153125978,248307217,852,19690,3200,22890,9709,5346,1213,887,2392,0.42415902140672784,0.5758409785932721,0.8602009611183923,4225.2875,5.0,五星級,1
2025,7,台北市,歐華酒店,112.0,1115,32.11,3625.0,4041322,3739616,8789166,107,1661,358,2019,802,514,23,28,204,0.3972263496780584,0.6027736503219416,0.8226844972758791,1163.9875,4.0,四星級,1
2025,7,台北市,漢普頓酒店,121.0,2802,74.7,2524.0,7072377,4962142,14203964,63,4323,1280,5603,3080,1185,101,220,399,0.5497055149027307,0.4502944850972693,0.7715509548456184,1885.428,,無星等/未評鑑,0
2025,7,台北市,福容大飯店  台北一館,120.0,1576,42.37,3233.0,5094727,6452632,12276353,77,2322,132,2454,1886,42,94,39,98,0.7685411572942136,0.23145884270578643,0.9462102689486552,1369.8220999999999,4.0,四星級,1
2025,7,台北市,福華大飯店,606.0,9553,50.85000000000001,4272.0,40813473,31435952,86754978,476,17488,1074,18562,7583,1333,655,740,2915,0.4085227884926193,0.5914772115073808,0.9421398556190066,2172.3120000000004,5.0,五星級,1
2025,7,台北市,第一大飯店,176.0,1554,28.48,1865.0,2897816,2741718,28264281,37,377,2496,2873,1292,970,34,36,26,0.44970414201183434,0.5502958579881656,0.13122171945701358,531.152,4.0,四星級,1
2025,7,台北市,美麗信花園酒店,203.0,6060,96.3,1986.0,12034820,5900627,27240723,112,12003,1089,13092,3853,3231,1097,1414,952,0.29430186373357775,0.7056981362664223,0.9168194317140238,1912.5179999999998,,無星等/未評鑑,0
2025,7,台北市,義華酒店,149.0,1855,40.16,3888.0,7212183,221957,8322381,13,2460,154,2614,981,242,128,72,522,0.3752869166029074,0.6247130833970926,0.9410864575363428,1561.4207999999999,,無星等/未評鑑,0
2025,7,台北市,老爺大酒店,202.0,5335,85.2,4582.0,24442999,22455069,53185817,217,8312,413,8725,1764,4769,144,302,524,0.20217765042979943,0.7978223495702006,0.9526647564469914,3903.864,5.0,五星級,1
2025,7,台北市,豪景大酒店,209.0,2950,45.53,2056.0,6064866,117910,6629369,43,5526,1141,6667,2113,746,815,916,143,0.3169341532923354,0.6830658467076647,0.8288585570721464,936.0968,3.0,三星級,1
2025,7,台北市,雀客旅館台北南京,56.0,1344,77.42,2171.0,2917948,0,2917948,11,2688,0,2688,1562,254,298,123,78,0.5811011904761905,0.41889880952380953,1.0,1680.7882,,無星等/未評鑑,0
2025,7,台北市,雀客藏居台北陽明山,50.0,650,41.94,2987.0,1941395,1417470,4245240,22,1350,0,1350,1190,0,10,68,26,0.8814814814814815,0.11851851851851847,1.0,1252.7478,3.0,三星級,1
2025,7,台南市,台南大員皇冠假日酒店,230.0,4682,65.67,3902.0,18270274,15013875,36933895,213,9161,1838,10999,9755,75,22,87,593,0.8868988089826347,0.11310119101736527,0.8328938994454042,2562.4434,5.0,五星級,1
2025,7,台南市,台南大飯店,152.0,2788,59.17,1997.0,5567419,7450961,13762869,107,4228,502,4730,2331,735,187,406,132,0.4928118393234672,0.5071881606765327,0.8938689217758985,1181.6249,3.0,三星級,1
2025,7,台南市,台南遠東香格里拉,331.0,7543,73.51,3811.0,28749146,15941297,50352332,425,11563,1281,12844,6919,712,627,340,1293,0.5386951105574588,0.4613048894425412,0.900264715042043,2801.4661000000006,5.0,五星級,1
2025,7,台南市,台糖長榮酒店(台南),197.0,4705,77.04,2857.0,13442522,18894325,33236562,156,8913,857,9770,8746,294,21,66,294,0.8951893551688843,0.10481064483111568,0.9122824974411463,2201.0328000000004,5.0,五星級,1
2025,7,台南市,趣淘漫旅,159.0,3724,75.55,4050.0,15083121,2611982,20159069,101,10258,1847,12105,12076,0,3,0,6,0.9976042957455596,0.002395704254440356,0.8474184221396117,3059.775,3.0,三星級,1
2025,7,台南市,遠百企業觀光旅館,40.0,160,12.9,560.0,89600,0,89600,23,160,0,160,160,0,0,0,0,1.0,0.0,1.0,72.24,,無星等/未評鑑,0
2025,7,台東縣,台東桂田喜來登酒店,290.0,3532,39.29,3795.0,13403309,12447858,26774481,178,6103,2600,8703,8283,19,18,67,193,0.9517407790417097,0.04825922095829027,0.7012524416867747,1491.0555,5.0,五星級,1
2025,7,台東縣,娜路彎大酒店,292.0,5072,56.03,6159.0,31237435,15731045,52288189,209,17689,657,18346,15636,4,2,24,68,0.852283876594353,0.147716123405647,0.9641883789381882,3450.8877,5.0,五星級,1
2025,7,台東縣,樂樂日暉溫泉酒店,48.0,512,34.41,2489.0,1274620,9782,1284402,9,1026,0,1026,1026,0,0,0,0,1.0,0.0,1.0,856.4649,,無星等/未評鑑,0
2025,7,台東縣,知本老爺大酒店,182.0,2809,49.79,5397.0,15160865,8427732,26376743,177,6190,645,6835,6726,7,0,32,54,0.9840526700804682,0.01594732991953185,0.9056327724945136,2687.1663,5.0,五星級,1
2025,7,嘉義市,耐斯王子大飯店,245.0,2594,34.15,2913.0,7555626,7736165,16956637,109,3067,2816,5883,5623,104,37,8,27,0.9558048614652388,0.0441951385347612,0.5213326534081251,994.7895,5.0,五星級,1
2025,7,嘉義市,鈺通大飯店,120.0,1513,40.67,1964.0,2971147,3535035,6523527,65,1615,1418,3033,2999,15,3,0,14,0.9887899769205407,0.011210023079459286,0.5324760962743159,798.7588000000001,3.0,三星級,1
2025,7,嘉義縣,名都觀光渡假大飯店,97.0,456,15.160000000000002,2032.0,926753,661054,1600014,41,439,729,1168,1168,0,0,0,0,1.0,0.0,0.3758561643835616,308.05120000000005,3.0,三星級,1
2025,7,嘉義縣,阿里山賓館(歷史館),35.0,297,27.37,12793.0,3799571,0,3799571,11,575,247,822,775,2,0,8,16,0.9428223844282239,0.05717761557177614,0.6995133819951338,3501.4441,4.0,四星級,1
2025,7,嘉義縣,阿里山賓館(現代館),104.0,1447,44.88,12820.0,18550847,7274608,26253470,99,2806,1202,4008,3784,8,0,40,81,0.9441117764471058,0.055888223552894245,0.7000998003992016,5753.616,4.0,四星級,1
2025,7,基隆市,長榮桂冠酒店(基隆),140.0,3614,83.27,3814.0,13784708,6465462,23845448,87,3516,4586,8102,7756,32,7,14,17,0.9572944951863738,0.04270550481362623,0.4339669217477166,3175.9177999999997,5.0,五星級,1
2025,7,宜蘭縣,凱渡廣場酒店,285.0,4061,45.96,7479.0,30372156,19321465,54493449,149,8982,2570,11552,11525,0,0,11,0,0.9976627423822715,0.0023372576177285165,0.777527700831025,3437.3484000000003,,無星等/未評鑑,0
2025,7,宜蘭縣,山泉大飯店,146.0,2304,50.91,2012.0,4634854,1788099,6761003,40,3082,2070,5152,4991,0,0,114,0,0.96875,0.03125,0.5982142857142857,1024.3092,3.0,三星級,1
2025,7,宜蘭縣,幼獅大飯店,53.0,309,18.81,973.0,300800,0,320900,8,171,63,234,234,0,0,0,0,1.0,0.0,0.7307692307692307,183.02129999999997,3.0,三星級,1
2025,7,宜蘭縣,悅川酒店,103.0,1857,58.160000000000004,5790.0,10751931,5306292,16058223,98,3171,1625,4796,4778,0,0,12,0,0.9962468723936614,0.003753127606338613,0.6611759799833195,3367.4640000000004,4.0,四星級,1
2025,7,宜蘭縣,礁溪老爺酒店,197.0,3923,64.24,9257.0,36315166,22570422,69215976,291,9287,1695,10982,10674,12,7,130,93,0.9719541067200874,0.02804589327991258,0.8456565288654161,5946.6968,5.0,五星級,1
2025,7,宜蘭縣,礁溪麒麟酒店,167.0,3276,63.28,3159.0,10348082,0,10348082,40,6336,216,6552,5896,75,25,163,0,0.8998778998778999,0.1001221001221001,0.967032967032967,1999.0151999999998,,無星等/未評鑑,0
2025,7,宜蘭縣,綠舞國際觀光飯店,113.0,1689,48.22,5200.0,8782119,5534175,20060011,291,3155,2104,5259,5252,0,0,7,0,0.9986689484692908,0.0013310515307092263,0.5999239399125309,2507.44,4.0,四星級,1
2025,7,宜蘭縣,蘭城晶英酒店,193.0,5828,97.41,11091.0,64639413,37652690,114053975,307,22909,188,23097,22652,14,12,77,204,0.9807334285837987,0.01926657141620125,0.9918604147724813,10803.7431,5.0,五星級,1
2025,7,宜蘭縣,長榮鳳凰酒店(礁溪),231.0,4033,56.32,5589.0,22540446,20625983,47102869,254,10671,1283,11954,11782,6,11,64,33,0.9856115107913669,0.014388489208633115,0.8926719089844404,3147.7248,5.0,五星級,1
2025,7,屏東縣,凱撒大飯店,281.0,6342,72.8,7904.0,50126878,8591430,63022027,222,17395,1134,18529,17552,38,211,244,176,0.9472718441362189,0.0527281558637811,0.9387986399697771,5754.111999999999,5.0,五星級,1
2025,7,屏東縣,墾丁怡灣渡假酒店,234.0,3943,54.36,4117.0,16232518,4047926,21728503,96,10758,524,11282,11204,0,0,32,0,0.9930863322106009,0.006913667789399058,0.9535543343378834,2238.0012,3.0,三星級,1
2025,7,屏東縣,墾丁福華渡假飯店,458.0,5044,35.53,4805.0,24235872,7847224,34165495,213,14709,1984,16693,15863,35,57,67,249,0.9502785598753969,0.04972144012460311,0.8811477864973342,1707.2165,5.0,五星級,1
2025,7,新北市,八里福朋喜來登酒店,241.0,2068,27.68,3661.0,7570128,12454961,20107916,142,3712,1998,5710,5142,53,7,11,380,0.9005253940455341,0.09947460595446589,0.6500875656742557,1013.3648,3.0,三星級,1
2025,7,新北市,大板根渡假酒店,95.0,2074,70.42,6435.0,13346190,12582081,37245288,214,3603,2619,6222,6036,6,21,30,45,0.970106075216972,0.029893924783027992,0.5790742526518804,4531.527,4.0,四星級,1
2025,7,新北市,板橋凱撒大飯店,400.0,11730,94.6,3553.0,41679189,13534012,55332010,138,18244,4716,22960,10624,1398,3546,2443,1142,0.4627177700348432,0.5372822299651567,0.7945993031358886,3361.138,5.0,五星級,1
2025,7,新北市,瓏山林台北中和飯店,126.0,1955,50.05,2409.0,4708758,2029013,7036824,78,3554,212,3766,2983,57,57,181,39,0.7920870950610728,0.20791290493892722,0.9437068507700478,1205.7045,3.0,三星級,1
2025,7,新北市,碧特弗大飯店,55.0,164,9.62,2715.0,445208,80010,525218,17,220,41,261,243,6,2,0,2,0.9310344827586207,0.06896551724137934,0.842911877394636,261.183,,無星等/未評鑑,0
2025,7,新北市,福容大飯店    淡水漁人碼頭,198.0,4257,69.35,4841.0,20606476,19684610,43928067,142,5546,6239,11785,11637,17,11,14,49,0.9874416631310988,0.012558336868901177,0.4705982180738227,3357.2335,4.0,四星級,1
2025,7,新北市,福容大飯店 福隆,174.0,3144,58.29,7329.0,23042459,9089984,36900119,118,3144,274,3418,3352,5,0,0,0,0.9806904622586308,0.01930953774136923,0.919836161497952,4272.0741,3.0,三星級,1
2025,7,新北市,美麗春天大飯店,34.0,18,1.71,2596.0,46734,0,46734,5,32,0,32,32,0,0,0,0,1.0,0.0,1.0,44.3916,,無星等/未評鑑,0
2025,7,新竹市,新竹國賓大飯店,257.0,6210,77.95,3335.0,20710930,27766723,55721724,256,6804,1672,8476,4735,1143,287,62,656,0.5586361491269467,0.4413638508730533,0.802737140160453,2599.6325,4.0,四星級,1
2025,7,新竹市,新竹老爺大酒店,208.0,5474,84.89,3241.0,17739749,13301485,32116080,160,6853,1467,8320,5857,857,80,10,679,0.7039663461538461,0.2960336538461539,0.8236778846153846,2751.2849,4.0,四星級,1
2025,7,新竹縣,新竹喜來登大飯店,386.0,10318,86.23,4106.0,42365533,36573021,92534348,285,10270,3115,13385,6304,358,546,136,3106,0.4709749719835637,0.5290250280164364,0.7672768023907359,3540.6038,4.0,四星級,1
2025,7,新竹縣,豐邑喜來登大飯店,384.0,6878,57.78,4106.0,28243688,2831386,31318387,118,6846,2076,8922,4202,238,364,91,2070,0.4709706343869088,0.5290293656130912,0.7673167451244116,2372.4467999999997,4.0,四星級,1
2025,7,桃園市,南方莊園渡假飯店,111.0,1630,47.37,6116.0,9969410,9308784,21469255,91,3557,755,4312,4289,7,0,12,0,0.9946660482374768,0.005333951762523159,0.8249072356215214,2897.1492,4.0,四星級,1
2025,7,桃園市,古華花園飯店,255.0,7193,90.99,2579.0,18550517,7374219,29290566,157,12663,333,12996,8506,606,267,423,767,0.6545090797168359,0.3454909202831641,0.974376731301939,2346.6321,3.0,三星級,1
2025,7,桃園市,名人堂花園大飯店,128.0,2151,54.21,5963.0,12826573,13103081,31150649,181,5763,920,6683,6488,5,0,25,93,0.9708214873559778,0.02917851264402216,0.8623372736794853,3232.5422999999996,,無星等/未評鑑,0
2025,7,桃園市,和逸飯店桃園青埔館,218.0,5370,79.46,5274.0,28322943,0,32083368,102,11958,1211,13169,11171,132,180,200,423,0.8482800516364188,0.15171994836358116,0.9080416128787303,4190.7204,4.0,四星級,1
2025,7,桃園市,尊爵大飯店,218.0,3858,57.09000000000001,2752.0,10615629,8314515,19409736,102,4293,1716,6009,1803,503,401,115,191,0.30004992511233153,0.6999500748876685,0.7144283574638043,1571.1168000000002,3.0,三星級,1
2025,7,桃園市,尊爵天際大飯店,250.0,5209,67.21,2663.0,13873505,2543306,16525822,79,3779,4274,8053,1792,303,3,0,159,0.22252576679498323,0.7774742332050167,0.4692661120079473,1789.8022999999998,3.0,三星級,1
2025,7,桃園市,桃園喜來登酒店,189.0,2290,39.09,3297.0,7549423,11148999,20819956,155,3467,712,4179,2811,135,66,66,522,0.6726489590811199,0.3273510409188801,0.8296243120363723,1288.7973000000002,4.0,四星級,1
2025,7,桃園市,桃園國際機場凱悅酒店,476.0,8196,55.54,3332.0,27312507,21722038,53660030,264,12313,466,12779,4643,691,299,152,1969,0.36333046404256986,0.6366695359574301,0.9635339228421629,1850.5928,,無星等/未評鑑,0
2025,7,桃園市,福容大飯店   桃園,182.0,3843,68.11,2303.0,8850114,4707358,13557472,62,3697,148,3845,1627,477,187,357,57,0.42314694408322495,0.576853055916775,0.9615084525357608,1568.5732999999998,3.0,三星級,1
2025,7,桃園市,福容徠旅 林口,149.0,3454,74.78,2801.0,9673058,0,9673610,25,5903,275,6178,5228,125,24,36,27,0.8462285529297507,0.15377144707024926,0.955487212690191,2094.5878,,無星等/未評鑑,0
2025,7,澎湖縣,寶華大飯店,74.0,981,42.76,2093.0,2053372,23030,2084252,17,1343,902,2245,2220,4,0,17,0,0.9888641425389755,0.011135857461024523,0.5982182628062361,894.9667999999999,,無星等/未評鑑,0
2025,7,澎湖縣,澎湖福朋喜來登酒店,331.0,7287,71.02,3751.0,27331495,23445924,55562332,199,11533,8862,20395,19740,17,0,20,430,0.9678842853640598,0.03211571463594021,0.5654817357195391,2663.9601999999995,5.0,五星級,1
2025,7,花蓮縣,太魯閣晶英酒店,160.0,1399,28.21,10187.0,14251997,5298084,22502963,154,3170,649,3819,3613,3,8,3,70,0.9460591777952344,0.05394082220476559,0.8300602251898402,2873.7527,5.0,五星級,1
2025,7,花蓮縣,瑞穗天合國際觀光酒店,198.0,4237,69.03,11154.0,47260482,7001004,58439815,190,12563,1838,14401,13850,7,25,22,68,0.9617387681411013,0.03826123185889874,0.8723699743073398,7699.6062,5.0,五星級,1
2025,7,花蓮縣,美侖大飯店,299.0,4969,53.61,3336.0,16574381,8562328,27073832,214,12127,2039,14166,13917,0,0,37,10,0.9824227022448115,0.01757729775518846,0.8560638147677537,1788.4296,5.0,五星級,1
2025,7,花蓮縣,遠雄悅來大飯店,381.0,6375,53.98,5343.0,34064731,20753102,62687170,307,16320,1611,17931,17723,0,6,9,66,0.9883999776922648,0.011600022307735158,0.9101555964530701,2884.1513999999997,5.0,五星級,1
2025,7,苗栗縣,馥藝金鬱金香酒店,191.0,4137,69.87,2640.0,10920293,5073370,16840693,85,8327,518,8845,7541,130,27,72,47,0.8525720746184285,0.14742792538157146,0.9414358394573206,1844.5680000000002,3.0,三星級,1
2025,7,金門縣,陸島酒店,47.0,800,54.90999999999999,1314.0,1051300,128720,1186400,13,442,1167,1609,901,0,0,0,0,0.559975139838409,0.44002486016159104,0.2747047855811063,721.5174,,無星等/未評鑑,0
2025,7,高雄市,寒軒國際大飯店,371.0,8043,69.93,2253.0,18118612,12027765,30842024,215,8750,2028,10778,7914,1103,301,267,114,0.7342735201336055,0.2657264798663945,0.8118389311560587,1575.5229000000002,5.0,五星級,1
2025,7,高雄市,承攜行旅 高雄六合館,269.0,3278,39.31,1999.0,6551850,0,6551850,25,5770,130,5900,5712,16,40,41,11,0.9681355932203389,0.03186440677966107,0.9779661016949153,785.8069,,無星等/未評鑑,0
2025,7,高雄市,漢來大飯店,535.0,11303,68.15,3782.0,42749794,64803517,136045760,795,15572,3396,18968,14007,1390,413,403,1131,0.7384542387178405,0.26154576128215945,0.8209616195698017,2577.433,5.0,五星級,1
2025,7,高雄市,然一酒店,147.0,1473,32.32,8200.0,12078748,9052764,22936285,217,2654,236,2890,2606,21,25,78,65,0.9017301038062284,0.09826989619377158,0.9183391003460207,2650.24,,無星等/未評鑑,0
2025,7,高雄市,福容大飯店 高雄,250.0,4325,55.81,2654.0,11479726,3839454,15359463,90,6044,2443,8487,7492,166,422,88,24,0.8827618710969718,0.1172381289030282,0.7121479910451278,1481.1974000000002,3.0,三星級,1
2025,7,高雄市,義大皇家酒店,656.0,10346,50.88,3259.0,33720963,17332563,54728471,396,20275,3300,23575,22870,36,30,299,68,0.9700954400848356,0.029904559915164386,0.8600212089077413,1658.1792,4.0,四星級,1
2025,7,高雄市,高雄圓山大飯店,105.0,1990,61.14000000000001,3011.0,5991943,9830510,17114445,126,4303,1038,5341,4674,338,49,41,45,0.8751170192847781,0.12488298071522186,0.8056543718404793,1840.9254000000003,5.0,五星級,1
2025,7,高雄市,高雄福華大飯店,271.0,6638,79.01,2782.0,18464301,19996899,42226206,288,11185,657,11842,6275,3355,244,994,112,0.5298935990542138,0.47010640094578615,0.9445195068400608,2198.0582,5.0,五星級,1
2025,7,高雄市,高雄萬豪酒店,700.0,13719,63.22,4824.0,66175413,61651193,140883206,701,20600,1924,22524,14121,374,681,499,4354,0.626931273308471,0.373068726691529,0.914580003551767,3049.7327999999998,5.0,五星級,1
2025,7,高雄市,麗尊大酒店,188.0,3092,53.05,2293.0,7089956,11246089,19189996,194,5555,855,6410,5023,478,163,227,94,0.7836193447737909,0.21638065522620908,0.8666146645865834,1216.4365,3.0,三星級,1
2025,8,南投縣,日月潭力麗溫德姆溫泉酒店,197.0,2788,45.65,7573.0,21113732,9035928,31883538,201,5642,1761,7403,7063,55,0,35,80,0.9540726732405781,0.045927326759421905,0.7621234634607591,3457.0745,5.0,五星級,1
2025,8,南投縣,涵碧樓大飯店,96.0,2165,72.75,15823.0,34256345,6769710,45840314,290,3707,645,4352,3808,90,10,31,184,0.875,0.125,0.8517922794117647,11511.2325,5.0,五星級,1
2025,8,南投縣,漢來日月行館,93.0,1602,55.57,22245.0,35635689,16910118,53266570,218,3244,273,3517,3417,2,0,8,26,0.9715666761444413,0.028433323855558745,0.9223770258743247,12361.546499999999,,無星等/未評鑑,0
2025,8,南投縣,雲品溫泉酒店日月潭,207.0,4549,70.89,11636.0,52933371,21793733,82361054,339,9334,3421,12755,12133,65,0,52,322,0.9512348098784791,0.04876519012152092,0.7317914543316346,8248.760400000001,5.0,五星級,1
2025,8,台中市,全國大飯店,178.0,2885,52.28,2551.0,7359594,3202968,12632476,74,5097,454,5551,4898,259,31,98,68,0.882363538101243,0.11763646189875698,0.9182129346063772,1333.6628,5.0,五星級,1
2025,8,台中市,台中港酒店,200.0,5814,93.77,3056.0,17768841,3804164,23229325,101,7656,373,8029,4298,504,44,144,128,0.5353095030514385,0.46469049694856146,0.9535434051563084,2865.6112,3.0,三星級,1
2025,8,台中市,台中福華大飯店,155.0,4461,92.84,3160.0,14095700,15160441,32739406,194,8626,324,8950,6362,341,83,27,278,0.7108379888268156,0.2891620111731844,0.9637988826815642,2933.744,5.0,五星級,1
2025,8,台中市,台中金典酒店,222.0,5771,83.86,2934.0,16933625,22863002,51870344,246,8325,3464,11789,9487,456,258,566,174,0.8047332258885401,0.19526677411145987,0.7061667656289762,2460.4524,5.0,五星級,1
2025,8,台中市,裕元花園酒店,149.0,4183,90.56,3657.0,15299016,32181888,54731298,281,6573,379,6952,4994,143,74,50,754,0.7183544303797469,0.2816455696202531,0.9454833141542003,3311.7792,5.0,五星級,1
2025,8,台中市,通豪大飯店,226.0,3784,54.010000000000005,1462.0,5531516,1738379,7695853,70,2732,46,2778,2666,18,12,13,10,0.9596832253419726,0.04031677465802741,0.9834413246940245,789.6262000000002,3.0,三星級,1
2025,8,台中市,長榮桂冠酒店(台中),354.0,6260,57.04,2670.0,16711489,23307646,45680999,233,4503,1757,6260,4612,360,77,28,149,0.736741214057508,0.26325878594249197,0.7193290734824281,1522.9679999999998,5.0,五星級,1
2025,8,台中市,龍谷大飯店,189.0,666,11.37,1747.0,1163170,483269,2038693,33,536,921,1457,1457,0,0,0,0,1.0,0.0,0.3678792038435141,198.63389999999998,,無星等/未評鑑,0
2025,8,台北市,JR東日本大飯店台北,288.0,7675,85.97,5257.0,40344824,29136895,74684509,265,14713,204,14917,4612,5194,849,1731,764,0.30917744854863577,0.6908225514513642,0.9863243279479789,4519.4429,4.0,四星級,1
2025,8,台北市,三德大飯店,230.0,4485,62.9,1814.0,8136572,2135025,30176016,74,6903,1017,7920,2097,2162,405,1423,162,0.26477272727272727,0.7352272727272727,0.8715909090909091,1141.0059999999999,3.0,三星級,1
2025,8,台北市,亞都麗緻大飯店,219.0,2902,42.75,3831.0,11118909,14543912,28323742,205,5522,0,5522,2258,1499,231,399,232,0.4089098152843173,0.5910901847156826,1.0,1637.7525,4.0,四星級,1
2025,8,台北市,兄弟大飯店,250.0,3400,43.87,4042.0,13743373,52381852,71658670,450,2973,1884,4857,3018,689,51,104,181,0.6213712168004941,0.3786287831995059,0.612106238418777,1773.2253999999998,4.0,四星級,1
2025,8,台北市,北投老爺酒店,50.0,1011,65.23,5201.0,5257722,3218423,9646205,58,2306,0,2306,2007,27,2,153,43,0.870338248048569,0.12966175195143104,1.0,3392.6123000000002,4.0,四星級,1
2025,8,台北市,北投麗禧溫泉酒店,66.0,775,37.88,14583.0,11301751,4756716,19373989,142,1724,0,1724,1222,43,51,179,58,0.7088167053364269,0.29118329466357307,1.0,5524.040400000001,4.0,四星級,1
2025,8,台北市,台北W飯店,405.0,10108,80.51,8171.0,82595075,36464569,134851894,405,16372,375,16747,3246,1608,456,1970,4738,0.19382575983758285,0.8061742401624171,0.9776079297784678,6578.472100000001,5.0,五星級,1
2025,8,台北市,台北中山雅樂軒酒店,88.0,2355,86.33,4239.0,9982153,472479,11549361,40,3711,0,3711,537,950,82,347,851,0.14470493128536782,0.8552950687146321,1.0,3659.5287,,無星等/未評鑑,0
2025,8,台北市,台北凱撒大飯店,478.0,13591,91.72,3273.0,44481311,16590874,63696387,140,21441,6045,27486,5807,14394,1207,2552,624,0.21127119260714547,0.7887288073928546,0.7800698537437241,3001.9956,4.0,四星級,1
2025,8,台北市,台北君品大酒店,286.0,6306,71.13,4446.0,28035040,35539936,69061736,290,11277,526,11803,3324,3448,326,1437,952,0.2816233161060747,0.7183766838939253,0.9554350588833348,3162.4397999999997,5.0,五星級,1
2025,8,台北市,台北君悅酒店,850.0,18476,70.12,5619.0,103813235,97787856,228258812,562,21333,8536,29869,11320,1671,1457,1066,8834,0.37898824868592856,0.6210117513140714,0.7142187552311762,3940.0428,5.0,五星級,1
2025,8,台北市,台北寒舍喜來登大飯店,688.0,15083,70.72,4711.0,71059653,114508211,206363031,805,20067,3858,23925,5131,5685,711,1628,5526,0.21446185997910136,0.7855381400208986,0.8387460815047022,3331.6191999999996,5.0,五星級,1
2025,8,台北市,台北寒舍艾美酒店,160.0,4112,82.9,8225.0,33820242,54697452,97692425,336,5515,238,5753,1696,250,71,672,1260,0.29480271162871546,0.7051972883712845,0.9586302798539892,6818.525,5.0,五星級,1
2025,8,台北市,台北漢來大飯店,424.0,7302,55.55,5102.0,37257716,70403597,121145677,458,12090,2163,14253,11889,265,105,534,384,0.8341401810145233,0.16585981898547675,0.8482424752683646,2834.1609999999996,5.0,五星級,1
2025,8,台北市,台北美福大飯店,146.0,2768,61.15999999999999,6455.0,17868705,60089736,84571960,342,5722,55,5777,3247,484,406,238,700,0.5620564306733599,0.43794356932664014,0.9904794876233339,3947.8779999999992,6.0,卓越五星,1
2025,8,台北市,台北艾麗酒店,235.0,5510,75.63,5881.0,32403686,19209139,57211409,173,6977,859,7836,2151,208,557,1071,911,0.27450229709035223,0.7254977029096478,0.8903777437468096,4447.8003,5.0,五星級,1
2025,8,台北市,台北花園大酒店,241.0,6691,89.56,2336.0,15631691,21846778,46917043,150,14525,356,14881,2108,1219,4452,4545,438,0.14165714669713056,0.8583428533028694,0.976076876553995,2092.1216,4.0,四星級,1
2025,8,台北市,台北萬豪酒店,318.0,7661,77.71,5781.0,44288723,52402509,121425913,537,10337,301,10638,3085,602,872,495,3556,0.2899981199473585,0.7100018800526415,0.9717052077458169,4492.415099999999,5.0,五星級,1
2025,8,台北市,台北遠東香格里拉,420.0,7907,60.73,6093.0,48174356,45194117,107984955,473,12555,944,13499,2891,1497,358,933,4278,0.21416401214904807,0.785835987850952,0.9300688939921475,3700.2788999999993,5.0,五星級,1
2025,8,台北市,國王大飯店,97.0,2175,72.33,1560.0,3393759,965034,4370940,47,653,1522,2175,107,2027,6,3,21,0.049195402298850575,0.9508045977011494,0.3002298850574713,1128.348,3.0,三星級,1
2025,8,台北市,國聯大飯店,232.0,2962,41.18,3318.0,9828410,3804948,14412383,114,4704,409,5113,3214,134,129,395,63,0.6285937805593586,0.37140621944064145,0.9200078231957755,1366.3524,4.0,四星級,1
2025,8,台北市,圓山大飯店,473.0,9348,63.74999999999999,4804.0,44904549,66389099,124572780,522,12562,6625,19187,11084,4303,513,300,1085,0.5776828060666076,0.4223171939333924,0.6547141293584198,3062.5499999999993,5.0,五星級,1
2025,8,台北市,天成大飯店,225.0,6243,89.51,3577.0,22332597,13981926,38318360,294,12538,390,12928,2780,4977,1035,1199,764,0.21503712871287128,0.7849628712871287,0.9698329207920792,3201.7727,4.0,四星級,1
2025,8,台北市,日勝生加賀屋國際溫泉飯店,89.0,791,28.67,9353.0,7398339,4728649,15400218,120,1761,63,1824,1369,53,9,253,48,0.7505482456140351,0.2494517543859649,0.9654605263157895,2681.5051000000003,,無星等/未評鑑,0
2025,8,台北市,晶華酒店,538.0,12744,76.41,5685.0,72445475,155774196,253275487,892,23334,1352,24686,9996,6980,1335,1116,2066,0.40492586891355425,0.5950741310864458,0.9452321153690351,4343.9085,5.0,五星級,1
2025,8,台北市,歐華酒店,112.0,910,26.21,3843.0,3496750,5340785,9748127,111,1421,373,1794,766,589,25,77,54,0.4269788182831661,0.5730211817168339,0.7920847268673356,1007.2503,4.0,四星級,1
2025,8,台北市,漢普頓酒店,121.0,2961,78.94,2627.0,7778361,6942388,17161654,66,5506,679,6185,3494,1456,164,383,81,0.5649151172190784,0.4350848827809216,0.8902182700080841,2073.7538,,無星等/未評鑑,0
2025,8,台北市,福容大飯店  台北一館,120.0,1776,47.74,3272.0,5810436,5961824,12392570,81,3089,221,3310,2385,119,175,93,84,0.7205438066465257,0.27945619335347427,0.9332326283987915,1562.0528,4.0,四星級,1
2025,8,台北市,福華大飯店,606.0,9796,52.15,4269.0,41819629,38561613,95014480,475,18246,926,19172,8623,2544,1042,719,1971,0.4497704986438556,0.5502295013561445,0.9517003964114333,2226.2835,5.0,五星級,1
2025,8,台北市,第一大飯店,176.0,2205,40.41,1841.0,4058618,3018753,50123906,38,334,3462,3796,1294,755,96,35,15,0.34088514225500527,0.6591148577449948,0.08798735511064278,743.9481,4.0,四星級,1
2025,8,台北市,美麗信花園酒店,203.0,5768,91.66,2149.0,12394322,5128881,26483406,95,11626,1101,12727,2886,4483,1160,1174,615,0.22676200204290092,0.7732379979570991,0.9134910033786439,1969.7734,,無星等/未評鑑,0
2025,8,台北市,義華酒店,149.0,1575,34.1,3596.0,5664319,222651,6595051,13,1899,357,2256,1161,138,172,67,335,0.5146276595744681,0.4853723404255319,0.8417553191489362,1226.236,,無星等/未評鑑,0
2025,8,台北市,老爺大酒店,202.0,5344,85.34,4929.0,26340286,27136840,59360345,223,8976,403,9379,1562,6602,90,283,186,0.16654227529587376,0.8334577247041263,0.9570316664889648,4206.408600000001,5.0,五星級,1
2025,8,台北市,豪景大酒店,209.0,3571,55.120000000000005,2134.0,7621832,136800,8114958,43,6585,1495,8080,2098,1172,1020,1564,194,0.25965346534653466,0.7403465346534653,0.8149752475247525,1176.2608000000002,3.0,三星級,1
2025,8,台北市,雀客旅館台北南京,56.0,1565,90.15,2413.0,3776259,0,3776259,11,3130,0,3130,1920,208,265,192,46,0.6134185303514377,0.3865814696485623,1.0,2175.3195,,無星等/未評鑑,0
2025,8,台北市,雀客藏居台北陽明山,50.0,748,48.26,2799.0,2093422,1308823,4593640,22,1502,0,1502,1319,0,10,56,63,0.8781624500665779,0.1218375499334221,1.0,1350.7974,3.0,三星級,1
2025,8,台南市,台南大員皇冠假日酒店,230.0,4855,68.09,3778.0,18342802,17607215,40074248,226,10205,1093,11298,10148,88,41,134,341,0.8982120729332626,0.10178792706673745,0.9032572136661356,2572.4402,5.0,五星級,1
2025,8,台南市,台南大飯店,152.0,2440,51.78,2163.0,5277915,9280386,15746016,103,4041,129,4170,2436,882,103,127,69,0.5841726618705037,0.41582733812949635,0.9690647482014388,1120.0014,3.0,三星級,1
2025,8,台南市,台南遠東香格里拉,331.0,6627,64.58,3906.0,25888014,18215914,49572611,454,12021,908,12929,8143,725,400,376,1196,0.629824425709645,0.37017557429035497,0.9297702838579937,2522.4948,5.0,五星級,1
2025,8,台南市,台糖長榮酒店(台南),197.0,4209,68.92,2832.0,11918284,21655275,34636058,158,8533,884,9417,8710,288,13,26,53,0.9249230115748115,0.0750769884251885,0.9061272167356907,1951.8144,5.0,五星級,1
2025,8,台南市,趣淘漫旅,159.0,4098,83.14,3802.0,15580675,2787760,21151284,98,11765,1814,13579,13536,0,3,4,0,0.9968333456071876,0.0031666543928123847,0.866411370498564,3160.9828,3.0,三星級,1
2025,8,台南市,遠百企業觀光旅館,40.0,160,12.9,560.0,89600,0,89600,23,160,0,160,160,0,0,0,0,1.0,0.0,1.0,72.24,,無星等/未評鑑,0
2025,8,台東縣,台東桂田喜來登酒店,290.0,4476,49.79,3757.0,16818203,14864305,32745217,166,6893,3394,10287,9962,29,8,58,169,0.9684067269369107,0.031593273063089344,0.670069019150384,1870.6103,5.0,五星級,1
2025,8,台東縣,娜路彎大酒店,292.0,5893,65.1,5766.0,33978185,16893862,56154123,195,20494,1370,21864,21746,4,2,62,20,0.9946030003658983,0.0053969996341016735,0.9373399195023784,3753.6659999999997,5.0,五星級,1
2025,8,台東縣,樂樂日暉溫泉酒店,48.0,656,44.09,2497.0,1637904,0,1637904,9,1314,0,1314,1314,0,0,0,0,1.0,0.0,1.0,1100.9273,,無星等/未評鑑,0
2025,8,台東縣,知本老爺大酒店,182.0,3455,61.24000000000001,5427.0,18750752,10439125,32654960,185,7767,623,8390,8298,7,0,17,20,0.9890345649582837,0.01096543504171632,0.9257449344457688,3323.4948000000004,5.0,五星級,1
2025,8,嘉義市,耐斯王子大飯店,245.0,2789,36.72,2865.0,7989419,8006295,17517387,114,2957,2939,5896,5591,55,171,0,38,0.948270013568521,0.05172998643147897,0.5015264586160109,1052.028,5.0,五星級,1
2025,8,嘉義市,鈺通大飯店,120.0,1064,28.6,1748.0,1860268,2782739,4660082,65,1178,447,1625,1523,68,24,0,2,0.9372307692307692,0.0627692307692308,0.7249230769230769,499.92800000000005,3.0,三星級,1
2025,8,嘉義縣,名都觀光渡假大飯店,97.0,408,13.570000000000002,2050.0,836327,683117,1544981,42,658,466,1124,1124,0,0,0,0,1.0,0.0,0.5854092526690391,278.18500000000006,3.0,三星級,1
2025,8,嘉義縣,阿里山賓館(歷史館),35.0,232,21.38,12192.0,2828605,0,2828605,11,429,184,613,573,3,0,2,16,0.9347471451876019,0.06525285481239806,0.6998368678629691,2606.6495999999997,4.0,四星級,1
2025,8,嘉義縣,阿里山賓館(現代館),104.0,1126,34.93,12265.0,13810247,5493012,19617831,100,2092,897,2989,2797,12,2,10,79,0.9357644697223152,0.0642355302776848,0.6998996319839411,4284.1645,4.0,四星級,1
2025,8,基隆市,長榮桂冠酒店(基隆),140.0,3666,84.47,3974.0,14569363,8304743,26745197,89,6497,1787,8284,7886,60,62,52,16,0.9519555770159344,0.04804442298406564,0.7842829550941575,3356.8378,5.0,五星級,1
2025,8,宜蘭縣,凱渡廣場酒店,285.0,4576,51.790000000000006,8140.0,37248971,22235422,65126338,144,11574,1896,13470,13429,4,0,21,14,0.9969561989606534,0.0030438010393466497,0.8592427616926503,4215.706,,無星等/未評鑑,0
2025,8,宜蘭縣,山泉大飯店,146.0,2771,61.22,2212.0,6128144,2400154,8977155,39,4178,1909,6087,5994,0,0,53,0,0.9847215377033022,0.015278462296697826,0.6863808115656317,1354.1863999999998,3.0,三星級,1
2025,8,宜蘭縣,幼獅大飯店,53.0,402,24.47,965.0,387900,0,414400,8,285,125,410,408,0,0,0,0,0.9951219512195122,0.004878048780487809,0.6951219512195121,236.13549999999998,3.0,三星級,1
2025,8,宜蘭縣,悅川酒店,103.0,2238,70.09,5217.0,11676391,10050310,21726701,97,4838,1611,6449,6381,0,0,36,0,0.989455729570476,0.010544270429523994,0.7501938285005427,3656.5953000000004,4.0,四星級,1
2025,8,宜蘭縣,礁溪老爺酒店,197.0,4767,78.06,9506.0,45316468,27570937,86075200,304,12039,1407,13446,13199,49,16,63,91,0.9816302246021121,0.018369775397887866,0.8953592146363231,7420.3836,5.0,五星級,1
2025,8,宜蘭縣,礁溪麒麟酒店,167.0,4087,78.95,3612.0,14763627,69411,14833038,40,8873,1552,10425,9657,12,165,258,28,0.9263309352517985,0.07366906474820145,0.8511270983213429,2851.6740000000004,,無星等/未評鑑,0
2025,8,宜蘭縣,綠舞國際觀光飯店,113.0,1854,52.93,5478.0,10156001,4948719,21601705,289,3415,2276,5691,5674,0,0,15,0,0.9970128272711298,0.002987172728870169,0.6000702864171499,2899.5054,4.0,四星級,1
2025,8,宜蘭縣,蘭城晶英酒店,193.0,5753,96.16,11248.0,64709495,47056930,124482091,310,22227,501,22728,22293,41,0,169,111,0.9808606124604012,0.019139387539598762,0.9779567053854277,10816.076799999999,5.0,五星級,1
2025,8,宜蘭縣,長榮鳳凰酒店(礁溪),231.0,5019,70.09,5911.0,29668951,21672865,56631446,250,13371,1474,14845,14606,26,6,102,46,0.9839003031323678,0.01609969686763224,0.9007073088582014,4143.0199,5.0,五星級,1
2025,8,屏東縣,凱撒大飯店,281.0,6856,78.71,7860.0,53885340,8837981,67380952,220,18747,1301,20048,18857,195,240,295,145,0.9405925778132482,0.05940742218675177,0.9351057462090981,6186.606,5.0,五星級,1
2025,8,屏東縣,墾丁怡灣渡假酒店,234.0,4705,64.86,3928.0,18481613,4197712,24172763,97,11454,821,12275,12213,0,4,18,4,0.994949083503055,0.0050509164969450016,0.9331160896130346,2547.7008,3.0,三星級,1
2025,8,屏東縣,墾丁福華渡假飯店,458.0,6107,43.01,4864.0,29701956,9151142,41208993,219,17242,2025,19267,18251,113,83,328,155,0.9472673483157731,0.05273265168422692,0.8948980121451185,2092.0063999999998,5.0,五星級,1
2025,8,新北市,八里福朋喜來登酒店,241.0,2684,35.93,3986.0,10699162,18899721,29717064,139,5605,2073,7678,7028,119,26,11,357,0.9153425371190415,0.08465746288095854,0.7300078145350352,1432.1698000000001,3.0,三星級,1
2025,8,新北市,大板根渡假酒店,95.0,2314,78.57,6910.0,15989740,15389431,47416795,219,3825,3117,6942,6843,6,6,9,15,0.9857389801210026,0.014261019878997416,0.5509939498703543,5429.187,4.0,四星級,1
2025,8,新北市,板橋凱撒大飯店,400.0,11844,95.52,3791.0,44904759,12773633,57802636,142,23053,1528,24581,10534,2135,4244,3350,748,0.42854237012326596,0.571457629876734,0.9378381676904927,3621.1632,5.0,五星級,1
2025,8,新北市,瓏山林台北中和飯店,126.0,2308,59.089999999999996,2421.0,5588738,2375481,8175247,78,4370,109,4479,3399,17,83,159,97,0.7588747488278633,0.24112525117213668,0.9756642107613307,1430.5688999999998,3.0,三星級,1
2025,8,新北市,碧特弗大飯店,55.0,394,23.11,3199.0,1260465,673231,1933696,22,112,575,687,681,0,0,2,0,0.9912663755458515,0.008733624454148492,0.16302765647743814,739.2889,,無星等/未評鑑,0
2025,8,新北市,福容大飯店    淡水漁人碼頭,198.0,4110,66.96,5449.0,22394231,17356733,44793962,139,7785,1723,9508,9260,19,26,107,12,0.9739167017248632,0.02608329827513678,0.8187841817416912,3648.6504,4.0,四星級,1
2025,8,新北市,福容大飯店 福隆,174.0,3421,63.42,7123.0,24367518,9466178,39900991,128,3180,241,3421,3378,0,0,0,0,0.9874305758550131,0.012569424144986852,0.92955276235019,4517.4066,3.0,三星級,1
2025,8,新北市,美麗春天大飯店,34.0,42,3.9800000000000004,3150.0,132314,0,132314,5,0,80,80,80,0,0,0,0,1.0,0.0,0.0,125.37000000000002,,無星等/未評鑑,0
2025,8,新竹市,新竹國賓大飯店,257.0,5997,75.27,3295.0,19762898,29343643,56229828,283,8287,725,9012,5208,755,311,70,658,0.5778961384820239,0.4221038615179761,0.9195517088326676,2480.1465,4.0,四星級,1
2025,8,新竹市,新竹老爺大酒店,208.0,5221,80.97,3347.0,17475265,13518763,32283963,156,7545,603,8148,5436,983,107,98,616,0.6671575846833578,0.33284241531664216,0.9259941089837997,2710.0658999999996,4.0,四星級,1
2025,8,新竹縣,新竹喜來登大飯店,386.0,10126,84.62,4114.0,41653459,41433251,96915598,308,10462,2203,12665,5753,243,458,33,3162,0.45424397947098305,0.545756020529017,0.8260560600078958,3481.2668,4.0,四星級,1
2025,8,新竹縣,豐邑喜來登大飯店,384.0,6750,56.7,4114.0,27768972,3210937,31241899,114,6974,1468,8442,3836,162,305,22,2108,0.45439469320066334,0.5456053067993367,0.8261075574508411,2332.6380000000004,4.0,四星級,1
2025,8,桃園市,南方莊園渡假飯店,111.0,1573,45.71,5707.0,8977509,8230522,20882570,90,4243,886,5129,5072,6,1,42,0,0.9888867225580035,0.011113277441996527,0.827256775199844,2608.6697,4.0,四星級,1
2025,8,桃園市,古華花園飯店,255.0,7318,92.57,2578.0,18868914,8921220,29821462,158,13104,335,13439,10574,300,208,292,221,0.7868144951261254,0.21318550487387455,0.9750725500409256,2386.4546,3.0,三星級,1
2025,8,桃園市,名人堂花園大飯店,128.0,2213,55.77000000000001,6117.0,13537171,13807078,32475197,183,6181,788,6969,6829,12,0,37,9,0.979911034581719,0.02008896541828098,0.8869278232171043,3411.4509000000007,,無星等/未評鑑,0
2025,8,桃園市,和逸飯店桃園青埔館,218.0,5517,81.64,5059.0,27911357,0,32178461,110,1170,12085,13255,10641,224,202,315,950,0.8027913994718974,0.19720860052810263,0.08826857789513391,4130.1676,4.0,四星級,1
2025,8,桃園市,尊爵大飯店,218.0,3613,53.459999999999994,2802.0,10122248,8607660,19388570,102,4654,1147,5801,2163,416,173,217,272,0.3728667471125668,0.6271332528874332,0.8022754697465954,1497.9491999999998,3.0,三星級,1
2025,8,桃園市,尊爵天際大飯店,250.0,5467,70.54,2762.0,15097402,4649904,19912761,79,4293,4022,8315,1639,183,1,0,0,0.19711365003006615,0.8028863499699339,0.5162958508719182,1948.3148,3.0,三星級,1
2025,8,桃園市,桃園喜來登酒店,189.0,2080,35.5,3245.0,6749941,12339607,21224157,153,3117,751,3868,2619,161,43,46,488,0.6770941054808687,0.3229058945191313,0.8058428128231644,1151.975,4.0,四星級,1
2025,8,桃園市,桃園國際機場凱悅酒店,476.0,9178,62.2,3483.0,31965380,22394705,59861234,260,12647,1581,14228,5735,1116,507,158,2228,0.4030784368850155,0.5969215631149845,0.8888810795614281,2166.426,,無星等/未評鑑,0
2025,8,桃園市,福容大飯店   桃園,182.0,3965,70.28,2310.0,9159447,5002921,14162368,64,3700,209,3909,1920,278,187,410,47,0.4911742133537989,0.5088257866462012,0.9465336403172167,1623.4679999999998,3.0,三星級,1
2025,8,桃園市,福容徠旅 林口,149.0,4202,90.97,2799.0,11760211,0,11761577,27,7157,573,7730,4972,745,35,47,149,0.6432082794307892,0.3567917205692108,0.9258732212160414,2546.2503,,無星等/未評鑑,0
2025,8,澎湖縣,寶華大飯店,74.0,453,19.75,1819.0,824195,6090,833835,17,530,480,1010,989,13,0,0,0,0.9792079207920792,0.02079207920792081,0.5247524752475248,359.2525,,無星等/未評鑑,0
2025,8,澎湖縣,澎湖福朋喜來登酒店,331.0,5853,57.04,3377.0,19764399,19314326,42947297,201,11170,4048,15218,14374,46,48,8,544,0.9445393612826916,0.05546063871730844,0.733999211460113,1926.2407999999998,5.0,五星級,1
2025,8,花蓮縣,太魯閣晶英酒店,160.0,1741,35.1,10069.0,17529597,6222072,27536568,159,5130,185,5315,5090,11,17,8,57,0.9576669802445907,0.04233301975540926,0.9651928504233303,3534.219,5.0,五星級,1
2025,8,花蓮縣,瑞穗天合國際觀光酒店,198.0,4977,81.09,10937.0,54434590,8501307,65014307,196,12873,3271,16144,14919,0,0,0,11,0.9241204162537165,0.07587958374628345,0.7973860257680873,8868.813300000002,5.0,五星級,1
2025,8,花蓮縣,美侖大飯店,299.0,5781,62.36999999999999,3401.0,19663578,10883117,33101361,216,13998,2432,16430,16197,5,6,30,36,0.9858186244674376,0.01418137553256238,0.8519780888618381,2121.2036999999996,5.0,五星級,1
2025,8,花蓮縣,遠雄悅來大飯店,381.0,7744,65.57,5338.0,41341170,26769000,77536565,311,18718,3014,21732,21535,14,2,36,12,0.9909350266887539,0.009064973311246116,0.8613105098472299,3500.1265999999996,5.0,五星級,1
2025,8,苗栗縣,馥藝金鬱金香酒店,191.0,3860,65.19,2734.0,10553568,5447992,16548222,84,7913,732,8645,8248,62,14,53,5,0.9540775014459225,0.045922498554077484,0.9153267784846733,1782.2946,3.0,三星級,1
2025,8,金門縣,陸島酒店,47.0,929,63.75999999999999,1434.0,1332359,161920,1514899,13,394,1630,2024,732,0,0,65,0,0.3616600790513834,0.6383399209486166,0.19466403162055335,914.3183999999998,,無星等/未評鑑,0
2025,8,高雄市,寒軒國際大飯店,371.0,7739,67.29,2281.0,17655082,11727462,30254545,215,9707,1195,10902,8046,1040,221,389,74,0.7380297193175565,0.26197028068244355,0.8903870849385433,1534.8849000000002,5.0,五星級,1
2025,8,高雄市,承攜行旅 高雄六合館,269.0,3974,47.66,2135.0,8485944,0,8485944,22,6742,411,7153,6821,43,83,102,30,0.9535859080106249,0.04641409198937507,0.942541590940864,1017.5409999999999,,無星等/未評鑑,0
2025,8,高雄市,漢來大飯店,535.0,10507,63.35000000000001,3872.0,40683385,72190861,142368169,848,14085,4148,18233,13585,1328,540,352,943,0.7450776065375967,0.2549223934624033,0.772500411342072,2452.9120000000003,5.0,五星級,1
2025,8,高雄市,然一酒店,147.0,1068,23.44,5033.0,5374750,9584733,19441801,229,1954,42,1996,1482,52,4,65,245,0.7424849699398798,0.2575150300601202,0.9789579158316634,1179.7352,,無星等/未評鑑,0
2025,8,高雄市,福容大飯店 高雄,250.0,4192,54.09,2900.0,12155160,4631996,16791794,87,7062,1763,8825,8106,102,357,72,47,0.9185269121813031,0.08147308781869689,0.8002266288951841,1568.61,3.0,三星級,1
2025,8,高雄市,義大皇家酒店,656.0,11098,54.56999999999999,3288.0,36493272,20068820,59932783,393,21407,4418,25825,25025,40,106,415,77,0.9690222652468539,0.030977734753146136,0.8289254598257503,1794.2615999999998,4.0,四星級,1
2025,8,高雄市,高雄圓山大飯店,105.0,2341,71.92,3015.0,7057966,12122558,20663597,127,4983,1238,6221,4879,541,139,130,86,0.7842790548143386,0.21572094518566143,0.8009966243369233,2168.3880000000004,5.0,五星級,1
2025,8,高雄市,高雄福華大飯店,271.0,6560,78.09,2825.0,18531742,22250103,44904016,289,11125,742,11867,5592,3412,338,1096,204,0.47122271846296454,0.5287772815370355,0.9374736664700429,2206.0425,5.0,五星級,1
2025,8,高雄市,高雄萬豪酒店,700.0,14628,67.41,4853.0,70982451,75901062,161585792,734,22391,4234,26625,17878,586,548,805,3470,0.6714741784037559,0.3285258215962441,0.8409765258215962,3271.4073,5.0,五星級,1
2025,8,高雄市,麗尊大酒店,188.0,3332,57.17,2309.0,7693588,12058101,20780822,194,6368,408,6776,5426,491,170,377,32,0.8007674144037781,0.19923258559622192,0.9397874852420307,1320.0553,3.0,三星級,1
2025,9,南投縣,日月潭力麗溫德姆溫泉酒店,197.0,2401,40.63,8196.0,19678768,9666187,30901504,197,3088,2645,5733,5524,10,0,20,53,0.9635443921158207,0.03645560788417934,0.5386359672073958,3330.0348000000004,5.0,五星級,1
2025,9,南投縣,涵碧樓大飯店,96.0,2131,73.99,15893.0,33867528,7024547,45249393,297,3427,684,4111,3637,39,4,26,158,0.8846995864753101,0.1153004135246899,0.8336171247871564,11759.230699999998,5.0,五星級,1
2025,9,南投縣,漢來日月行館,93.0,1729,61.970000000000006,22170.0,38332053,17499756,57268390,223,3251,395,3646,3574,10,3,4,23,0.9802523313219967,0.01974766867800326,0.8916620954470653,13738.749000000002,,無星等/未評鑑,0
2025,9,南投縣,雲品溫泉酒店日月潭,207.0,3943,63.49,10347.0,40799274,18269812,65092389,317,5541,3835,9376,8712,52,4,50,288,0.9291808873720137,0.07081911262798635,0.5909769624573379,6569.3103,5.0,五星級,1
2025,9,台中市,全國大飯店,178.0,2688,50.34,2501.0,6722420,3250239,12069783,74,3927,450,4377,3267,535,70,41,62,0.746401644962303,0.253598355037697,0.8971898560657985,1259.0034,5.0,五星級,1
2025,9,台中市,台中港酒店,200.0,5355,89.25,3068.0,16428946,4760761,22558930,101,6571,269,6840,3232,471,69,14,63,0.47251461988304094,0.527485380116959,0.960672514619883,2738.19,3.0,三星級,1
2025,9,台中市,台中福華大飯店,155.0,4063,87.38,3040.0,12351964,17247881,33096181,194,6389,559,6948,4615,457,100,20,313,0.6642199194012666,0.33578008059873343,0.919545192861255,2656.3520000000003,5.0,五星級,1
2025,9,台中市,台中金典酒店,222.0,5070,76.13,3127.0,15854032,18548958,61945238,248,3593,4772,8365,5488,915,299,72,266,0.6560669456066945,0.34393305439330546,0.42952779438135086,2380.5851,5.0,五星級,1
2025,9,台中市,裕元花園酒店,149.0,3674,82.19,4123.0,15147971,27596676,47940649,292,5045,508,5553,3546,190,94,82,641,0.6385737439222042,0.36142625607779577,0.9085179182423915,3388.6937,5.0,五星級,1
2025,9,台中市,通豪大飯店,226.0,2768,40.83,1572.0,4352611,1306973,6151579,69,2002,47,2049,1949,6,11,16,10,0.9511957052220595,0.04880429477794046,0.977061981454368,641.8475999999999,3.0,三星級,1
2025,9,台中市,長榮桂冠酒店(台中),354.0,5292,49.83,2902.0,15355283,31369914,56918934,232,3608,1684,5292,3493,394,31,18,163,0.66005291005291,0.33994708994709,0.6817838246409675,1446.0666,5.0,五星級,1
2025,9,台中市,龍谷大飯店,189.0,636,11.22,1927.0,1225331,611190,2190847,32,746,645,1391,1380,2,0,2,0,0.9920920201294033,0.00790797987059666,0.5363048166786485,216.20940000000002,,無星等/未評鑑,0
2025,9,台北市,JR東日本大飯店台北,288.0,6928,80.19,5257.0,36418038,30083907,72373840,270,11581,840,12421,3515,4678,737,778,657,0.2829884872393527,0.7170115127606473,0.9323725947991305,4215.5883,4.0,四星級,1
2025,9,台北市,三德大飯店,229.0,3012,43.84,1616.0,4867113,1436749,7879862,77,4246,822,5068,1408,2061,135,427,89,0.27782162588792425,0.7221783741120757,0.8378058405682715,708.4544000000001,3.0,三星級,1
2025,9,台北市,亞都麗緻大飯店,219.0,3589,54.63,3486.0,12510423,13059473,28450025,207,6052,0,6052,1754,1839,265,317,162,0.28982154659616655,0.7101784534038335,1.0,1904.4018000000003,4.0,四星級,1
2025,9,台北市,兄弟大飯店,250.0,3321,44.28,3943.0,13093291,44628114,62533997,450,2995,1628,4623,2073,1348,101,133,121,0.44841012329656066,0.5515898767034393,0.6478477179320787,1745.9604000000002,4.0,四星級,1
2025,9,台北市,北投老爺酒店,50.0,895,59.67,4943.0,4424264,5191122,10809913,59,1613,254,1867,1513,19,97,120,25,0.810391001606856,0.18960899839314405,0.8639528655597215,2949.4881,4.0,四星級,1
2025,9,台北市,北投麗禧溫泉酒店,66.0,812,41.01,13827.0,11227553,5694592,20728320,144,1612,12,1624,1152,30,42,134,64,0.7093596059113301,0.29064039408866993,0.9926108374384236,5670.4527,4.0,四星級,1
2025,9,台北市,台北W飯店,405.0,10311,84.86,8754.0,90266067,49244405,156519420,392,13995,888,14883,3052,926,301,1237,4711,0.2050661828932339,0.7949338171067661,0.9403346099576698,7428.644399999999,5.0,五星級,1
2025,9,台北市,台北中山雅樂軒酒店,88.0,2188,82.88,4466.0,9772200,554970,11408460,42,3048,0,3048,408,616,90,261,822,0.13385826771653545,0.8661417322834646,1.0,3701.4207999999994,,無星等/未評鑑,0
2025,9,台北市,台北凱撒大飯店,478.0,12962,90.39,3154.0,40877404,16022514,59434040,145,16205,7154,23359,3574,13553,1163,1328,804,0.15300312513378142,0.8469968748662186,0.6937368894216362,2850.9006,4.0,四星級,1
2025,9,台北市,台北君品大酒店,286.0,5774,67.3,4422.0,25534011,32861447,63317462,301,9610,449,10059,2467,2974,587,595,871,0.24525300725718263,0.7547469927428174,0.9553633561984293,2976.006,5.0,五星級,1
2025,9,台北市,台北君悅酒店,850.0,20346,79.79,5435.0,110589527,119147989,257798527,569,22645,7757,30402,7818,1444,1848,761,10740,0.2571541345964081,0.7428458654035919,0.7448523123478719,4336.5865,5.0,五星級,1
2025,9,台北市,台北寒舍喜來登大飯店,688.0,14056,68.1,5101.0,71692834,112061457,204221419,797,16462,4160,20622,4513,4310,711,766,5405,0.218843953059839,0.781156046940161,0.7982736882940549,3473.781,5.0,五星級,1
2025,9,台北市,台北寒舍艾美酒店,160.0,4088,85.17,8588.0,35109203,38460602,81355247,338,5078,355,5433,1400,361,122,598,1210,0.25768452052273144,0.7423154794772686,0.9346585680103073,7314.3996,5.0,五星級,1
2025,9,台北市,台北漢來大飯店,424.0,7013,55.13,5251.0,36822387,70326025,124296796,483,10934,1645,12579,9693,312,177,155,467,0.7705699976150727,0.22943000238492728,0.869226488592098,2894.8763,5.0,五星級,1
2025,9,台北市,台北美福大飯店,146.0,2663,60.8,6390.0,17015759,59303376,82355665,353,4112,249,4361,2224,187,250,253,670,0.509974776427425,0.49002522357257505,0.9429030038981885,3885.12,6.0,卓越五星,1
2025,9,台北市,台北艾麗酒店,235.0,5319,75.45,6113.0,32513619,14446155,52541725,184,6524,630,7154,1751,250,455,615,1212,0.24475817724350013,0.7552418227564999,0.9119373776908023,4612.2585,5.0,五星級,1
2025,9,台北市,台北花園大酒店,241.0,5889,81.45,1924.0,11328551,17575598,37134569,153,10266,1189,11455,1304,878,4567,1169,343,0.11383675250982103,0.8861632474901789,0.8962025316455696,1567.0980000000002,4.0,四星級,1
2025,9,台北市,台北萬豪酒店,318.0,8288,86.88,6515.0,53996571,71415915,175156185,572,9678,234,9912,2675,283,828,319,3872,0.26987489911218726,0.7301251008878127,0.9763922518159807,5660.232,5.0,五星級,1
2025,9,台北市,台北遠東香格里拉,420.0,8270,65.63,5743.0,47496153,52335757,113300586,473,9955,1896,11851,2482,829,622,668,4054,0.20943380305459455,0.7905661969454054,0.8400135009703823,3769.1308999999997,5.0,五星級,1
2025,9,台北市,國王大飯店,97.0,2071,71.17,1633.0,3382678,886386,4280887,47,621,1450,2071,91,1966,2,2,0,0.04394012554321584,0.9560598744567842,0.2998551424432641,1162.2061,3.0,三星級,1
2025,9,台北市,國聯大飯店,243.0,3252,44.61,3480.0,11317356,4272728,16334254,109,4533,587,5120,3087,360,245,170,107,0.6029296875,0.3970703125,0.8853515625,1552.4279999999999,4.0,四星級,1
2025,9,台北市,圓山大飯店,473.0,9732,68.58,4430.0,43110164,83863820,141342452,544,10778,8188,18966,9941,4696,306,293,981,0.5241484762206053,0.47585152377939466,0.5682800801434146,3038.0939999999996,5.0,五星級,1
2025,9,台北市,天成大飯店,225.0,5719,84.73,3523.0,20145412,14689501,36950452,311,10380,599,10979,1885,4744,698,566,761,0.1716914108753074,0.8283085891246926,0.9454412970215866,2985.0379000000003,4.0,四星級,1
2025,9,台北市,日勝生加賀屋國際溫泉飯店,89.0,767,28.73,8895.0,6822827,3975005,11765519,122,554,213,767,619,36,3,51,14,0.8070404172099087,0.1929595827900913,0.7222946544980443,2555.5335,,無星等/未評鑑,0
2025,9,台北市,晶華酒店,538.0,12540,77.7,5352.0,67110825,186071374,277464051,945,17588,4255,21843,8415,6096,1344,1117,1882,0.38524927894519984,0.6147507210548002,0.8052007508126173,4158.504,5.0,五星級,1
2025,9,台北市,歐華酒店,112.0,928,27.62,3692.0,3426498,7320185,11518900,107,1262,409,1671,723,520,17,9,57,0.4326750448833034,0.5673249551166966,0.7552363853979653,1019.7304,4.0,四星級,1
2025,9,台北市,漢普頓酒店,121.0,2548,70.19,2459.0,6266585,5358332,13700716,62,2835,1437,4272,1877,1421,308,161,117,0.43937265917602997,0.56062734082397,0.663623595505618,1725.9721,,無星等/未評鑑,0
2025,9,台北市,福容大飯店  台北一館,120.0,2068,57.440000000000005,3084.0,6378715,10890221,18389913,83,2875,316,3191,2104,228,72,88,217,0.6593544343465998,0.3406455656534002,0.9009714822939517,1771.4496000000001,4.0,四星級,1
2025,9,台北市,福華大飯店,606.0,10646,58.56,3985.0,42423065,33187594,89270108,481,15496,1778,17274,5389,3171,1906,550,1926,0.3119717494500405,0.6880282505499595,0.8970707421558411,2333.616,5.0,五星級,1
2025,9,台北市,第一大飯店,176.0,1965,37.22,1891.0,3714891,2803871,29159934,39,384,2871,3255,747,1398,19,12,57,0.2294930875576037,0.7705069124423963,0.11797235023041475,703.8302,4.0,四星級,1
2025,9,台北市,美麗信花園酒店,203.0,5234,85.94,2011.0,10527905,8405147,26492466,74,9696,939,10635,2204,4073,867,452,706,0.20724024447578748,0.7927597555242125,0.9117066290550071,1728.2534,,無星等/未評鑑,0
2025,9,台北市,義華酒店,149.0,2749,61.5,4101.0,11273023,224345,12789810,17,2666,764,3430,1083,142,157,67,1151,0.31574344023323614,0.6842565597667638,0.7772594752186589,2522.115,,無星等/未評鑑,0
2025,9,台北市,老爺大酒店,202.0,5192,85.68,4862.0,25244596,23994176,55586708,233,7860,298,8158,1295,5679,120,182,182,0.1587398872272616,0.8412601127727384,0.9634714390782054,4165.761600000001,5.0,五星級,1
2025,9,台北市,豪景大酒店,209.0,3418,54.510000000000005,2049.0,7004619,53140,7263264,43,4938,2489,7427,1535,2137,642,732,145,0.20667833580180422,0.7933216641981957,0.6648714151070418,1116.9099,3.0,三星級,1
2025,9,台北市,雀客旅館台北南京,56.0,1345,80.06,2439.0,3280443,0,3280443,11,2690,0,2690,1522,260,280,98,68,0.5657992565055762,0.43420074349442384,1.0,1952.6634,,無星等/未評鑑,0
2025,9,台北市,雀客藏居台北陽明山,50.0,773,51.53,2685.0,2075585,1268106,4252838,22,1505,124,1629,1336,2,8,76,22,0.8201350521792511,0.1798649478207489,0.9238796807857581,1383.5805000000003,3.0,三星級,1
2025,9,台南市,台南大員皇冠假日酒店,231.0,3995,57.65,3819.0,15255750,15837892,34251611,237,5519,2695,8214,7261,18,2,40,522,0.8839785731677624,0.1160214268322376,0.6719016313610908,2201.6535,5.0,五星級,1
2025,9,台南市,台南大飯店,152.0,2303,50.5,2172.0,5003026,7668666,13813297,110,3513,376,3889,2172,708,100,118,49,0.5584983286191824,0.44150167138081764,0.9033170480843404,1096.86,3.0,三星級,1
2025,9,台南市,台南遠東香格里拉,331.0,5780,58.21000000000001,3868.0,22355232,20930518,48593226,349,8018,1060,9078,5262,628,409,146,788,0.5796430931923331,0.4203569068076669,0.8832341925534258,2251.5628,5.0,五星級,1
2025,9,台南市,台糖長榮酒店(台南),197.0,2802,47.41,2876.0,8059638,19371608,28199736,160,4982,749,5731,5338,152,8,22,38,0.9314255801779794,0.06857441982202062,0.869307276217065,1363.5116,5.0,五星級,1
2025,9,台南市,趣淘漫旅,159.0,2014,42.22,3448.0,6943410,2046116,10393780,103,3606,2093,5699,5693,0,0,0,0,0.9989471837164415,0.0010528162835584665,0.63274258641867,1455.7456,3.0,三星級,1
2025,9,台南市,遠百企業觀光旅館,40.0,160,13.33,550.0,88000,0,88000,23,160,0,160,160,0,0,0,0,1.0,0.0,1.0,73.315,,無星等/未評鑑,0
2025,9,台東縣,台東桂田喜來登酒店,290.0,3764,43.26,3080.0,11592452,12231749,25352057,154,4130,3706,7836,7448,6,11,16,257,0.9504849412965799,0.0495150587034201,0.5270546197039305,1332.408,5.0,五星級,1
2025,9,台東縣,娜路彎大酒店,292.0,4190,47.83,4279.0,17928616,9942918,29731658,180,7214,343,7557,7520,0,2,0,2,0.9951038771999471,0.0048961228000529156,0.9546116183670769,2046.6457,5.0,五星級,1
2025,9,台東縣,樂樂日暉溫泉酒店,48.0,321,22.29,2488.0,798775,0,798775,9,644,0,644,644,0,0,0,0,1.0,0.0,1.0,554.5752,,無星等/未評鑑,0
2025,9,台東縣,知本老爺大酒店,182.0,2767,50.68,4615.0,12770995,6908559,22059354,189,5119,689,5808,5646,7,0,18,68,0.9721074380165289,0.02789256198347112,0.881370523415978,2338.882,5.0,五星級,1
2025,9,嘉義市,耐斯王子大飯店,245.0,3191,43.41,2314.0,7385548,8706062,17034376,110,2322,5090,7412,7106,133,56,6,20,0.9587155963302753,0.041284403669724745,0.3132757690232056,1004.5074,5.0,五星級,1
2025,9,嘉義市,鈺通大飯店,120.0,1163,32.31,1851.0,2152859,3652604,5816179,62,1231,1003,2234,2153,33,0,12,16,0.9637421665174575,0.03625783348254252,0.5510295434198746,598.0581000000001,3.0,三星級,1
2025,9,嘉義縣,名都觀光渡假大飯店,97.0,321,11.03,2019.0,648166,587269,1267739,42,389,413,802,802,0,0,0,0,1.0,0.0,0.4850374064837905,222.6957,3.0,三星級,1
2025,9,嘉義縣,阿里山賓館(歷史館),35.0,285,27.140000000000004,10077.0,2872064,0,2872064,11,479,206,685,634,6,0,3,14,0.9255474452554745,0.0744525547445255,0.6992700729927007,2734.8978,4.0,四星級,1
2025,9,嘉義縣,阿里山賓館(現代館),104.0,1387,44.46,10110.0,14022431,5740180,20144251,108,2346,1005,3351,3096,28,2,17,69,0.9239033124440466,0.07609668755595345,0.7000895255147717,4494.906,4.0,四星級,1
2025,9,基隆市,長榮桂冠酒店(基隆),140.0,3699,88.07,3009.0,11130133,7127792,22144127,91,3865,3650,7515,7114,40,33,12,39,0.9466400532268796,0.05335994677312039,0.5143047238855623,2650.0263,5.0,五星級,1
2025,9,宜蘭縣,凱渡廣場酒店,285.0,3565,41.7,5894.0,21012891,17024301,41626323,161,5654,3488,9142,9120,0,0,0,10,0.9975935243929118,0.0024064756070881765,0.6184642310216583,2457.7980000000002,,無星等/未評鑑,0
2025,9,宜蘭縣,山泉大飯店,146.0,2264,51.690000000000005,2001.0,4529656,1304663,6141388,39,1811,2563,4374,4002,0,0,207,0,0.9149519890260631,0.08504801097393688,0.4140374942844079,1034.3169000000003,3.0,三星級,1
2025,9,宜蘭縣,幼獅大飯店,52.0,195,12.5,1115.0,217500,0,224390,8,61,142,203,203,0,0,0,0,1.0,0.0,0.30049261083743845,139.375,3.0,三星級,1
2025,9,宜蘭縣,悅川酒店,103.0,1981,64.11,4257.0,8432275,6760658,15192933,92,2596,1911,4507,4453,0,0,17,1,0.9880186376747282,0.011981362325271805,0.5759928999334368,2729.1627000000003,4.0,四星級,1
2025,9,宜蘭縣,礁溪老爺酒店,197.0,3985,67.43,8013.0,31933068,22675351,63770390,307,7982,1846,9828,9562,37,29,56,46,0.9729344729344729,0.027065527065527117,0.8121693121693122,5403.165900000001,5.0,五星級,1
2025,9,宜蘭縣,礁溪麒麟酒店,167.0,3311,66.09,3261.0,10796303,148526,10944829,47,6354,468,6822,6538,22,36,134,28,0.9583699794781589,0.04163002052184106,0.9313984168865436,2155.1949000000004,,無星等/未評鑑,0
2025,9,宜蘭縣,綠舞國際觀光飯店,113.0,1198,35.34,4968.0,5951793,3972385,13640308,278,1885,1256,3141,3139,0,0,2,0,0.9993632601082458,0.0006367398917541678,0.6001273479783509,1755.6912000000002,4.0,四星級,1
2025,9,宜蘭縣,蘭城晶英酒店,193.0,2972,51.33,10402.0,30915627,30404344,68542899,326,9764,602,10366,10157,4,0,8,52,0.9798379316997877,0.020162068300212277,0.9419255257572834,5339.346600000001,5.0,五星級,1
2025,9,宜蘭縣,長榮鳳凰酒店(礁溪),231.0,3765,54.33,4586.0,17265901,16305780,43500949,232,5876,3127,9003,8104,15,6,8,34,0.9001443963123403,0.09985560368765967,0.6526713317782962,2491.5738,5.0,五星級,1
2025,9,屏東縣,凱撒大飯店,281.0,5385,63.88,5289.0,28478832,6482740,37823730,207,10818,1844,12662,11783,54,224,50,85,0.9305796872531985,0.0694203127468015,0.8543673985152425,3378.6132000000002,5.0,五星級,1
2025,9,屏東縣,墾丁怡灣渡假酒店,234.0,2922,41.62,3095.0,9044204,2633221,12378193,79,4850,2117,6967,6964,0,0,0,3,0.9995693985933687,0.00043060140663131463,0.6961389407205397,1288.139,3.0,三星級,1
2025,9,屏東縣,墾丁福華渡假飯店,458.0,5600,40.76,3144.0,17604913,6162039,25152639,212,6651,8417,15068,14549,45,50,0,183,0.9655561454738518,0.03444385452614818,0.4413989912397133,1281.4943999999998,5.0,五星級,1
2025,9,新北市,八里福朋喜來登酒店,241.0,2706,37.43,3983.0,10777721,16548847,27394418,140,2933,3178,6111,5582,40,34,25,187,0.9134347897234495,0.08656521027655051,0.47995418098510884,1490.8369,3.0,三星級,1
2025,9,新北市,大板根渡假酒店,95.0,1972,69.19,5565.0,10974180,12249174,35285290,218,2449,3467,5916,5790,15,18,33,3,0.9787018255578094,0.02129817444219062,0.41396213657876946,3850.4235,4.0,四星級,1
2025,9,新北市,板橋凱撒大飯店,400.0,10754,89.62,3505.0,37695290,11397851,49224110,154,2810,18130,20940,9185,1657,2903,1854,940,0.4386341929321872,0.5613658070678128,0.13419293218720152,3141.1810000000005,5.0,五星級,1
2025,9,新北市,瓏山林台北中和飯店,126.0,1683,44.52,2417.0,4068545,1801575,7008488,76,3018,40,3058,2074,61,77,64,66,0.6782210595160235,0.3217789404839765,0.986919555264879,1076.0484000000001,3.0,三星級,1
2025,9,新北市,碧特弗大飯店,55.0,147,8.91,2722.0,400188,32265,432453,17,130,104,234,219,0,10,0,1,0.9358974358974359,0.0641025641025641,0.5555555555555556,242.5302,,無星等/未評鑑,0
2025,9,新北市,福容大飯店    淡水漁人碼頭,198.0,3394,57.14,4793.0,16265900,17367901,37112004,136,2839,6563,9402,9245,9,4,9,20,0.9833014252286747,0.016698574771325303,0.3019570304190598,2738.7202,4.0,四星級,1
2025,9,新北市,福容大飯店 福隆,174.0,1800,34.48,7179.0,12921429,6766274,24159381,110,3146,2250,5396,5368,4,0,2,0,0.9948109710896961,0.005189028910303928,0.5830244625648628,2475.3192,3.0,三星級,1
2025,9,新北市,美麗春天大飯店,34.0,8,0.78,2633.0,21063,0,21063,5,16,0,16,16,0,0,0,0,1.0,0.0,1.0,20.5374,,無星等/未評鑑,0
2025,9,新竹市,新竹國賓大飯店,257.0,5415,70.23,3333.0,18050771,27325232,52295371,296,5769,1730,7499,4152,598,276,41,504,0.5536738231764236,0.44632617682357645,0.7693025736764902,2340.7659000000003,4.0,四星級,1
2025,9,新竹市,新竹老爺大酒店,208.0,4788,76.73,3223.0,15431925,12474317,29202733,165,5813,827,6640,3554,852,152,12,791,0.5352409638554216,0.46475903614457836,0.8754518072289157,2473.0079,4.0,四星級,1
2025,9,新竹縣,新竹喜來登大飯店,386.0,10747,92.81,4244.0,45611105,38202771,95457860,346,11038,1222,12260,3961,286,693,40,3919,0.32308319738988583,0.6769168026101142,0.900326264274062,3938.8564,4.0,四星級,1
2025,9,新竹縣,豐邑喜來登大飯店,384.0,7164,62.19,4244.0,30407404,2684392,36228957,111,7359,815,8174,2640,190,462,27,2612,0.32297528749694154,0.6770247125030584,0.9002936138977244,2639.3435999999997,4.0,四星級,1
2025,9,桃園市,南方莊園渡假飯店,111.0,916,27.51,5648.0,5173394,5167027,13817448,96,1341,875,2216,2214,0,0,0,0,0.9990974729241877,0.0009025270758122872,0.60514440433213,1553.7648000000002,4.0,四星級,1
2025,9,桃園市,古華花園飯店,255.0,6650,86.93,2664.0,17717518,8900452,29431660,161,9678,673,10351,3378,322,134,66,178,0.32634528064921264,0.6736547193507874,0.9349821273306926,2315.8152,3.0,三星級,1
2025,9,桃園市,名人堂花園大飯店,128.0,1528,39.79,5661.0,8650723,9575153,22826974,186,2954,1227,4181,4122,0,2,4,13,0.9858885434106673,0.01411145658933266,0.7065295383879455,2252.5119,,無星等/未評鑑,0
2025,9,桃園市,和逸飯店桃園青埔館,218.0,4362,66.7,4721.0,20593079,0,23464951,113,7658,2129,9787,7748,159,146,112,270,0.7916624093184838,0.20833759068151625,0.7824665372432819,3148.907,4.0,四星級,1
2025,9,桃園市,尊爵大飯店,218.0,3754,57.4,2729.0,10245547,11149313,21935047,110,3822,1934,5756,1387,619,184,103,191,0.24096594857539957,0.7590340514246005,0.6640027797081306,1566.4460000000001,3.0,三星級,1
2025,9,桃園市,尊爵天際大飯店,250.0,5953,79.37,2581.0,15365942,4648465,20192687,76,3854,3759,7613,923,415,18,0,191,0.12123998423748851,0.8787600157625115,0.5062393274661763,2048.5397,3.0,三星級,1
2025,9,桃園市,桃園喜來登酒店,189.0,2637,46.51,3211.0,8466980,14405947,24720186,167,3335,1362,4697,3349,153,24,34,665,0.7130083031722376,0.2869916968277624,0.710027677240792,1493.4361,4.0,四星級,1
2025,9,桃園市,桃園國際機場凱悅酒店,476.0,9122,63.88,3278.0,29899156,23418277,58135983,266,12340,727,13067,5316,1001,348,235,2052,0.4068263564704982,0.5931736435295019,0.94436366419224,2093.9864000000002,,無星等/未評鑑,0
2025,9,桃園市,福容大飯店   桃園,182.0,3451,63.21,2338.0,8067523,4415853,12483376,66,2632,581,3213,1541,348,290,34,75,0.47961406784936195,0.5203859321506381,0.8191721132897604,1477.8498000000002,3.0,三星級,1
2025,9,桃園市,福容徠旅 林口,149.0,4455,99.66,2691.0,11990397,0,12318267,24,6742,238,6980,3685,926,171,54,113,0.5279369627507163,0.47206303724928367,0.9659025787965616,2681.8505999999998,,無星等/未評鑑,0
2025,9,澎湖縣,寶華大飯店,74.0,371,16.71,1840.0,682496,4615,692111,17,476,362,838,817,0,4,4,5,0.9749403341288783,0.02505966587112174,0.568019093078759,307.464,,無星等/未評鑑,0
2025,9,澎湖縣,澎湖福朋喜來登酒店,331.0,5625,56.65,2647.0,14890479,15557399,33131287,195,6252,6836,13088,12729,10,8,2,199,0.972570293398533,0.02742970660146704,0.4776894865525672,1499.5255,5.0,五星級,1
2025,9,花蓮縣,太魯閣晶英酒店,160.0,1067,22.23,9619.0,10263431,3481454,16103317,161,2401,305,2706,2509,8,5,6,58,0.9271988174427199,0.07280118255728008,0.8872875092387288,2138.3037,5.0,五星級,1
2025,9,花蓮縣,瑞穗天合國際觀光酒店,198.0,2890,48.65,9559.0,27626838,4304309,33239935,197,4857,3123,7980,6450,0,0,4,8,0.8082706766917294,0.19172932330827064,0.6086466165413534,4650.4535,5.0,五星級,1
2025,9,花蓮縣,美侖大飯店,299.0,3295,36.73,2839.0,9354196,4340521,15035245,183,6178,1343,7521,7232,27,4,81,47,0.9615742587421885,0.03842574125781151,0.8214333200372291,1042.7647,5.0,五星級,1
2025,9,花蓮縣,遠雄悅來大飯店,381.0,4428,38.74,4158.0,18409844,23264090,45985140,311,6446,3481,9927,9772,7,19,6,16,0.9843860179308955,0.01561398206910447,0.6493401833383701,1610.8092000000001,5.0,五星級,1
2025,9,苗栗縣,馥藝金鬱金香酒店,191.0,2630,45.9,2714.0,7136511,3519136,11090318,83,4224,955,5179,4772,208,22,30,6,0.9214134002703225,0.07858659972967752,0.8156014674647616,1245.7259999999999,3.0,三星級,1
2025,9,金門縣,陸島酒店,47.0,739,52.410000000000004,1385.0,1023683,112720,1140908,13,191,1218,1409,973,0,0,1,0,0.6905606813342796,0.3094393186657204,0.13555713271823988,725.8785,,無星等/未評鑑,0
2025,9,高雄市,寒軒國際大飯店,371.0,7872,70.73,2110.0,16613337,18536647,35813469,225,6193,1366,7559,5121,948,227,210,127,0.6774705648895356,0.3225294351104644,0.8192882656436037,1492.4030000000002,5.0,五星級,1
2025,9,高雄市,承攜行旅 高雄六合館,269.0,2188,27.11,1871.0,4093971,0,4093971,31,4158,92,4250,4123,21,28,33,8,0.9701176470588235,0.02988235294117647,0.9783529411764705,507.2281,,無星等/未評鑑,0
2025,9,高雄市,漢來大飯店,535.0,10212,63.629999999999995,3712.0,37906917,105912336,226765434,908,11894,4286,16180,11018,1441,475,234,1539,0.680964153275649,0.31903584672435104,0.7351050679851668,2361.9456,5.0,五星級,1
2025,9,高雄市,然一酒店,147.0,1467,33.27,5520.0,8098045,8632993,21501284,219,1954,333,2287,1663,128,46,49,244,0.7271534761696545,0.27284652383034547,0.8543944031482291,1836.5040000000001,,無星等/未評鑑,0
2025,9,高雄市,福容大飯店 高雄,250.0,4213,56.169999999999995,2411.0,10156030,5077246,15243474,85,4019,3555,7574,6846,177,315,25,4,0.9038817005545287,0.09611829944547134,0.5306311064166886,1354.2586999999999,3.0,三星級,1
2025,9,高雄市,義大皇家酒店,656.0,7018,35.66,2948.0,20689503,12839729,44547734,388,7098,10578,17676,17409,17,92,23,25,0.9848947725729803,0.015105227427019696,0.401561439239647,1051.2567999999999,4.0,四星級,1
2025,9,高雄市,高雄圓山大飯店,105.0,1699,53.94,2887.0,4904260,9519712,19100903,130,2542,1452,3994,3262,537,44,22,20,0.8167250876314471,0.18327491236855287,0.6364546820230346,1557.2478,5.0,五星級,1
2025,9,高雄市,高雄福華大飯店,271.0,6577,80.9,2620.0,17234876,20619844,41757173,319,9337,1470,10807,4957,2888,242,903,310,0.4586841861756269,0.5413158138243731,0.8639770519107985,2119.5800000000004,5.0,五星級,1
2025,9,高雄市,高雄萬豪酒店,700.0,11751,55.96,4936.0,57999364,61600678,149474461,756,14539,2914,17453,10591,355,487,326,2916,0.6068297713860081,0.39317022861399187,0.8330373001776199,2762.1856,5.0,五星級,1
2025,9,高雄市,麗尊大酒店,188.0,2942,52.16,2278.0,6701876,8577332,15949798,194,4746,480,5226,4170,485,96,82,53,0.7979334098737084,0.20206659012629158,0.9081515499425947,1188.2048,3.0,三星級,1
2025,10,南投縣,日月潭力麗溫德姆溫泉酒店,197.0,3629,59.42000000000001,7474.0,27124219,11445134,40253887,199,4933,3511,8444,7893,6,2,50,135,0.9347465656087163,0.06525343439128373,0.5842018000947419,4441.050800000001,5.0,五星級,1
2025,10,南投縣,涵碧樓大飯店,96.0,2503,84.11,16038.0,40142659,12148445,58906150,295,3983,918,4901,3687,132,6,87,420,0.752295449908182,0.24770455009181802,0.8126912874923485,13489.5618,5.0,五星級,1
2025,10,南投縣,漢來日月行館,93.0,2110,73.19,20784.0,43854965,21385942,66292890,193,3769,605,4374,4181,15,2,8,83,0.9558756287151349,0.04412437128486513,0.8616826703246456,15211.8096,,無星等/未評鑑,0
2025,10,南投縣,雲品溫泉酒店日月潭,207.0,4981,77.62,11479.0,57174680,23952246,89385062,313,8883,3508,12391,10752,28,36,110,801,0.8677265757404568,0.13227342425954325,0.7168912920668227,8909.999800000001,5.0,五星級,1
2025,10,台中市,全國大飯店,178.0,3058,55.42,2578.0,7883146,6267941,16958753,75,4601,889,5490,4454,335,59,55,179,0.8112932604735883,0.1887067395264117,0.8380692167577414,1428.7276000000002,5.0,五星級,1
2025,10,台中市,台中港酒店,200.0,5326,85.9,3175.0,16909635,4208279,22776462,100,7253,417,7670,4376,180,68,24,72,0.5705345501955671,0.4294654498044329,0.945632333767927,2727.325,3.0,三星級,1
2025,10,台中市,台中福華大飯店,155.0,4325,90.01,3117.0,13480705,15863442,32736666,197,7067,1034,8101,5520,459,227,26,278,0.6813973583508209,0.31860264164917906,0.872361436859647,2805.6117000000004,5.0,五星級,1
2025,10,台中市,台中金典酒店,222.0,5442,79.08,2903.0,15797478,24939859,54565927,245,5310,5144,10454,8152,864,378,44,168,0.7797972068107901,0.22020279318920988,0.507939544671896,2295.6924,5.0,五星級,1
2025,10,台中市,裕元花園酒店,149.0,4039,87.44,4223.0,17058285,31243090,55020376,293,4955,1240,6195,4005,221,102,154,562,0.6464891041162227,0.35351089588377727,0.7998385794995965,3692.5912,5.0,五星級,1
2025,10,台中市,通豪大飯店,227.0,3411,48.47,1791.0,6108361,1318904,7889828,67,2579,79,2658,2485,11,6,15,19,0.9349134687735139,0.06508653122648611,0.9702784048156509,868.0977,3.0,三星級,1
2025,10,台中市,長榮桂冠酒店(台中),354.0,6073,55.34,2636.0,16010503,27797658,48675395,235,3821,2252,6073,4185,596,117,17,186,0.689115758274329,0.310884241725671,0.6291783303145069,1458.7624000000003,5.0,五星級,1
2025,10,台中市,龍谷大飯店,189.0,1231,21.01,2153.0,2650555,931669,4110984,33,1270,1513,2783,2774,1,2,2,0,0.9967660797700323,0.0032339202299677128,0.4563420768954366,452.34530000000007,,無星等/未評鑑,0
2025,10,台北市,JR東日本大飯店台北,288.0,7341,82.22,6078.0,44615074,26351825,75925191,273,13357,335,13692,2928,4483,1446,1032,1715,0.21384750219106047,0.7861524978089396,0.9755331580484955,4997.3315999999995,4.0,四星級,1
2025,10,台北市,三德大飯店,228.0,4131,58.45,2056.0,8491874,1831637,10710619,79,4448,2288,6736,1515,2857,194,559,172,0.22491092636579574,0.7750890736342042,0.6603325415676959,1201.7320000000002,3.0,三星級,1
2025,10,台北市,亞都麗緻大飯店,219.0,4098,60.36,4114.0,16858911,13295424,33405396,211,7008,0,7008,1405,2019,768,415,483,0.2004851598173516,0.7995148401826484,1.0,2483.2104,4.0,四星級,1
2025,10,台北市,兄弟大飯店,250.0,4442,57.32000000000001,3922.0,17422610,46807749,69251629,450,3978,2229,6207,2466,1180,218,111,458,0.3972933784436926,0.6027066215563074,0.6408893185113581,2248.0904000000005,4.0,四星級,1
2025,10,台北市,北投老爺酒店,50.0,977,63.029999999999994,6398.0,6251051,3416598,11293127,61,1960,63,2023,1586,32,13,152,79,0.7839841819080573,0.2160158180919427,0.9688581314878892,4032.6593999999996,4.0,四星級,1
2025,10,台北市,北投麗禧溫泉酒店,66.0,1265,61.83,15451.0,19545129,6714994,33177969,146,2567,11,2578,1313,98,203,332,240,0.5093095422808379,0.4906904577191621,0.995733126454616,9553.353299999999,4.0,四星級,1
2025,10,台北市,台北W飯店,405.0,10285,81.92,9661.0,99360103,48435070,165849047,387,15481,510,15991,2590,751,470,1457,5315,0.1619661059345882,0.8380338940654117,0.9681070602213745,7914.2912,5.0,五星級,1
2025,10,台北市,台北中山雅樂軒酒店,88.0,2393,87.72,4881.0,11681054,557993,13591502,37,3400,0,3400,424,514,69,296,931,0.12470588235294118,0.8752941176470588,1.0,4281.6132,,無星等/未評鑑,0
2025,10,台北市,台北凱撒大飯店,478.0,13681,92.33,3659.0,50058912,17360382,69950735,145,18215,8056,26271,3949,12884,2603,1405,1406,0.15031784096532297,0.849682159034677,0.6933500818392905,3378.3547,4.0,四星級,1
2025,10,台北市,台北君品大酒店,286.0,6377,71.93,5022.0,32023720,44401301,82487336,297,11376,699,12075,2502,2530,1635,798,1347,0.20720496894409937,0.7927950310559007,0.942111801242236,3612.3246000000004,5.0,五星級,1
2025,10,台北市,台北君悅酒店,850.0,23413,88.85,5979.0,139980818,104113005,275129600,569,26997,10891,37888,7137,1562,5030,1167,13775,0.18837098817567569,0.8116290118243243,0.7125475084459459,5312.3415,5.0,五星級,1
2025,10,台北市,台北寒舍喜來登大飯店,688.0,16976,79.59,5306.0,90067867,142330254,254928825,797,20819,5514,26333,4949,4398,1696,1103,7195,0.18793908783655489,0.8120609121634451,0.7906049443663844,4223.0454,5.0,五星級,1
2025,10,台北市,台北寒舍艾美酒店,160.0,4261,85.91,9372.0,39935975,59437542,110020780,342,5784,243,6027,1479,296,85,697,1414,0.24539571926331508,0.754604280736685,0.9596814335490294,8051.4852,5.0,五星級,1
2025,10,台北市,台北漢來大飯店,424.0,7828,59.56,5128.0,40144771,79940905,135385325,449,12680,2032,14712,10983,326,390,577,502,0.7465334420880914,0.25346655791190864,0.8618814573137574,3054.2368,5.0,五星級,1
2025,10,台北市,台北美福大飯店,146.0,2840,62.74999999999999,7006.0,19897182,64509185,90817817,353,4632,185,4817,2335,181,474,186,927,0.4847415403778285,0.5152584596221714,0.9615943533319493,4396.264999999999,6.0,卓越五星,1
2025,10,台北市,台北艾麗酒店,235.0,5909,81.11,6685.0,39500995,21336904,67374419,185,7406,972,8378,1652,194,410,904,1433,0.19718309859154928,0.8028169014084507,0.8839818572451659,5422.2035,5.0,五星級,1
2025,10,台北市,台北花園大酒店,241.0,6548,87.65,2608.0,17074911,25199258,51648411,153,11018,256,11274,963,403,5636,1217,451,0.08541777541245343,0.9145822245875466,0.9772928862870321,2285.9120000000003,4.0,四星級,1
2025,10,台北市,台北萬豪酒店,318.0,8320,84.4,6149.0,51160182,64649834,159181628,571,10281,1348,11629,2566,356,2083,394,3013,0.22065525840570988,0.7793447415942901,0.8840828962077565,5189.756,5.0,五星級,1
2025,10,台北市,台北遠東香格里拉,420.0,9791,75.2,6677.0,65378625,56572576,138836649,470,14359,1595,15954,1976,1132,865,904,5554,0.12385608624796289,0.8761439137520372,0.9000250720822365,5021.104,5.0,五星級,1
2025,10,台北市,國王大飯店,97.0,2226,74.03,1590.0,3538605,887322,4438726,47,668,1558,2226,93,2097,2,5,6,0.04177897574123989,0.9582210242587601,0.3000898472596586,1177.077,3.0,三星級,1
2025,10,台北市,國聯大飯店,243.0,4398,58.379999999999995,3536.0,15552613,4178986,20484001,113,4657,2396,7053,2651,1894,409,424,272,0.37586842478377996,0.62413157521622,0.6602864029490997,2064.3168,4.0,四星級,1
2025,10,台北市,圓山大飯店,473.0,11651,79.46,4684.0,54570751,82425163,159565065,538,9894,11516,21410,9991,4921,856,428,2136,0.46665109761793555,0.5333489023820644,0.4621205044371789,3721.9063999999994,5.0,五星級,1
2025,10,台北市,天成大飯店,225.0,6337,90.85,3956.0,25069394,22283711,49676536,308,12281,792,13073,1728,3917,2058,826,1409,0.1321808307198042,0.8678191692801958,0.9394171192534231,3594.026,4.0,四星級,1
2025,10,台北市,日勝生加賀屋國際溫泉飯店,89.0,911,33.02,11816.0,10764573,6163804,22149384,125,1714,350,2064,1676,87,16,97,64,0.812015503875969,0.187984496124031,0.8304263565891473,3901.6432000000004,,無星等/未評鑑,0
2025,10,台北市,晶華酒店,538.0,13842,83.0,6234.0,86290535,169149692,282356169,957,20694,4097,24791,8100,5825,2688,823,3206,0.3267314751321044,0.6732685248678956,0.8347384131337986,5174.22,5.0,五星級,1
2025,10,台北市,歐華酒店,112.0,1797,51.76,3685.0,6622610,3878887,11659626,107,2042,976,3018,502,758,190,42,262,0.1663353214049039,0.8336646785950961,0.6766070245195493,1907.356,4.0,四星級,1
2025,10,台北市,漢普頓酒店,121.0,2936,78.27,2733.0,8023048,5866592,17010486,66,3185,1760,4945,1661,889,1487,116,122,0.3358948432760364,0.6641051567239635,0.6440849342770475,2139.1191,,無星等/未評鑑,0
2025,10,台北市,福容大飯店  台北一館,120.0,2223,59.760000000000005,3157.0,7018149,9112379,17070283,81,2119,380,2499,1658,74,53,85,112,0.6634653861544618,0.3365346138455382,0.8479391756702681,1886.6232,4.0,四星級,1
2025,10,台北市,福華大飯店,606.0,12293,65.44,4602.0,56576724,44200182,116799334,476,19527,2036,21563,6250,2487,2609,897,3545,0.2898483513425776,0.7101516486574224,0.9055790010666419,3011.5488,5.0,五星級,1
2025,10,台北市,第一大飯店,176.0,2312,42.38,1841.0,4256126,2724593,29643376,38,365,3564,3929,935,1368,45,181,100,0.2379740391957241,0.7620259608042759,0.09289895647747519,780.2158000000001,4.0,四星級,1
2025,10,台北市,美麗信花園酒店,203.0,6026,95.76,2604.0,15694317,8801447,33698988,73,11439,1079,12518,1876,3090,2127,865,1113,0.14986419555839592,0.8501358044416041,0.9138041220642276,2493.5904,,無星等/未評鑑,0
2025,10,台北市,義華酒店,149.0,2279,49.34,3747.0,8538530,262150,9861171,17,3123,238,3361,1308,154,173,152,712,0.38916988991371615,0.6108301100862839,0.9291877417435287,1848.7698,,無星等/未評鑑,0
2025,10,台北市,老爺大酒店,202.0,5341,85.29,5498.0,29364001,37572708,73849920,223,8541,384,8925,1225,5701,205,367,549,0.13725490196078433,0.8627450980392157,0.9569747899159664,4689.2442,5.0,五星級,1
2025,10,台北市,豪景大酒店,209.0,3929,60.64000000000001,2373.0,9324330,67680,9751737,43,4376,4260,8636,1640,1929,1608,552,260,0.18990273274664196,0.8100972672533581,0.5067160722556739,1438.9872000000003,3.0,三星級,1
2025,10,台北市,雀客旅館台北南京,56.0,1581,91.07,3391.0,5360647,0,5360647,9,3120,0,3120,2249,275,368,122,25,0.7208333333333333,0.2791666666666667,1.0,3088.1837,,無星等/未評鑑,0
2025,10,台北市,雀客藏居台北陽明山,50.0,792,51.1,3433.0,2718872,1338792,4845022,20,1406,178,1584,1318,0,28,76,12,0.8320707070707071,0.16792929292929293,0.8876262626262627,1754.2630000000001,3.0,三星級,1
2025,10,台南市,台南大員皇冠假日酒店,230.0,4515,63.32,4153.0,18751413,17515353,40305975,243,7873,1631,9504,8574,29,30,84,361,0.9021464646464646,0.09785353535353536,0.8283880471380471,2629.6796000000004,5.0,五星級,1
2025,10,台南市,台南大飯店,152.0,2514,53.349999999999994,2609.0,6559580,8101652,15624707,114,3829,586,4415,2582,820,89,125,109,0.5848244620611551,0.4151755379388449,0.8672706681766704,1391.9015,3.0,三星級,1
2025,10,台南市,台南遠東香格里拉,331.0,6777,66.05,4164.0,28218335,18115835,52351738,358,10807,682,11489,6201,616,780,328,1016,0.5397336582818348,0.46026634171816516,0.9406388719644878,2750.322,5.0,五星級,1
2025,10,台南市,台糖長榮酒店(台南),197.0,3350,54.86,2945.0,9864485,15730663,26528232,159,5266,1368,6634,6065,165,80,16,123,0.914229725655713,0.08577027434428697,0.793789568887549,1615.6270000000002,5.0,五星級,1
2025,10,台南市,趣淘漫旅,159.0,3468,70.36,3549.0,12307672,2904668,16948493,104,5317,4630,9947,9937,4,0,0,0,0.9989946717603297,0.0010053282396702556,0.5345330250326732,2497.0764,3.0,三星級,1
2025,10,台南市,遠百企業觀光旅館,40.0,140,11.29,520.0,72800,0,72800,23,140,0,140,140,0,0,0,0,1.0,0.0,1.0,58.70799999999999,,無星等/未評鑑,0
2025,10,台東縣,台東桂田喜來登酒店,290.0,4871,54.17999999999999,3391.0,16516421,16200805,33890319,153,5446,5092,10538,10011,18,14,5,227,0.9499905105333081,0.050009489466691925,0.5167963560447902,1837.2437999999997,5.0,五星級,1
2025,10,台東縣,娜路彎大酒店,292.0,4983,55.05,5363.0,26724505,14366804,44220961,187,11507,1891,13398,13371,6,6,0,0,0.9979847738468428,0.0020152261531571902,0.8588595312733244,2952.3315,5.0,五星級,1
2025,10,台東縣,樂樂日暉溫泉酒店,48.0,563,37.84,2491.0,1402570,0,1402570,9,1129,0,1129,1129,0,0,0,0,1.0,0.0,1.0,942.5944000000001,,無星等/未評鑑,0
2025,10,台東縣,知本老爺大酒店,182.0,4352,77.14,4953.0,21556193,11841979,37142386,194,7672,1554,9226,8650,12,2,66,375,0.9375677433340559,0.0624322566659441,0.8315629742033384,3820.7441999999996,5.0,五星級,1
2025,10,嘉義市,耐斯王子大飯店,245.0,4195,55.230000000000004,2502.0,10496896,9921708,22417066,110,5059,5886,10945,10508,64,142,25,92,0.9600730927364093,0.039926907263590716,0.46222019186843305,1381.8546000000001,5.0,五星級,1
2025,10,嘉義市,鈺通大飯店,120.0,1461,39.27,2047.0,2990551,3879929,6888319,62,1379,1569,2948,2862,16,2,12,12,0.9708276797829036,0.02917232021709637,0.46777476255088196,803.8569,3.0,三星級,1
2025,10,嘉義縣,名都觀光渡假大飯店,97.0,846,28.13,2113.0,1787678,1351914,3259094,40,582,1566,2148,2148,0,0,0,0,1.0,0.0,0.2709497206703911,594.3869,3.0,三星級,1
2025,10,嘉義縣,阿里山賓館(歷史館),35.0,472,43.5,10683.0,5042607,0,5042607,11,798,343,1141,941,9,2,17,71,0.8247151621384751,0.17528483786152493,0.6993865030674846,4647.105,4.0,四星級,1
2025,10,嘉義縣,阿里山賓館(現代館),104.0,2298,71.28,10714.0,24619788,10063436,35323372,96,3898,1670,5568,4595,41,12,84,344,0.8252514367816092,0.17474856321839083,0.7000718390804598,7636.939200000001,4.0,四星級,1
2025,10,基隆市,長榮桂冠酒店(基隆),140.0,3927,90.48,3230.0,12682351,7046695,23314719,91,4712,4029,8741,8276,55,41,18,30,0.9468024253517904,0.05319757464820962,0.5390687564351905,2922.5040000000004,5.0,五星級,1
2025,10,宜蘭縣,凱渡廣場酒店,285.0,4010,45.39,6932.0,27796015,19539212,51551637,162,7555,2972,10527,10510,2,0,0,6,0.9983851049681771,0.0016148950318228827,0.717678350907191,3146.4348,,無星等/未評鑑,0
2025,10,宜蘭縣,山泉大飯店,146.0,3903,86.24,1936.0,7554335,1917908,9970782,40,3002,3781,6783,6367,0,55,200,0,0.9386702049240749,0.061329795075925064,0.4425770308123249,1669.6064,3.0,三星級,1
2025,10,宜蘭縣,幼獅大飯店,53.0,312,18.99,1175.0,366700,0,386800,8,51,211,262,262,0,0,0,0,1.0,0.0,0.1946564885496183,223.13249999999996,3.0,三星級,1
2025,10,宜蘭縣,悅川酒店,103.0,2165,67.8,4343.0,9403663,6986109,16389772,92,2553,2800,5353,5302,0,0,12,11,0.9904726321688773,0.009527367831122735,0.4769288249579675,2944.5539999999996,4.0,四星級,1
2025,10,宜蘭縣,礁溪老爺酒店,197.0,5033,82.41,8401.0,42282890,26537261,80383298,304,10686,1989,12675,12022,45,65,172,217,0.9484812623274161,0.05151873767258386,0.8430769230769231,6923.264099999999,5.0,五星級,1
2025,10,宜蘭縣,礁溪麒麟酒店,167.0,3845,74.27,3618.0,13912790,234096,14146886,47,7015,1027,8042,7554,36,48,202,52,0.9393185774682915,0.060681422531708495,0.8722954488933101,2687.0886,,無星等/未評鑑,0
2025,10,宜蘭縣,綠舞國際觀光飯店,113.0,1283,36.63,5265.0,6755112,5672828,16450690,284,2150,1434,3584,3566,0,0,18,0,0.9949776785714286,0.005022321428571397,0.5998883928571429,1928.5695,4.0,四星級,1
2025,10,宜蘭縣,蘭城晶英酒店,193.0,3642,60.870000000000005,11317.0,41215741,35068541,85252489,334,12067,734,12801,12216,18,18,81,85,0.9543004452777126,0.04569955472228737,0.9426607296304976,6888.6579,5.0,五星級,1
2025,10,宜蘭縣,長榮鳳凰酒店(礁溪),231.0,4588,64.07,4932.0,22629410,22231236,49193283,233,9251,2528,11779,11317,4,78,122,107,0.9607776551489939,0.039222344851006063,0.7853807623737159,3159.9323999999997,5.0,五星級,1
2025,10,屏東縣,凱撒大飯店,281.0,6663,76.49,5705.0,38011642,8040012,49467830,215,13271,2706,15977,14001,49,1063,86,98,0.8763222131814483,0.12367778681855168,0.8306315328284409,4363.754499999999,5.0,五星級,1
2025,10,屏東縣,墾丁怡灣渡假酒店,234.0,4018,55.39000000000001,3405.0,13682025,3705335,18386377,78,8068,2163,10231,10206,0,3,0,7,0.9975564460952009,0.0024435539047991117,0.7885837161567785,1886.0295,3.0,三星級,1
2025,10,屏東縣,墾丁福華渡假飯店,458.0,8421,59.31000000000001,3423.0,28826234,9747330,40036884,228,12156,10976,23132,21544,55,722,49,144,0.9313505101158568,0.06864948988414321,0.5255057928410859,2030.1813000000004,5.0,五星級,1
2025,10,新北市,八里福朋喜來登酒店,241.0,3446,46.13,4353.0,15000218,19603309,34666576,142,4317,4148,8465,7963,41,28,35,243,0.9406969875959834,0.059303012404016586,0.5099822799763734,2008.0389000000002,3.0,三星級,1
2025,10,新北市,大板根渡假酒店,95.0,2285,77.59,6821.0,15585985,15123916,45893568,214,3201,3654,6855,6717,21,15,21,21,0.9798687089715536,0.020131291028446352,0.4669584245076586,5292.4139000000005,4.0,四星級,1
2025,10,新北市,板橋凱撒大飯店,400.0,11779,94.99,3918.0,46148753,13876130,60157681,147,19068,4788,23856,6647,4204,6034,1941,975,0.278630114017438,0.721369885982562,0.7992957746478874,3721.7082,5.0,五星級,1
2025,10,新北市,瓏山林台北中和飯店,126.0,2036,52.12,2511.0,5111977,2620246,7973742,76,3448,545,3993,2854,68,256,103,81,0.7147508139243677,0.2852491860756323,0.86351114450288,1308.7332,3.0,三星級,1
2025,10,新北市,碧特弗大飯店,55.0,280,16.42,2483.0,695253,39935,735188,17,41,380,421,407,0,0,4,2,0.9667458432304038,0.0332541567695962,0.09738717339667459,407.7086000000001,,無星等/未評鑑,0
2025,10,新北市,福容大飯店    淡水漁人碼頭,198.0,3731,60.79,4978.0,18571446,19493380,43546586,140,4941,4382,9323,9163,12,52,12,31,0.9828381422288963,0.017161857771103683,0.5299796202938968,3026.1262,4.0,四星級,1
2025,10,新北市,福容大飯店 福隆,174.0,2366,43.86,5429.0,12846028,6358039,22302304,114,1361,1005,2366,2320,6,0,0,12,0.9805579036348268,0.019442096365173245,0.5752324598478444,2381.1594,3.0,三星級,1
2025,10,新北市,美麗春天大飯店,34.0,19,1.8000000000000003,2336.0,44378,0,44378,5,38,0,38,38,0,0,0,0,1.0,0.0,1.0,42.048,,無星等/未評鑑,0
2025,10,新竹市,新竹國賓大飯店,257.0,4963,62.29,3451.0,17124955,40640082,64850938,294,6080,1530,7610,4756,388,155,40,591,0.6249671484888305,0.3750328515111695,0.7989487516425755,2149.6279,4.0,四星級,1
2025,10,新竹市,新竹老爺大酒店,208.0,4560,70.72,3299.0,15045018,23712223,39910739,166,5648,1353,7001,4695,657,68,3,619,0.6706184830738466,0.32938151692615336,0.8067418940151407,2333.0528,4.0,四星級,1
2025,10,新竹縣,新竹喜來登大飯店,386.0,10040,83.9,4117.0,41338147,65308503,120423829,347,10542,1703,12245,5063,298,607,41,3318,0.4134748877092691,0.5865251122907309,0.8609228256431196,3454.1630000000005,4.0,四星級,1
2025,10,新竹縣,豐邑喜來登大飯店,384.0,6694,56.230000000000004,4117.0,27558765,2947492,30751577,112,7028,1135,8163,3375,199,405,28,2212,0.41345093715545755,0.5865490628445424,0.8609579811343868,2314.9891000000002,4.0,四星級,1
2025,10,桃園市,南方莊園渡假飯店,111.0,1432,41.62,6325.0,9057987,13013091,24945295,95,2496,1099,3595,3593,0,0,2,0,0.9994436717663422,0.0005563282336578101,0.6942976356050069,2632.465,4.0,四星級,1
2025,10,桃園市,古華花園飯店,255.0,7264,91.89,2594.0,18846051,8198970,28740379,165,10876,1237,12113,6768,690,248,323,548,0.5587385453644844,0.4412614546355156,0.8978783125567572,2383.6266,3.0,三星級,1
2025,10,桃園市,名人堂花園大飯店,128.0,1666,41.99,5871.0,9780741,14666069,27379955,189,4185,742,4927,4838,12,3,48,7,0.9819362695352142,0.01806373046478582,0.8494012583722347,2465.2329,,無星等/未評鑑,0
2025,10,桃園市,和逸飯店桃園青埔館,218.0,5073,75.07,4747.0,24079498,0,27315048,112,9901,1792,11693,8887,177,288,257,273,0.76002736680065,0.23997263319935003,0.8467459163602156,3563.5728999999997,4.0,四星級,1
2025,10,桃園市,尊爵大飯店,218.0,4460,66.0,2774.0,12371850,7762471,20819464,110,3836,3401,7237,1848,730,655,79,185,0.25535442863064806,0.7446455713693519,0.5300538897333149,1830.84,3.0,三星級,1
2025,10,桃園市,尊爵天際大飯店,250.0,6436,83.05,2620.0,16859543,1723575,18769870,77,3236,5139,8375,903,327,1,0,0,0.10782089552238806,0.892179104477612,0.38638805970149254,2175.91,3.0,三星級,1
2025,10,桃園市,桃園喜來登酒店,189.0,3218,54.92,2867.0,9224589,11235927,22340027,175,3911,1765,5676,4229,112,69,38,681,0.7450669485553206,0.25493305144467937,0.6890415785764623,1574.5564000000002,4.0,四星級,1
2025,10,桃園市,桃園國際機場凱悅酒店,476.0,10141,68.72,3468.0,35168585,24081495,64822508,264,13585,1719,15304,5557,946,1300,246,2602,0.3631076842655515,0.6368923157344485,0.8876764244641924,2383.2096,,無星等/未評鑑,0
2025,10,桃園市,福容大飯店   桃園,182.0,3675,65.14,2299.0,8450305,4871997,13322302,65,2612,1042,3654,1900,300,477,26,209,0.5199781061850027,0.48002189381499727,0.7148330596606459,1497.5686,3.0,三星級,1
2025,10,桃園市,福容徠旅 林口,149.0,4619,100.0,2603.0,12021134,0,12764590,24,6742,238,6980,3685,926,171,54,113,0.5279369627507163,0.47206303724928367,0.9659025787965616,2603.0,,無星等/未評鑑,0
2025,10,澎湖縣,寶華大飯店,74.0,488,21.27,1431.0,698210,6230,706740,17,554,521,1075,1053,2,0,10,1,0.9795348837209302,0.020465116279069773,0.5153488372093024,304.3737,,無星等/未評鑑,0
2025,10,澎湖縣,澎湖福朋喜來登酒店,331.0,5275,51.41,2593.0,13677245,16781290,33658906,192,8418,3561,11979,11391,16,18,6,368,0.9509140996744303,0.0490859003255697,0.7027297771099424,1333.0613,5.0,五星級,1
2025,10,花蓮縣,太魯閣晶英酒店,160.0,805,16.23,9600.0,7727803,2585618,12023234,163,1721,393,2114,1790,4,51,11,63,0.8467360454115421,0.15326395458845787,0.8140964995269631,1558.08,5.0,五星級,1
2025,10,花蓮縣,瑞穗天合國際觀光酒店,198.0,3209,52.28,10458.0,33559953,5211799,39935556,188,6415,3412,9827,7445,0,0,22,0,0.7576065940775415,0.2423934059224585,0.6527933245140938,5467.4424,5.0,五星級,1
2025,10,花蓮縣,美侖大飯店,299.0,3771,40.68,3138.0,11832158,6964370,19854159,185,6774,2271,9045,8541,18,51,13,81,0.9442786069651742,0.05572139303482582,0.748922056384743,1276.5384,5.0,五星級,1
2025,10,花蓮縣,遠雄悅來大飯店,381.0,4448,37.66,5092.0,22649313,17585601,45281888,313,8025,2780,10805,10572,16,15,11,26,0.9784359093012495,0.021564090698750538,0.7427117075428042,1917.6471999999997,5.0,五星級,1
2025,10,苗栗縣,馥藝金鬱金香酒店,191.0,3683,62.2,2549.0,9386162,5921085,15886312,84,4845,2947,7792,7369,200,24,84,38,0.9457135523613963,0.054286447638603685,0.6217915811088296,1585.478,3.0,三星級,1
2025,10,金門縣,陸島酒店,47.0,1074,73.71,1468.0,1576605,174960,1758275,15,264,1923,2187,1420,0,0,69,0,0.6492912665752172,0.3507087334247828,0.12071330589849108,1082.0628,,無星等/未評鑑,0
2025,10,高雄市,寒軒國際大飯店,371.0,9101,79.13,2355.0,21432803,16109270,38471438,224,7094,1637,8731,5518,1325,384,237,83,0.6320009162753407,0.3679990837246593,0.8125071584010995,1863.5114999999998,5.0,五星級,1
2025,10,高雄市,承攜行旅 高雄六合館,269.0,3343,40.09,2474.0,8271833,0,8271833,21,7148,1210,8358,7961,86,92,124,11,0.9525005982292415,0.04749940177075851,0.8552285235702322,991.8266,,無星等/未評鑑,0
2025,10,高雄市,漢來大飯店,535.0,13693,82.56,3876.0,53078477,70478992,151803533,908,16359,6035,22394,13675,2468,1577,282,1506,0.6106546396356167,0.3893453603643833,0.7305081718317407,3200.0256,5.0,五星級,1
2025,10,高雄市,然一酒店,147.0,2077,45.58,5734.0,11908482,11260249,27563190,220,3188,283,3471,2221,72,153,85,484,0.6398732353788533,0.3601267646211467,0.9184673004897724,2613.5572,,無星等/未評鑑,0
2025,10,高雄市,福容大飯店 高雄,250.0,5736,74.01,2676.0,15350577,6107112,21462992,83,5250,6576,11826,10232,330,697,207,26,0.865212244207678,0.13478775579232205,0.4439370877727042,1980.5076000000001,3.0,三星級,1
2025,10,高雄市,義大皇家酒店,656.0,10698,52.61,3177.0,33986531,18302675,59707922,386,12435,14046,26481,25552,18,419,202,33,0.9649182432687587,0.035081756731241254,0.46958196442732525,1671.4197,4.0,四星級,1
2025,10,高雄市,高雄圓山大飯店,105.0,1983,60.919999999999995,3083.0,6113375,12485556,20235058,132,3340,1270,4610,3755,424,126,64,26,0.8145336225596529,0.1854663774403471,0.7245119305856833,1878.1635999999999,5.0,五星級,1
2025,10,高雄市,高雄福華大飯店,271.0,6915,82.31,2964.0,20498975,25371746,50552844,317,10085,1705,11790,5065,2496,769,1111,783,0.4296013570822731,0.5703986429177269,0.8553859202714165,2439.6684,5.0,五星級,1
2025,10,高雄市,高雄萬豪酒店,700.0,12635,58.22999999999999,5527.0,69834691,67188437,151539547,762,19239,2914,22153,13898,350,1217,609,2694,0.6273642396063739,0.3726357603936261,0.8684602536902452,3218.3720999999996,5.0,五星級,1
2025,10,高雄市,麗尊大酒店,188.0,3519,60.38,2324.0,8178156,13119238,22109634,194,5450,1488,6938,5381,270,329,274,199,0.775583741712309,0.22441625828769096,0.7855289708849813,1403.2312,3.0,三星級,1
2025,11,南投縣,日月潭力麗溫德姆溫泉酒店,197.0,3350,56.68,7524.0,25206308,11445376,38200994,194,4192,3888,8080,7398,13,7,19,242,0.9155940594059406,0.08440594059405937,0.5188118811881188,4264.6032000000005,5.0,五星級,1
2025,11,南投縣,涵碧樓大飯店,96.0,2472,85.83,16162.0,39952013,13001530,58938724,288,3992,1027,5019,3764,203,4,15,600,0.7499501892807332,0.2500498107192668,0.7953775652520423,13871.8446,5.0,五星級,1
2025,11,南投縣,漢來日月行館,93.0,2140,76.7,20743.0,44389196,23094261,68840075,226,3772,639,4411,4258,17,0,6,80,0.965313987757878,0.03468601224212198,0.8551348900476082,15909.881000000001,,無星等/未評鑑,0
2025,11,南投縣,雲品溫泉酒店日月潭,207.0,4782,77.0,11219.0,53651273,21863347,83137401,314,7328,4280,11608,9822,89,10,41,1084,0.8461405926946933,0.15385940730530667,0.631288766368022,8638.63,5.0,五星級,1
2025,11,台中市,全國大飯店,178.0,3272,61.27,2539.0,8306895,5873971,16385705,74,4518,998,5516,4026,831,23,30,185,0.7298767222625091,0.2701232777374909,0.8190717911530094,1555.6453,5.0,五星級,1
2025,11,台中市,台中港酒店,200.0,4474,74.57,3067.0,13722715,3430697,18662003,100,6382,324,6706,4398,156,86,58,136,0.6558305994631674,0.34416940053683265,0.9516850581568744,2287.0618999999997,3.0,三星級,1
2025,11,台中市,台中福華大飯店,155.0,4123,88.67,2975.0,12263972,16991915,33241936,196,5997,1566,7563,5199,742,207,64,359,0.6874256247520825,0.31257437524791754,0.7929393097976993,2637.9325,5.0,五星級,1
2025,11,台中市,台中金典酒店,222.0,5162,77.51,2892.0,14928901,25408496,54408873,245,4959,5030,9989,7790,758,270,79,327,0.7798578436279908,0.22014215637200918,0.49644609069976975,2241.5892000000003,5.0,五星級,1
2025,11,台中市,裕元花園酒店,149.0,3583,80.16,4153.0,14879745,33150099,51933733,291,4868,967,5835,4329,156,144,27,257,0.7419023136246786,0.2580976863753214,0.8342759211653813,3329.0447999999997,5.0,五星級,1
2025,11,台中市,通豪大飯店,227.0,3239,47.56,1675.0,5424736,1227032,7056684,68,1939,60,1999,1838,7,10,5,10,0.9194597298649325,0.08054027013506748,0.9699849924962481,796.63,3.0,三星級,1
2025,11,台中市,長榮桂冠酒店(台中),354.0,6588,62.029999999999994,2395.0,15777677,25075465,47114458,233,3585,3003,6588,4587,673,93,47,211,0.6962659380692168,0.30373406193078323,0.5441712204007286,1485.6184999999998,5.0,五星級,1
2025,11,台中市,龍谷大飯店,189.0,1832,32.31,1847.0,3383989,1697739,5566862,33,1104,2929,4033,4018,1,0,10,0,0.9962806843540789,0.003719315645921095,0.2737416315397967,596.7657,,無星等/未評鑑,0
2025,11,台北市,JR東日本大飯店台北,288.0,7954,92.06,6302.0,50126403,31318211,87703506,277,12514,1352,13866,2436,4838,722,742,2068,0.17568152315015145,0.8243184768498486,0.9024953122746285,5801.6212,4.0,四星級,1
2025,11,台北市,三德大飯店,231.0,4730,68.25,2207.0,10437799,2749760,13721027,80,4247,3920,8167,1438,4266,348,662,189,0.176074445940982,0.823925554059018,0.5200195910371005,1506.2775,3.0,三星級,1
2025,11,台北市,亞都麗緻大飯店,219.0,5405,82.27,4447.0,24036635,18583550,47183167,213,9134,0,9134,1610,3154,1095,409,571,0.17626450624042042,0.8237354937595796,1.0,3658.5469,4.0,四星級,1
2025,11,台北市,兄弟大飯店,250.0,6141,81.88,3874.0,23788058,48310291,77740894,450,4421,3298,7719,2820,2005,276,242,581,0.3653322969296541,0.6346677030703459,0.5727425832361704,3172.0312,4.0,四星級,1
2025,11,台北市,北投老爺酒店,50.0,1252,83.47,6639.0,8311740,4482755,15357138,62,2348,166,2514,1815,40,51,241,112,0.7219570405727923,0.2780429594272077,0.933969769291965,5541.5733,4.0,四星級,1
2025,11,台北市,北投麗禧溫泉酒店,66.0,1490,75.25,14898.0,22197950,8200528,43273162,143,2673,56,2729,1466,44,71,369,344,0.5371931110296811,0.46280688897031885,0.9794796628801758,11210.745,4.0,四星級,1
2025,11,台北市,台北W飯店,405.0,11159,91.84,10177.0,113568570,55182012,189683117,390,15212,1347,16559,2389,765,354,1267,6730,0.14427199710127422,0.8557280028987257,0.9186545081224712,9346.5568,5.0,五星級,1
2025,11,台北市,台北中山雅樂軒酒店,88.0,2463,93.3,5184.0,12768309,506623,14726659,36,3748,0,3748,358,623,40,360,1131,0.09551760939167556,0.9044823906083245,1.0,4836.6720000000005,,無星等/未評鑑,0
2025,11,台北市,台北凱撒大飯店,478.0,14119,98.46,3753.0,52986803,20055947,75634945,147,18199,8718,26917,3787,13997,1517,1289,2018,0.14069175613924287,0.8593082438607571,0.6761154660623397,3695.2038000000002,4.0,四星級,1
2025,11,台北市,台北君品大酒店,286.0,7183,83.72,5268.0,37842853,45206149,90025215,297,12549,925,13474,2166,3365,1024,705,2218,0.16075404482707437,0.8392459551729257,0.9313492652515957,4410.3696,5.0,五星級,1
2025,11,台北市,台北君悅酒店,850.0,22931,89.93,6320.0,144918880,115224760,293264687,573,24052,13621,37673,9697,2326,3693,912,14796,0.2573991983648767,0.7426008016351233,0.638441324025164,5683.576000000001,5.0,五星級,1
2025,11,台北市,台北寒舍喜來登大飯店,688.0,17983,87.13,5515.0,99174790,139729907,264229283,796,21338,6179,27517,3979,6438,1080,950,7690,0.14460151906094415,0.8553984809390558,0.7754479049314968,4805.219499999999,5.0,五星級,1
2025,11,台北市,台北寒舍艾美酒店,160.0,4408,91.83,10757.0,47417704,87023829,148729023,340,5620,506,6126,1498,279,102,645,1883,0.2445315050603983,0.7554684949396017,0.9174012406137774,9878.1531,5.0,五星級,1
2025,11,台北市,台北漢來大飯店,424.0,9330,73.35,5216.0,48665385,92069039,158527550,459,13704,2043,15747,11056,630,770,400,675,0.702101987680193,0.29789801231980695,0.8702610020956373,3825.9359999999997,5.0,五星級,1
2025,11,台北市,台北美福大飯店,146.0,3326,75.94,7043.0,23425207,71962313,102976759,353,5464,369,5833,2219,336,565,361,1215,0.38042173838505056,0.6195782616149494,0.9367392422424139,5348.4542,6.0,卓越五星,1
2025,11,台北市,台北艾麗酒店,235.0,6266,88.88,6975.0,43702983,23936654,74638261,184,7625,1173,8798,1461,260,470,1215,1749,0.16606046828824733,0.8339395317117526,0.8666742441463969,6199.38,5.0,五星級,1
2025,11,台北市,台北花園大酒店,241.0,6875,95.09,2830.0,19453281,22887071,52226317,153,12218,197,12415,706,714,6861,1022,556,0.05686669351590817,0.9431333064840919,0.9841320982682239,2691.047,4.0,四星級,1
2025,11,台北市,台北萬豪酒店,318.0,9245,96.91,6698.0,61919247,93747576,196041683,567,11525,1344,12869,2135,1041,1616,628,3702,0.165902556531199,0.834097443468801,0.8955629808065895,6491.0318,5.0,五星級,1
2025,11,台北市,台北遠東香格里拉,420.0,10923,86.69,7272.0,79431383,60203144,158478657,473,15545,2322,17867,2386,1101,387,924,7421,0.1335422846588683,0.8664577153411317,0.8700397380645883,6304.096799999999,5.0,五星級,1
2025,11,台北市,國王大飯店,97.0,2280,78.35,1711.0,3900065,912270,4823428,47,684,1596,2280,129,2084,6,2,9,0.056578947368421055,0.9434210526315789,0.3,1340.5684999999999,3.0,三星級,1
2025,11,台北市,國聯大飯店,243.0,5019,68.85,3695.0,18546318,6047953,25399994,117,6039,2445,8484,4333,1449,451,409,213,0.5107260726072608,0.4892739273927392,0.7118104667609618,2544.0074999999997,4.0,四星級,1
2025,11,台北市,圓山大飯店,473.0,12293,86.63,4690.0,57654933,86355562,164859914,538,9075,14961,24036,12551,6391,484,278,1931,0.5221750707272425,0.47782492927275755,0.3775586620069895,4062.9469999999997,5.0,五星級,1
2025,11,台北市,天成大飯店,226.0,6497,95.83,3901.0,25343670,37048440,66182288,279,12896,707,13603,1249,5200,1454,631,1505,0.09181798132764832,0.9081820186723517,0.9480261706976403,3738.3283,4.0,四星級,1
2025,11,台北市,日勝生加賀屋國際溫泉飯店,89.0,1184,44.34,11115.0,13160623,7314337,27891199,126,2014,501,2515,1897,86,14,234,122,0.7542743538767396,0.24572564612326042,0.8007952286282306,4928.3910000000005,,無星等/未評鑑,0
2025,11,台北市,晶華酒店,538.0,14371,89.04,6605.0,94923729,205733971,330703655,961,20178,4756,24934,7123,8301,1488,589,3609,0.2856741798347638,0.7143258201652363,0.8092564369936632,5881.092000000001,5.0,五星級,1
2025,11,台北市,歐華酒店,112.0,2168,64.52,3386.0,7340580,5364386,14190521,107,2253,1620,3873,510,1125,235,62,294,0.13168086754453912,0.8683191324554609,0.5817195972114639,2184.6472,4.0,四星級,1
2025,11,台北市,漢普頓酒店,121.0,3359,92.53,2628.0,8827899,6162343,17606752,69,2898,2778,5676,1206,1503,2068,163,144,0.2124735729386892,0.7875264270613108,0.5105708245243129,2431.6884,,無星等/未評鑑,0
2025,11,台北市,福容大飯店  台北一館,120.0,2483,68.97,3054.0,7583972,8724546,17218987,83,2603,609,3212,1958,344,41,123,155,0.6095890410958904,0.3904109589041096,0.8103985056039851,2106.3438,4.0,四星級,1
2025,11,台北市,福華大飯店,606.0,14292,78.61,4768.0,68145554,40035685,126082895,476,21768,3348,25116,5929,4195,2859,621,5111,0.23606465997770346,0.7639353400222966,0.8666985188724319,3748.1247999999996,5.0,五星級,1
2025,11,台北市,第一大飯店,176.0,3197,60.54999999999999,1934.0,6181809,2737001,31711378,39,599,4694,5293,885,2292,76,105,108,0.16720196485924807,0.8327980351407519,0.11316833553750236,1171.0369999999998,4.0,四星級,1
2025,11,台北市,美麗信花園酒店,203.0,5989,98.34,2782.0,16658915,7390257,32768368,74,10865,1383,12248,1514,4067,1436,536,1353,0.12361201828870019,0.8763879817112998,0.88708360548661,2735.8188,,無星等/未評鑑,0
2025,11,台北市,義華酒店,149.0,3558,79.6,3682.0,13099657,154005,14807884,18,4318,394,4712,1021,203,475,189,1660,0.21668081494057725,0.7833191850594228,0.916383701188455,2930.8719999999994,,無星等/未評鑑,0
2025,11,台北市,老爺大酒店,202.0,5617,92.69,5777.0,32450270,29562087,69451316,227,9006,464,9470,1025,6639,59,208,542,0.10823653643083421,0.8917634635691658,0.9510031678986273,5354.7013,5.0,五星級,1
2025,11,台北市,豪景大酒店,209.0,4506,71.87,2354.0,10605451,78930,10890612,42,3436,6209,9645,1536,3501,871,490,252,0.159253499222395,0.8407465007776049,0.35624675997926386,1691.8198000000002,3.0,三星級,1
2025,11,台北市,雀客旅館台北南京,56.0,1617,96.25,3762.0,6083534,0,6083534,11,3334,0,3334,3217,22,20,17,15,0.9649070185962807,0.0350929814037193,1.0,3620.925,,無星等/未評鑑,0
2025,11,台北市,雀客藏居台北陽明山,50.0,855,56.99999999999999,3567.0,3049620,1669866,5435939,20,1505,160,1665,1432,0,0,108,10,0.8600600600600601,0.13993993993993992,0.9039039039039038,2033.1899999999996,3.0,三星級,1
2025,11,台南市,台南大員皇冠假日酒店,230.0,5150,74.64,3942.0,20298820,25122303,49446732,239,6281,4053,10334,8984,62,99,119,464,0.8693632668860074,0.1306367331139926,0.6077994968066577,2942.3088000000002,5.0,五星級,1
2025,11,台南市,台南大飯店,152.0,2895,63.49,2465.0,7135570,8966835,17371185,113,4409,731,5140,2843,903,111,109,176,0.5531128404669261,0.4468871595330739,0.8577821011673151,1565.0285000000001,3.0,三星級,1
2025,11,台南市,台南遠東香格里拉,331.0,8048,81.05,4265.0,34325124,25178262,67697615,375,9831,2690,12521,6052,930,572,309,1335,0.4833479754013258,0.5166520245986742,0.7851609296382078,3456.7825,5.0,五星級,1
2025,11,台南市,台糖長榮酒店(台南),197.0,3675,62.18,2689.0,9881986,17499869,28465364,159,4879,1764,6643,5763,459,77,19,97,0.8675297305434292,0.1324702694565708,0.7344573234984194,1672.0202,5.0,五星級,1
2025,11,台南市,趣淘漫旅,159.0,3065,64.26,3252.0,9966449,2835199,14011933,103,4043,4025,8068,8056,0,0,0,2,0.9985126425384234,0.0014873574615765772,0.5011155180961825,2089.7352,3.0,三星級,1
2025,11,台南市,遠百企業觀光旅館,40.0,140,11.67,520.0,72800,0,72800,23,140,0,140,140,0,0,0,0,1.0,0.0,1.0,60.684,,無星等/未評鑑,0
2025,11,台東縣,台東桂田喜來登酒店,290.0,4316,49.61,3180.0,13725407,16209429,33876747,153,4276,4449,8725,8203,42,1,0,285,0.9401719197707736,0.059828080229226366,0.49008595988538683,1577.598,5.0,五星級,1
2025,11,台東縣,娜路彎大酒店,292.0,4794,54.730000000000004,5435.0,26055058,15253875,43069625,194,9189,1020,10209,10171,11,0,0,3,0.9962777941032422,0.0037222058967577576,0.9000881575080811,2974.5755000000004,5.0,五星級,1
2025,11,台東縣,樂樂日暉溫泉酒店,48.0,402,27.92,2508.0,1008264,0,1008264,9,805,0,805,805,0,0,0,0,1.0,0.0,1.0,700.2336,,無星等/未評鑑,0
2025,11,台東縣,知本老爺大酒店,182.0,3951,72.36,4943.0,19528841,9609194,32587795,194,5907,2248,8155,7633,7,0,19,393,0.9359901900674433,0.06400980993255667,0.7243408951563458,3576.7547999999997,5.0,五星級,1
2025,11,嘉義市,耐斯王子大飯店,245.0,3618,49.22,2403.0,8694020,11593332,21611525,114,2234,5841,8075,7821,40,15,16,63,0.9685448916408669,0.03145510835913312,0.276656346749226,1182.7566,5.0,五星級,1
2025,11,嘉義市,鈺通大飯店,120.0,1690,46.94,1928.0,3258204,4461101,7742135,62,1284,2036,3320,3246,41,14,4,6,0.977710843373494,0.02228915662650599,0.38674698795180723,905.0031999999999,3.0,三星級,1
2025,11,嘉義縣,名都觀光渡假大飯店,97.0,612,21.03,1915.0,1171966,761438,1976447,41,218,1178,1396,1396,0,0,0,0,1.0,0.0,0.15616045845272206,402.72450000000003,3.0,三星級,1
2025,11,嘉義縣,阿里山賓館(歷史館),35.0,451,42.95,10358.0,4671438,0,4671438,11,787,337,1124,915,10,2,7,82,0.8140569395017794,0.18594306049822062,0.7001779359430605,4448.761,4.0,四星級,1
2025,11,嘉義縣,阿里山賓館(現代館),104.0,2194,70.32,10395.0,22807607,10176613,33597678,108,3844,1648,5492,4468,46,8,37,403,0.8135469774217043,0.18645302257829566,0.6999271667880553,7309.763999999999,4.0,四星級,1
2025,11,基隆市,長榮桂冠酒店(基隆),140.0,3565,84.88,3096.0,11035951,7369869,21835732,90,4629,2786,7415,6893,50,37,12,87,0.929602157788267,0.07039784221173295,0.6242751180040459,2627.8848,5.0,五星級,1
2025,11,宜蘭縣,凱渡廣場酒店,285.0,3334,38.99,5611.0,18707533,18131079,40036707,162,3863,4010,7873,7843,0,2,4,9,0.9961895084465896,0.0038104915534104,0.49066429569414455,2187.7289,,無星等/未評鑑,0
2025,11,宜蘭縣,山泉大飯店,146.0,3538,80.78,1993.0,7050206,1521688,9023046,41,1962,4466,6428,6000,0,55,90,0,0.9334163036714375,0.06658369632856254,0.30522713130056006,1609.9454,3.0,三星級,1
2025,11,宜蘭縣,幼獅大飯店,53.0,165,10.38,1562.0,257800,0,270100,8,45,151,196,196,0,0,0,0,1.0,0.0,0.22959183673469388,162.1356,3.0,三星級,1
2025,11,宜蘭縣,悅川酒店,103.0,2516,81.42,5279.0,13281233,4848873,18130106,92,2258,3538,5796,5726,0,0,0,0,0.9879227053140096,0.012077294685990392,0.3895790200138026,4298.1618,4.0,四星級,1
2025,11,宜蘭縣,礁溪老爺酒店,197.0,4410,74.62,9607.0,42366581,25231376,78281275,305,8323,2643,10966,10468,17,29,60,246,0.9545869049790261,0.045413095020973904,0.7589823089549517,7168.743400000001,5.0,五星級,1
2025,11,宜蘭縣,礁溪麒麟酒店,167.0,3625,72.36,3906.0,14160148,139325,14299473,47,6342,2718,9060,8500,56,58,120,25,0.9381898454746137,0.061810154525386296,0.7,2826.3815999999997,,無星等/未評鑑,0
2025,11,宜蘭縣,綠舞國際觀光飯店,113.0,1396,41.18,4512.0,6298349,5640269,16424291,279,2321,1548,3869,3869,0,0,0,0,1.0,0.0,0.5998966141121737,1858.0416,4.0,四星級,1
2025,11,宜蘭縣,蘭城晶英酒店,193.0,3701,63.92,10500.0,38860707,33727408,81107422,338,12592,506,13098,12283,7,0,18,261,0.9377767598106581,0.06222324018934189,0.9613681478088257,6711.6,5.0,五星級,1
2025,11,宜蘭縣,長榮鳳凰酒店(礁溪),231.0,4850,69.99,5080.0,24637949,25764595,57518370,230,8312,4112,12424,11878,6,12,150,194,0.956052801030264,0.04394719896973598,0.6690276883451385,3555.4919999999997,5.0,五星級,1
2025,11,屏東縣,凱撒大飯店,281.0,4968,58.93000000000001,5315.0,26404544,7044795,35690371,216,8400,2945,11345,10133,47,258,54,160,0.893168796826796,0.10683120317320405,0.7404142794182459,3132.1295,5.0,五星級,1
2025,11,屏東縣,墾丁怡灣渡假酒店,234.0,3482,49.6,2749.0,9571281,3972432,14142774,79,2620,4919,7539,7491,0,0,14,8,0.993633107839236,0.006366892160764026,0.3475261971083698,1363.504,3.0,三星級,1
2025,11,屏東縣,墾丁福華渡假飯店,458.0,5526,40.22,3253.0,17974201,8186075,26945699,226,7197,6059,13256,12156,66,194,71,223,0.9170187085093543,0.0829812914906457,0.5429239589619795,1308.3566,5.0,五星級,1
2025,11,新北市,八里福朋喜來登酒店,241.0,3533,48.87,4201.0,14843194,19296659,34182750,140,3346,4436,7782,7078,99,31,43,371,0.9095348239527113,0.09046517604728865,0.42996658956566436,2053.0287,3.0,三星級,1
2025,11,新北市,大板根渡假酒店,95.0,2247,78.84,6752.0,15171744,18136653,51174272,213,2326,4415,6741,6564,0,0,39,36,0.9737427681352915,0.02625723186470852,0.3450526628096722,5323.276800000001,4.0,四星級,1
2025,11,新北市,板橋凱撒大飯店,400.0,11887,99.06,4037.0,47986663,14635272,62755627,147,17054,6624,23678,6891,3769,3893,1862,1128,0.2910296477743053,0.7089703522256947,0.7202466424529099,3999.0522,5.0,五星級,1
2025,11,新北市,瓏山林台北中和飯店,126.0,2832,74.92,2605.0,7377054,3658599,11507059,77,4498,957,5455,2662,98,800,116,266,0.48799266727772683,0.5120073327222732,0.8245646196150321,1951.6660000000002,3.0,三星級,1
2025,11,新北市,碧特弗大飯店,55.0,275,16.67,2643.0,726772,49177,775949,12,222,218,440,402,2,2,11,6,0.9136363636363637,0.08636363636363631,0.5045454545454545,440.58810000000005,,無星等/未評鑑,0
2025,11,新北市,福容大飯店    淡水漁人碼頭,198.0,3762,63.33,4749.0,17867294,23899944,44846689,138,3051,7452,10503,9877,88,190,85,28,0.9403979815290869,0.059602018470913065,0.29048843187660667,3007.5416999999998,4.0,四星級,1
2025,11,新北市,福容大飯店 福隆,174.0,1890,36.21,4544.0,8588310,5948337,16801341,112,2126,2183,4309,4247,18,6,10,0,0.9856115107913669,0.014388489208633115,0.4933859364121606,1645.3824,3.0,三星級,1
2025,11,新北市,美麗春天大飯店,34.0,18,1.76,2577.0,46390,0,46390,5,36,0,36,36,0,0,0,0,1.0,0.0,1.0,45.3552,,無星等/未評鑑,0
2025,11,新竹市,新竹國賓大飯店,257.0,5201,67.46,3362.0,17487959,35841170,60735449,284,5449,1935,7384,4149,665,314,37,459,0.5618905742145178,0.4381094257854822,0.7379469122426869,2268.0052,4.0,四星級,1
2025,11,新竹市,新竹老爺大酒店,208.0,4879,78.19,3349.0,16337763,15041622,32560344,155,5686,1536,7222,4304,791,126,19,692,0.5959567986707284,0.40404320132927163,0.7873165328163944,2618.5831,4.0,四星級,1
2025,11,新竹縣,新竹喜來登大飯店,386.0,10684,92.26,4161.0,44457173,48873170,105208398,337,10352,2866,13218,4985,571,776,371,2999,0.377137237100923,0.622862762899077,0.7831744590709638,3838.9386000000004,4.0,四星級,1
2025,11,新竹縣,豐邑喜來登大飯店,384.0,7122,61.82,4161.0,29638116,4476474,37190358,113,6901,1911,8812,3323,381,517,247,1999,0.3770994098955969,0.6229005901044031,0.7831366318656378,2572.3302,4.0,四星級,1
2025,11,桃園市,南方莊園渡假飯店,111.0,1535,46.1,5357.0,8223168,12024274,22823077,93,2085,1555,3640,3614,0,0,12,0,0.9928571428571429,0.0071428571428571175,0.5728021978021978,2469.577,4.0,四星級,1
2025,11,桃園市,古華花園飯店,255.0,6848,89.52,2594.0,17764130,9862453,30921250,167,9456,1132,10588,5540,692,238,282,589,0.5232338496411031,0.4767661503588969,0.893086513033623,2322.1488,3.0,三星級,1
2025,11,桃園市,名人堂花園大飯店,128.0,1600,41.67,5403.0,8645149,15254055,27965527,186,3140,1322,4462,4318,10,7,12,34,0.9677274764679515,0.03227252353204846,0.7037203047960556,2251.4301,,無星等/未評鑑,0
2025,11,桃園市,和逸飯店桃園青埔館,218.0,4858,74.28,4778.0,23210151,0,26540905,109,9829,1085,10914,7761,192,155,280,435,0.7111050027487631,0.2888949972512369,0.9005864027854132,3549.0984000000003,4.0,四星級,1
2025,11,桃園市,尊爵大飯店,218.0,5044,77.13,2835.0,14297917,10969047,26235629,102,3346,5012,8358,1264,712,1335,50,190,0.15123235223737735,0.8487676477626227,0.40033500837520936,2186.6355,3.0,三星級,1
2025,11,桃園市,尊爵天際大飯店,250.0,6753,90.04,2540.0,17155210,1403447,18692891,81,2844,4304,7148,658,184,5,0,158,0.09205372132064914,0.9079462786793508,0.3978735310576385,2287.016,3.0,三星級,1
2025,11,桃園市,桃園喜來登酒店,189.0,3572,63.0,2931.0,10469205,14732420,27289764,177,3691,2785,6476,4505,254,145,72,800,0.6956454601605929,0.3043545398394071,0.5699505867819642,1846.53,4.0,四星級,1
2025,11,桃園市,桃園國際機場凱悅酒店,476.0,10593,74.18,3649.0,38655800,23053182,67565469,265,13691,2184,15875,4761,977,1809,219,3177,0.2999055118110236,0.7000944881889763,0.8624251968503936,2706.8282,,無星等/未評鑑,0
2025,11,桃園市,福容大飯店   桃園,182.0,3884,71.14,2409.0,9355285,4963586,14318871,65,2899,932,3831,1878,225,226,12,799,0.490211433046202,0.509788566953798,0.756721482641608,1713.7626,3.0,三星級,1
2025,11,桃園市,福容徠旅 林口,149.0,4470,100.0,2578.0,11523528,0,11524253,25,6763,2492,9255,5543,1180,769,273,72,0.5989195029713669,0.40108049702863313,0.7307401404646138,2578.0,,無星等/未評鑑,0
2025,11,澎湖縣,寶華大飯店,74.0,318,14.32,1136.0,361405,2030,365435,17,325,350,675,659,0,0,10,4,0.9762962962962963,0.02370370370370367,0.48148148148148145,162.67520000000002,,無星等/未評鑑,0
2025,11,澎湖縣,澎湖福朋喜來登酒店,331.0,3916,39.44,2157.0,8445380,11991048,22570869,189,5459,2553,8012,7547,14,4,4,255,0.9419620569146281,0.05803794308537191,0.6813529705441838,850.7208,5.0,五星級,1
2025,11,花蓮縣,太魯閣晶英酒店,160.0,581,12.1,8955.0,5202789,1883402,8553151,165,1098,215,1313,1007,0,14,2,105,0.766945925361767,0.23305407463823302,0.8362528560548362,1083.555,5.0,五星級,1
2025,11,花蓮縣,瑞穗天合國際觀光酒店,198.0,2534,42.66,9194.0,23298841,3972610,28553604,188,2651,3626,6277,4826,0,6,0,0,0.7688386171738092,0.2311613828261908,0.4223355105942329,3922.1603999999998,5.0,五星級,1
2025,11,花蓮縣,美侖大飯店,299.0,3233,36.04,2505.0,8099182,8096175,17801555,185,5025,1942,6967,6439,39,89,10,79,0.924214152432898,0.07578584756710205,0.7212573561073633,902.802,5.0,五星級,1
2025,11,花蓮縣,遠雄悅來大飯店,381.0,2886,25.25,3961.0,11430461,12254842,26800423,316,4756,1793,6549,6388,8,2,14,33,0.9754160940601618,0.02458390593983817,0.7262177431668957,1000.1525,5.0,五星級,1
2025,11,苗栗縣,馥藝金鬱金香酒店,191.0,3490,60.91,2493.0,8698877,6342336,15580505,84,4017,2850,6867,6441,157,16,61,43,0.9379641764962866,0.062035823503713394,0.5849716033202271,1518.4863,3.0,三星級,1
2025,11,金門縣,陸島酒店,47.0,859,60.919999999999995,1322.0,1135704,132400,1278149,16,136,1519,1655,752,0,0,0,0,0.454380664652568,0.545619335347432,0.08217522658610273,805.3623999999999,,無星等/未評鑑,0
2025,11,高雄市,寒軒國際大飯店,371.0,8679,77.98,2261.0,19619847,15519194,35984970,220,6382,1703,8085,5043,1364,171,108,101,0.623747680890538,0.376252319109462,0.7893630179344465,1763.1278,5.0,五星級,1
2025,11,高雄市,承攜行旅 高雄六合館,269.0,2969,36.79,2425.0,7198443,0,7198443,21,5277,661,5938,5748,21,48,63,11,0.968002694509936,0.031997305490063965,0.8886830582687774,892.1575,,無星等/未評鑑,0
2025,11,高雄市,漢來大飯店,535.0,13500,84.11,3740.0,50490209,77577551,157179751,892,13655,7618,21273,12052,3269,810,168,1509,0.5665397452169416,0.4334602547830584,0.6418934799981196,3145.7140000000004,5.0,五星級,1
2025,11,高雄市,然一酒店,147.0,2428,55.059999999999995,5249.0,12743794,11227513,30088892,215,3308,335,3643,2414,135,63,55,611,0.6626406807576174,0.3373593192423826,0.9080428218501235,2890.0994,,無星等/未評鑑,0
2025,11,高雄市,福容大飯店 高雄,250.0,5495,73.27,2353.0,12929154,6913554,19852581,82,3914,6595,10509,9030,282,244,54,83,0.8592634884384813,0.14073651156151867,0.3724426681891712,1724.0430999999999,3.0,三星級,1
2025,11,高雄市,義大皇家酒店,656.0,9845,50.029999999999994,2731.0,26888222,19233033,49056560,378,8678,13417,22095,19019,858,1732,67,72,0.8607829825752432,0.13921701742475678,0.3927585426567097,1366.3192999999999,4.0,四星級,1
2025,11,高雄市,高雄圓山大飯店,105.0,2357,74.83,2655.0,6258404,14962721,22663035,128,2691,2470,5161,4361,420,58,15,84,0.8449912807595428,0.15500871924045723,0.5214105793450882,1986.7365,5.0,五星級,1
2025,11,高雄市,高雄福華大飯店,271.0,7052,86.74,2610.0,18405102,26739347,50012120,316,8697,2598,11295,5042,2956,207,847,609,0.44639220894200976,0.5536077910579902,0.7699867197875166,2263.9139999999998,5.0,五星級,1
2025,11,高雄市,高雄萬豪酒店,700.0,14049,66.9,5117.0,71889080,86207450,172947090,772,16996,6520,23516,14310,557,1064,359,3683,0.6085218574587515,0.39147814254124846,0.7227419629188637,3423.2730000000006,5.0,五星級,1
2025,11,高雄市,麗尊大酒店,188.0,4096,72.62,2261.0,9261056,16190648,26330399,194,5629,2192,7821,5670,404,609,207,107,0.7249712313003452,0.27502876869965476,0.7197289349188083,1641.9382,3.0,三星級,1
2025,12,南投縣,日月潭力麗溫德姆溫泉酒店,197.0,3771,61.75000000000001,7732.0,29156981,10614619,41321712,194,7105,2205,9310,7669,12,12,118,410,0.8237379162191192,0.17626208378088082,0.7631578947368421,4774.51,5.0,五星級,1
2025,12,南投縣,涵碧樓大飯店,96.0,2494,83.8,16286.0,40616784,11719851,58397502,285,4589,522,5111,3664,137,21,23,640,0.7168851496771669,0.2831148503228331,0.8978673449422814,13647.668,5.0,五星級,1
2025,12,南投縣,漢來日月行館,93.0,2404,83.39,20582.0,49478731,25552800,76092181,217,4483,511,4994,4630,12,8,18,131,0.9271125350420505,0.07288746495794951,0.8976772126551862,17163.3298,,無星等/未評鑑,0
2025,12,南投縣,雲品溫泉酒店日月潭,207.0,5309,82.73,11987.0,63638701,25514202,98175455,316,9509,3922,13431,10521,80,12,148,1455,0.7833370560643288,0.2166629439356712,0.7079889807162535,9916.8451,5.0,五星級,1
2025,12,台中市,全國大飯店,178.0,3133,56.779999999999994,2584.0,8094620,5644251,15966664,74,4786,721,5507,3946,819,69,84,202,0.7165425821681496,0.2834574178318504,0.8690757218086073,1467.1951999999999,5.0,五星級,1
2025,12,台中市,台中港酒店,200.0,4364,70.39,3093.0,13499490,3275513,18326177,102,6180,658,6838,4689,182,76,155,117,0.6857268207078093,0.3142731792921907,0.9037730330505996,2177.1627,3.0,三星級,1
2025,12,台中市,台中福華大飯店,155.0,4288,89.24,2972.0,12743696,18804172,35157501,193,7425,1251,8676,6234,394,242,115,341,0.7185338865836791,0.2814661134163209,0.8558091286307054,2652.2128,5.0,五星級,1
2025,12,台中市,台中金典酒店,223.0,4506,65.18,3687.0,16614193,23442462,53438168,254,6883,4662,11545,7733,1462,522,267,463,0.6698137721957558,0.3301862278042442,0.5961888263317453,2403.1866000000005,5.0,五星級,1
2025,12,台中市,裕元花園酒店,149.0,3698,80.06,4150.0,15345629,34591592,54032741,292,5542,913,6455,4531,121,185,99,278,0.7019364833462433,0.29806351665375674,0.8585592563903951,3322.49,5.0,五星級,1
2025,12,台中市,通豪大飯店,227.0,2931,41.65,1810.0,5304015,1491876,7241412,67,2809,294,3103,2709,43,10,18,12,0.8730261037705447,0.12697389622945532,0.9052529809861425,753.865,3.0,三星級,1
2025,12,台中市,長榮桂冠酒店(台中),354.0,7278,66.32,2550.0,18561115,23267320,48020514,232,2379,4899,7278,5208,552,125,82,0,0.7155812036273702,0.2844187963726298,0.3268755152514427,1691.1599999999996,5.0,五星級,1
2025,12,台中市,龍谷大飯店,189.0,1704,29.080000000000002,2032.0,3463066,1336187,5323097,33,2046,1696,3742,3714,5,10,4,2,0.9925173703901656,0.007482629609834368,0.5467664350614645,590.9056,,無星等/未評鑑,0
2025,12,台北市,JR東日本大飯店台北,288.0,8001,89.62,7353.0,58831086,32919651,97156556,277,14280,636,14916,2936,4349,884,1598,1726,0.19683561276481631,0.8031643872351837,0.9573612228479486,6589.7586,4.0,四星級,1
2025,12,台北市,三德大飯店,237.0,5098,69.39,2514.0,12815367,3147231,17820182,79,4813,4489,9302,1081,5416,483,786,178,0.11621156740485918,0.8837884325951408,0.5174156095463341,1744.4646,3.0,三星級,1
2025,12,台北市,亞都麗緻大飯店,219.0,5653,83.27,5064.0,28627509,22343283,57362679,204,11766,0,11766,2673,2826,1112,1040,1369,0.22718001019887812,0.7728199898011219,1.0,4216.792799999999,4.0,四星級,1
2025,12,台北市,兄弟大飯店,250.0,5824,75.15,4089.0,23814113,51774801,81217353,450,4469,3592,8061,3327,1778,322,420,788,0.41272794938593227,0.5872720506140677,0.5543977174047885,3072.8835000000004,4.0,四星級,1
2025,12,台北市,北投老爺酒店,50.0,1368,88.26,7863.0,10757126,4388598,17543120,61,2846,46,2892,2017,28,40,426,94,0.6974412171507607,0.3025587828492393,0.9840940525587828,6939.8838,4.0,四星級,1
2025,12,台北市,北投麗禧溫泉酒店,66.0,1720,84.07,15742.0,27075819,11820911,50371433,145,3189,108,3297,1625,90,190,486,303,0.49287230815893235,0.5071276918410677,0.9672429481346679,13234.2994,4.0,四星級,1
2025,12,台北市,台北W飯店,405.0,10493,83.58,11898.0,124843429,57128796,202800348,389,476,18685,19161,3018,1120,326,1496,7352,0.1575074369813684,0.8424925630186316,0.02484212723761808,9944.348399999999,5.0,五星級,1
2025,12,台北市,台北中山雅樂軒酒店,88.0,2404,88.12,5823.0,13997830,695650,16256724,35,4017,0,4017,521,717,45,365,1065,0.12969878018421707,0.8703012198157829,1.0,5131.2276,,無星等/未評鑑,0
2025,12,台北市,台北凱撒大飯店,478.0,14693,99.16,4134.0,60740995,24080388,87550315,151,23487,7025,30512,4103,11503,2602,2621,1700,0.13447168327215522,0.8655283167278448,0.7697627163083377,4099.2744,4.0,四星級,1
2025,12,台北市,台北君品大酒店,286.0,7320,82.56,5737.0,41993875,45736571,95677286,295,14478,695,15173,2057,2327,1359,1691,1665,0.13556976207737428,0.8644302379226257,0.9541949515586898,4736.4672,5.0,五星級,1
2025,12,台北市,台北君悅酒店,850.0,23855,90.53,7247.0,172868757,125780112,336070807,573,33565,10338,43903,8328,2327,3230,1539,19455,0.18969090950504522,0.8103090904949548,0.7645263421634056,6560.7091,5.0,五星級,1
2025,12,台北市,台北寒舍喜來登大飯店,688.0,18244,85.54,6064.0,110637392,148660491,286221736,803,24932,5450,30382,4925,5094,1001,1525,9675,0.1621025607267461,0.8378974392732539,0.8206174708709104,5187.145600000001,5.0,五星級,1
2025,12,台北市,台北寒舍艾美酒店,160.0,4438,89.48,11765.0,52211688,88586261,156067709,340,7013,142,7155,1781,304,113,780,2028,0.24891684136967157,0.7510831586303284,0.9801537386443047,10527.322,5.0,五星級,1
2025,12,台北市,台北漢來大飯店,424.0,8928,67.92,5862.0,52332983,94954157,165221155,470,14568,2602,17170,11636,484,618,1060,819,0.677693651718113,0.322306348281887,0.848456610366919,3981.4704,5.0,五星級,1
2025,12,台北市,台北美福大飯店,146.0,3248,71.76,8229.0,26726847,81465843,116677802,354,6177,220,6397,2826,409,653,233,1033,0.44176957949038614,0.5582304205096138,0.9656088791621072,5905.1304,6.0,卓越五星,1
2025,12,台北市,台北艾麗酒店,235.0,5998,82.33,8313.0,49858716,27951097,85771023,181,8893,637,9530,2226,227,366,1195,1578,0.2335781741867786,0.7664218258132214,0.9331584470094438,6844.092900000001,5.0,五星級,1
2025,12,台北市,台北花園大酒店,241.0,6887,92.18,3958.0,27256056,28280659,65344778,152,11252,100,11352,748,618,5064,1112,590,0.06589147286821706,0.9341085271317829,0.9911909795630726,3648.4844,4.0,四星級,1
2025,12,台北市,台北萬豪酒店,318.0,8781,89.07,6736.0,59145247,100222782,196349219,566,11126,2658,13784,3814,625,1890,631,3181,0.2766976204294835,0.7233023795705165,0.8071677307022634,5999.755199999999,5.0,五星級,1
2025,12,台北市,台北遠東香格里拉,420.0,10594,81.37,8582.0,90917294,76441825,190153649,479,17645,1745,19390,2221,985,378,1077,7517,0.1145435791645178,0.8854564208354823,0.910005157297576,6983.173400000001,5.0,五星級,1
2025,12,台北市,國王大飯店,97.0,2340,77.82,1605.0,3756324,950551,4717334,47,702,1638,2340,135,2130,10,9,8,0.057692307692307696,0.9423076923076923,0.3,1249.011,3.0,三星級,1
2025,12,台北市,國聯大飯店,242.0,4937,65.81,4061.0,20051258,6798534,28029948,124,7307,1673,8980,568,0,0,0,0,0.06325167037861916,0.9367483296213809,0.8136971046770601,2672.5441000000005,4.0,四星級,1
2025,12,台北市,圓山大飯店,473.0,12505,85.28,4823.0,60308254,86406932,162894770,542,12468,12404,24872,10545,8141,481,546,2097,0.42397073013830816,0.5760292698616918,0.5012865873271148,4113.0544,5.0,五星級,1
2025,12,台北市,天成大飯店,226.0,6975,99.56,4651.0,32443554,36788955,73730070,267,13505,820,14325,1336,3823,1690,951,1205,0.09326352530541013,0.9067364746945898,0.9427574171029668,4630.5356,4.0,四星級,1
2025,12,台北市,日勝生加賀屋國際溫泉飯店,89.0,1603,58.099999999999994,12926.0,20721090,10217505,44185075,126,2871,610,3481,2545,146,15,424,105,0.7311117494972709,0.26888825050272913,0.8247629991381786,7510.005999999999,,無星等/未評鑑,0
2025,12,台北市,晶華酒店,538.0,14662,87.91,7896.0,115771884,215521953,364000302,977,25354,2438,27792,8241,5513,2144,1450,5233,0.2965241796200345,0.7034758203799655,0.9122769142199194,6941.3736,5.0,五星級,1
2025,12,台北市,歐華酒店,112.0,2113,60.86,3932.0,8308300,5851691,15653956,104,2463,1391,3854,661,1387,133,255,294,0.17151011935651272,0.8284898806434873,0.6390762843798651,2393.0152,4.0,四星級,1
2025,12,台北市,漢普頓酒店,121.0,3524,93.95,3835.0,13515835,6833454,23365114,70,5156,1903,7059,1748,1249,1746,634,293,0.24762714265476696,0.7523728573452331,0.7304150729565094,3602.9825,,無星等/未評鑑,0
2025,12,台北市,福容大飯店  台北一館,120.0,2720,73.12,3470.0,9437566,9882920,20410390,83,3213,583,3796,2257,241,143,356,195,0.5945732349841939,0.4054267650158061,0.8464172813487882,2537.264,4.0,四星級,1
2025,12,台北市,福華大飯店,606.0,14979,79.73,5309.0,79527456,44227104,140520697,475,25457,3684,29141,6855,3349,3440,1691,6096,0.23523557873786075,0.7647644212621393,0.8735801791290622,4232.8657,5.0,五星級,1
2025,12,台北市,第一大飯店,176.0,3139,57.53,2133.0,6695789,2969028,32451029,38,573,4727,5300,1109,2323,166,167,167,0.2092452830188679,0.7907547169811321,0.10811320754716981,1227.1149,4.0,四星級,1
2025,12,台北市,美麗信花園酒店,203.0,6250,99.32,3443.0,21521695,7339731,38729724,76,12585,948,13533,1701,3133,1749,1538,1198,0.1256927510529816,0.8743072489470184,0.9299490135225006,3419.5875999999994,,無星等/未評鑑,0
2025,12,台北市,義華酒店,149.0,3144,68.07,4020.0,12640231,381474,14738549,18,4051,644,4695,1225,201,412,117,1532,0.26091586794462196,0.739084132055378,0.8628328008519702,2736.4139999999998,,無星等/未評鑑,0
2025,12,台北市,老爺大酒店,202.0,5815,92.86,6052.0,35189628,30739419,73639973,229,10222,150,10372,1147,6190,221,524,591,0.11058619359814886,0.8894138064018511,0.9855379868877748,5619.8872,5.0,五星級,1
2025,12,台北市,豪景大酒店,209.0,4881,75.34,2759.0,13465425,44270,13837524,48,4406,6267,10673,1165,3487,900,568,113,0.10915393984821513,0.8908460601517849,0.4128173896748805,2078.6306,3.0,三星級,1
2025,12,台北市,雀客旅館台北南京,56.0,1603,92.34,3848.0,6168218,0,6168218,9,3245,0,3245,3102,27,15,32,9,0.9559322033898305,0.04406779661016946,1.0,3553.2432,,無星等/未評鑑,0
2025,12,台北市,雀客藏居台北陽明山,50.0,1061,68.45,3752.0,3980835,1781005,6661944,22,2232,531,2763,2149,33,0,390,36,0.7777777777777778,0.2222222222222222,0.8078175895765473,2568.244,3.0,三星級,1
2025,12,台南市,台南大員皇冠假日酒店,230.0,5239,73.48,3918.0,20525506,20723041,45714157,238,8303,2153,10456,8447,159,55,184,654,0.8078615149196634,0.1921384850803366,0.7940895179801071,2878.9464000000003,5.0,五星級,1
2025,12,台南市,台南大飯店,152.0,3334,70.76,2513.0,8379935,9315509,19002021,113,5491,735,6226,3067,1139,197,269,195,0.49261162865403146,0.5073883713459686,0.8819466752328943,1778.1988000000001,3.0,三星級,1
2025,12,台南市,台南遠東香格里拉,331.0,8309,80.98,4193.0,34842446,23697260,67198431,363,12469,1486,13955,6047,1181,624,613,1418,0.4333213901827302,0.5666786098172698,0.8935148692225009,3395.4914000000003,5.0,五星級,1
2025,12,台南市,台糖長榮酒店(台南),197.0,4112,67.33,2696.0,11085552,17528290,29594404,159,5504,2662,8166,6924,577,57,57,117,0.8479059515062454,0.15209404849375463,0.6740142052412442,1815.2168,5.0,五星級,1
2025,12,台南市,趣淘漫旅,159.0,3681,74.68,2882.0,10607816,2872303,15219639,101,6610,3610,10220,10211,0,0,7,0,0.9991193737769081,0.0008806262230919293,0.6467710371819961,2152.2776,3.0,三星級,1
2025,12,台南市,遠百企業觀光旅館,40.0,160,12.9,560.0,89600,0,89600,23,160,0,160,160,0,0,0,0,1.0,0.0,1.0,72.24,,無星等/未評鑑,0
2025,12,台東縣,台東桂田喜來登酒店,290.0,4626,51.46000000000001,3513.0,16250361,15412021,32752690,159,6457,3451,9908,9107,54,20,63,295,0.9191562373839322,0.08084376261606785,0.651695599515543,1807.7898000000005,5.0,五星級,1
2025,12,台東縣,娜路彎大酒店,292.0,5248,57.98,5145.0,26999264,14580942,43866700,195,12570,383,12953,12869,2,6,24,26,0.9935150158264495,0.006484984173550479,0.9704315602563113,2983.071,5.0,五星級,1
2025,12,台東縣,樂樂日暉溫泉酒店,48.0,485,32.59,2512.0,1218376,0,1218376,9,971,0,971,971,0,0,0,0,1.0,0.0,1.0,818.6608,,無星等/未評鑑,0
2025,12,台東縣,知本老爺大酒店,182.0,5053,89.56,5246.0,26506695,9609194,43911717,192,9033,1595,10628,10280,60,0,16,131,0.9672563041023711,0.03274369589762893,0.8499247271358675,4698.3176,5.0,五星級,1
2025,12,嘉義市,耐斯王子大飯店,245.0,4404,57.989999999999995,2468.0,10870188,9372731,21887893,114,3972,6151,10123,9275,369,47,35,46,0.9162303664921466,0.08376963350785338,0.39237380223253976,1431.1931999999997,5.0,五星級,1
2025,12,嘉義市,鈺通大飯店,120.0,1774,47.69,1884.0,3341944,5832152,9200861,62,1573,2119,3692,3586,37,2,20,20,0.9712892741061755,0.028710725893824507,0.426056338028169,898.4795999999999,3.0,三星級,1
2025,12,嘉義縣,名都觀光渡假大飯店,97.0,716,23.81,2008.0,1438032,1031995,2518586,42,376,1356,1732,1732,0,0,0,0,1.0,0.0,0.21709006928406466,478.10479999999995,3.0,三星級,1
2025,12,嘉義縣,阿里山賓館(歷史館),35.0,521,48.02,10938.0,5698728,0,5698728,11,928,399,1327,1044,12,3,19,89,0.7867370007535796,0.21326299924642045,0.6993217784476262,5252.4276,4.0,四星級,1
2025,12,嘉義縣,阿里山賓館(現代館),104.0,2538,78.72,10963.0,27823203,11655908,40135540,110,4540,1945,6485,5099,58,14,94,432,0.7862760215882807,0.2137239784117193,0.700077101002313,8630.0736,4.0,四星級,1
2025,12,基隆市,長榮桂冠酒店(基隆),140.0,3984,91.8,3017.0,12020618,7153644,22763927,90,5118,3275,8393,7507,112,17,24,157,0.8944358393899678,0.10556416061003215,0.6097938758489218,2769.6059999999998,5.0,五星級,1
2025,12,宜蘭縣,凱渡廣場酒店,285.0,3123,35.35,5661.0,17678666,16342768,36886471,162,4803,2798,7601,7533,8,4,8,8,0.9910538087093803,0.008946191290619687,0.6318905407183265,2001.1635,,無星等/未評鑑,0
2025,12,宜蘭縣,山泉大飯店,146.0,3575,78.99,1928.0,6893680,1674979,9019641,41,2565,3194,5759,5366,0,46,200,14,0.9317589859350581,0.06824101406494187,0.4453898246223303,1522.9272,3.0,三星級,1
2025,12,宜蘭縣,幼獅大飯店,53.0,216,13.15,1098.0,237100,0,249570,8,48,127,175,175,0,0,0,0,1.0,0.0,0.2742857142857143,144.387,3.0,三星級,1
2025,12,宜蘭縣,悅川酒店,103.0,2711,84.9,4238.0,11489852,8921189,20411041,94,2962,3244,6206,5984,0,0,0,15,0.9642281662906864,0.03577183370931358,0.47728005156300357,3598.062,4.0,四星級,1
2025,12,宜蘭縣,礁溪老爺酒店,197.0,5145,84.25,9966.0,51274044,28446683,93131888,307,10778,2152,12930,11999,27,12,228,287,0.9279969064191802,0.0720030935808198,0.8335653518948183,8396.355,5.0,五星級,1
2025,12,宜蘭縣,礁溪麒麟酒店,167.0,4165,80.45,4162.0,17336329,224763,17561092,54,7915,815,8730,8259,80,100,120,30,0.9460481099656357,0.05395189003436429,0.9066437571592211,3348.329,,無星等/未評鑑,0
2025,12,宜蘭縣,綠舞國際觀光飯店,113.0,3503,100.0,1537.0,5385580,4233439,14264523,266,2155,1436,3591,3566,0,0,16,0,0.9930381509328877,0.00696184906711228,0.6001113895850738,1537.0,4.0,四星級,1
2025,12,宜蘭縣,蘭城晶英酒店,193.0,4513,75.43,10974.0,49524606,36024981,95742647,331,15269,727,15996,13741,13,0,284,354,0.8590272568142036,0.14097274318579645,0.9545511377844461,8277.6882,5.0,五星級,1
2025,12,宜蘭縣,長榮鳳凰酒店(礁溪),231.0,5231,73.05,5442.0,28464751,22808003,58056521,230,10858,2586,13444,12465,27,52,311,202,0.9271794108896162,0.0728205891103838,0.8076465337697114,3975.381,5.0,五星級,1
2025,12,屏東縣,凱撒大飯店,281.0,5582,64.08,4756.0,26546760,7389378,36004781,216,10679,1918,12597,10844,135,506,134,150,0.8608398825117092,0.13916011748829082,0.8477415257601016,3047.6448,5.0,五星級,1
2025,12,屏東縣,墾丁怡灣渡假酒店,234.0,3676,50.68,2627.0,9655274,3052462,13316623,80,4492,3967,8459,8412,0,0,6,11,0.9944437876817591,0.005556212318240883,0.5310320368837924,1331.3636,3.0,三星級,1
2025,12,屏東縣,墾丁福華渡假飯店,458.0,5090,35.85,2670.0,13591551,7134950,21189393,227,5751,7575,13326,12582,110,123,13,147,0.9441692931112111,0.055830706888788884,0.43156235929761366,957.195,5.0,五星級,1
2025,12,新北市,八里福朋喜來登酒店,241.0,3818,51.1,4164.0,15899716,19690325,35651338,142,4788,3917,8705,7552,74,93,76,562,0.8675473865594486,0.13245261344055137,0.5500287191269385,2127.804,3.0,三星級,1
2025,12,新北市,大板根渡假酒店,95.0,2350,79.8,7085.0,16649750,15710506,49854404,212,3574,3476,7050,6708,30,30,108,54,0.9514893617021276,0.04851063829787239,0.5069503546099291,5653.83,4.0,四星級,1
2025,12,新北市,板橋凱撒大飯店,400.0,12185,98.27,4864.0,59272858,15522445,75064266,149,4254,21360,25614,9216,2362,4218,2757,921,0.35980323260716796,0.640196767392832,0.1660810494260951,4779.8528,5.0,五星級,1
2025,12,新北市,瓏山林台北中和飯店,126.0,2785,71.3,3127.0,8707650,2431497,11809876,77,5058,616,5674,2828,159,676,309,231,0.49841381741276,0.5015861825872401,0.8914346140289038,2229.551,3.0,三星級,1
2025,12,新北市,碧特弗大飯店,55.0,265,15.54,2880.0,763081,58528,821609,12,238,186,424,396,2,2,4,2,0.9339622641509434,0.06603773584905659,0.5613207547169812,447.55199999999996,,無星等/未評鑑,0
2025,12,新北市,福容大飯店    淡水漁人碼頭,198.0,4000,65.17,5093.0,20372970,22319669,46496685,138,3705,7510,11215,10502,2,0,139,21,0.9364244315648684,0.06357556843513157,0.33036112349531876,3319.1081,4.0,四星級,1
2025,12,新北市,福容大飯店 福隆,174.0,2150,39.86,3764.0,8093611,6640650,16727737,112,2274,2686,4960,4866,14,4,8,0,0.9810483870967742,0.01895161290322578,0.4584677419354839,1500.3304,3.0,三星級,1
2025,12,新北市,美麗春天大飯店,34.0,19,1.8000000000000003,2655.0,50438,0,50438,5,38,0,38,38,0,0,0,0,1.0,0.0,1.0,47.790000000000006,,無星等/未評鑑,0
2025,12,新竹市,新竹國賓大飯店,257.0,5134,64.44,3436.0,17641481,37269155,62437784,293,6489,1505,7994,4714,611,293,41,570,0.5896922692019014,0.41030773079809857,0.8117338003502627,2214.1584,4.0,四星級,1
2025,12,新竹市,新竹老爺大酒店,208.0,4699,72.88,3283.0,15429128,14922614,31397936,166,5880,1711,7591,5084,813,197,25,487,0.6697404821499143,0.33025951785008567,0.7746015017784218,2392.6504,4.0,四星級,1
2025,12,新竹縣,新竹喜來登大飯店,386.0,8982,75.06,3945.0,35436454,47390973,102448875,339,9671,2302,11973,5351,523,358,91,2454,0.4469222417105153,0.5530777582894847,0.8077340683203875,2961.117,4.0,四星級,1
2025,12,新竹縣,豐邑喜來登大飯店,384.0,5988,50.3,3945.0,23624302,3077230,26967303,113,6448,1534,7982,3568,349,239,61,1636,0.44700576296667505,0.552994237033325,0.8078175895765473,1984.335,4.0,四星級,1
2025,12,桃園市,南方莊園渡假飯店,111.0,1863,54.14,5191.0,9670395,11977847,24317225,96,2282,2215,4497,4455,4,0,18,0,0.9906604402935291,0.009339559706470935,0.5074494107182567,2810.4074,4.0,四星級,1
2025,12,桃園市,古華花園飯店,255.0,7404,93.66,2516.0,18630590,8620060,29215500,169,6643,761,7404,4255,399,101,220,346,0.5746893571042679,0.42531064289573206,0.8972177201512695,2356.4856,3.0,三星級,1
2025,12,桃園市,名人堂花園大飯店,128.0,1805,45.49,4994.0,9014428,12980675,25686282,184,3874,1190,5064,4832,6,0,0,30,0.9541864139020537,0.04581358609794628,0.7650078988941548,2271.7706,,無星等/未評鑑,0
2025,12,桃園市,和逸飯店桃園青埔館,218.0,5706,84.43,5068.0,28915352,0,32764600,108,13055,1109,14164,8606,277,187,915,763,0.6075967240892404,0.39240327591075963,0.9217029087828297,4278.9124,4.0,四星級,1
2025,12,桃園市,尊爵大飯店,218.0,5017,74.24,2732.0,13707035,8871490,23277001,109,3924,4246,8170,1279,780,1632,188,169,0.1565483476132191,0.8434516523867809,0.4802937576499388,2028.2368,3.0,三星級,1
2025,12,桃園市,尊爵天際大飯店,250.0,6847,88.35,2523.0,17275996,1579586,18970312,82,3192,3641,6833,841,319,15,0,0,0.12307917459388262,0.8769208254061174,0.46714473876774476,2229.0705,3.0,三星級,1
2025,12,桃園市,桃園喜來登酒店,189.0,3744,63.9,3180.0,11907758,11696616,25785156,169,4090,2415,6505,3966,320,170,131,942,0.609684857801691,0.390315142198309,0.6287471176018448,2032.02,4.0,四星級,1
2025,12,桃園市,桃園國際機場凱悅酒店,476.0,10693,72.47,3815.0,40796302,24146328,71105565,265,16493,1548,18041,5151,1359,1102,638,3145,0.28551632392882875,0.7144836760711712,0.9141954437115459,2764.7304999999997,,無星等/未評鑑,0
2025,12,桃園市,福容大飯店   桃園,182.0,3796,67.28,2414.0,9165064,6459663,15624727,65,3020,726,3746,1688,357,373,32,502,0.45061398825413773,0.5493860117458622,0.8061932728243459,1624.1392,3.0,三星級,1
2025,12,桃園市,福容徠旅 林口,149.0,4546,98.42,2776.0,12618772,0,12638723,27,7331,1854,9185,5504,737,279,576,200,0.5992378878606424,0.40076211213935764,0.7981491562329885,2732.1391999999996,,無星等/未評鑑,0
2025,12,澎湖縣,寶華大飯店,74.0,160,6.97,1386.0,221754,4200,228554,17,126,224,350,347,0,0,0,3,0.9914285714285714,0.008571428571428563,0.36,96.6042,,無星等/未評鑑,0
2025,12,澎湖縣,澎湖福朋喜來登酒店,331.0,2533,24.69,2183.0,5528968,7901081,14969344,191,4128,1034,5162,4755,16,0,8,210,0.921154591243704,0.07884540875629598,0.7996900426191399,538.9827,5.0,五星級,1
2025,12,花蓮縣,太魯閣晶英酒店,160.0,1160,23.39,8793.0,10199735,3772815,16248116,163,2152,615,2767,2103,20,17,63,209,0.7600289121792555,0.2399710878207445,0.7777376219732562,2056.6827000000003,5.0,五星級,1
2025,12,花蓮縣,瑞穗天合國際觀光酒店,198.0,3151,51.34000000000001,9594.0,30230937,5188509,36796671,192,4470,4035,8505,7590,2,0,24,17,0.892416225749559,0.10758377425044097,0.5255731922398589,4925.5596000000005,5.0,五星級,1
2025,12,花蓮縣,美侖大飯店,299.0,3948,42.59,2515.0,9930952,7994368,19338827,178,7229,1456,8685,7955,57,96,78,115,0.9159470351180196,0.08405296488198044,0.8323546344271733,1071.1385,5.0,五星級,1
2025,12,花蓮縣,遠雄悅來大飯店,381.0,3556,30.11,3983.0,14163222,11823291,29592613,324,6740,1724,8464,8107,14,1,33,77,0.9578213610586012,0.04217863894139884,0.7963137996219282,1199.2813,5.0,五星級,1
2025,12,苗栗縣,馥藝金鬱金香酒店,191.0,3285,55.48,2507.0,8235273,4608490,13522703,86,5375,1714,7089,6651,203,0,72,16,0.9382141345746932,0.06178586542530684,0.758216955847087,1390.8836,3.0,三星級,1
2025,12,金門縣,陸島酒店,47.0,673,46.19,1365.0,918344,101360,1022624,14,130,1137,1267,412,0,0,10,0,0.32517758484609316,0.6748224151539068,0.1026045777426993,630.4935,,無星等/未評鑑,0
2025,12,高雄市,寒軒國際大飯店,371.0,9695,84.3,2229.0,21608608,17187193,39549681,216,7612,2268,9880,5942,1677,376,420,126,0.601417004048583,0.398582995951417,0.7704453441295547,1879.0469999999998,5.0,五星級,1
2025,12,高雄市,承攜行旅 高雄六合館,269.0,3803,45.6,2455.0,9334543,0,9334543,31,6874,732,7606,6674,153,288,257,43,0.8774651590849329,0.12253484091506706,0.9037601893242178,1119.48,,無星等/未評鑑,0
2025,12,高雄市,漢來大飯店,535.0,13703,82.62,4006.0,54896948,76396304,159132186,873,17029,6163,23192,13865,2349,1448,361,1902,0.5978354605036219,0.4021645394963781,0.7342618144187651,3309.7572000000005,5.0,五星級,1
2025,12,高雄市,然一酒店,147.0,2983,65.46,5527.0,16485578,13934405,35570719,213,4412,164,4576,2812,235,78,131,769,0.6145104895104895,0.3854895104895105,0.9641608391608392,3617.9741999999997,,無星等/未評鑑,0
2025,12,高雄市,福容大飯店 高雄,250.0,5338,68.88,2571.0,13722883,6623425,20358678,2,5388,5228,10616,8266,186,704,153,64,0.7786360211002261,0.22136397889977388,0.5075357950263752,1770.9047999999998,3.0,三星級,1
2025,12,高雄市,義大皇家酒店,656.0,11639,57.22999999999999,3292.0,38311262,22670865,64463677,384,13237,13708,26945,24465,352,1062,341,81,0.907960660604936,0.09203933939506403,0.4912599740211542,1884.0115999999998,4.0,四星級,1
2025,12,高雄市,高雄圓山大飯店,105.0,2731,83.9,2840.0,7756125,15297969,25120990,128,3956,2104,6060,4879,528,151,40,142,0.8051155115511551,0.19488448844884487,0.6528052805280528,2382.76,5.0,五星級,1
2025,12,高雄市,高雄福華大飯店,271.0,7412,88.23,2747.0,20357701,27844441,52383992,314,10660,1424,12084,5165,3603,499,1042,528,0.4274246938099967,0.5725753061900033,0.8821582257530619,2423.6781,5.0,五星級,1
2025,12,高雄市,高雄萬豪酒店,700.0,14983,69.05,5559.0,83283721,80534470,179806937,764,22763,4910,27673,12366,916,3258,1296,4318,0.44686156181115166,0.5531384381888483,0.8225707368192823,3838.4895,5.0,五星級,1
2025,12,高雄市,麗尊大酒店,188.0,4461,76.54,2310.0,10304910,14023497,25101624,194,7091,1470,8561,5417,824,648,385,162,0.6327531830393646,0.36724681696063544,0.8282910874897792,1768.0740000000003,3.0,三星級,1
2026,1,南投縣,日月潭力麗溫德姆溫泉酒店,197.0,2535,41.51,7557.0,19157231,8475040,29240922,199,4383,1974,6357,5757,4,8,51,171,0.9056158565361019,0.09438414346389812,0.6894761680037753,3136.9107,5.0,五星級,1
2026,1,南投縣,涵碧樓大飯店,96.0,2231,74.97,15701.0,35027976,6294437,45378965,295,2683,1678,4361,3576,119,3,18,306,0.8199954138958955,0.18000458610410452,0.6152258656271498,11771.0397,5.0,五星級,1
2026,1,南投縣,漢來日月行館,93.0,1404,48.7,19604.0,27524270,14889074,43071958,224,2489,433,2922,2765,0,2,14,51,0.9462696783025325,0.0537303216974675,0.851813826146475,9547.148000000001,,無星等/未評鑑,0
2026,1,南投縣,雲品溫泉酒店日月潭,207.0,4122,64.24,11192.0,46133934,20504312,73771139,330,2934,7551,10485,9260,87,40,61,645,0.8831664282308059,0.11683357176919407,0.2798283261802575,7189.7408,5.0,五星級,1
2026,1,台中市,全國大飯店,178.0,2741,49.67,2600.0,7126634,9271460,18666008,74,4439,540,4979,3967,406,80,28,89,0.7967463346053424,0.2032536653946576,0.891544486844748,1291.42,5.0,五星級,1
2026,1,台中市,台中港酒店,200.0,3871,62.44,3143.0,12166819,4182715,17713044,102,4850,878,5728,3523,115,153,29,68,0.6150488826815642,0.3849511173184358,0.846717877094972,1962.4891999999998,3.0,三星級,1
2026,1,台中市,台中福華大飯店,155.0,4374,91.03,2742.0,11992885,23163076,38840868,200,6305,2790,9095,5096,288,2664,77,120,0.5603078614623419,0.4396921385376581,0.6932380428807037,2496.0426,5.0,五星級,1
2026,1,台中市,台中金典酒店,222.0,4979,72.35,2761.0,13746420,30415613,54659493,249,5499,4140,9639,7646,539,429,95,187,0.793235812843656,0.20676418715634404,0.5704948646125116,1997.5834999999997,5.0,五星級,1
2026,1,台中市,裕元花園酒店,149.0,3590,77.72,4158.0,14927921,41566366,61686879,283,5473,583,6056,4105,139,267,91,414,0.6778401585204755,0.3221598414795245,0.9037318361955086,3231.5976,5.0,五星級,1
2026,1,台中市,通豪大飯店,226.0,2849,40.67,1485.0,4229961,1597243,6278055,67,4010,22,4032,3876,13,13,17,13,0.9613095238095238,0.038690476190476164,0.9945436507936508,603.9495000000001,3.0,三星級,1
2026,1,台中市,長榮桂冠酒店(台中),354.0,7382,67.27,2477.0,18288860,32012545,56311352,228,5569,1813,7382,5421,629,155,59,362,0.7343538336494175,0.26564616635058247,0.7544026009211596,1666.2778999999998,5.0,五星級,1
2026,1,台中市,龍谷大飯店,189.0,999,17.05,2463.0,2460938,647838,3562799,35,1544,885,2429,2411,1,3,4,0,0.9925895430218197,0.007410456978180324,0.6356525319061342,419.9415,,無星等/未評鑑,0
2026,1,台北市,JR東日本大飯店台北,288.0,7306,81.83,5842.0,42678945,36737382,86351868,270,12582,1042,13624,3878,4021,1014,818,1197,0.2846447445684087,0.7153552554315913,0.9235173223722842,4780.5086,4.0,四星級,1
2026,1,台北市,三德大飯店,228.0,3832,54.22,2105.0,8065708,1749909,10516726,79,5833,919,6752,1358,2031,661,692,223,0.2011255924170616,0.7988744075829384,0.8638921800947867,1141.331,3.0,三星級,1
2026,1,台北市,亞都麗緻大飯店,219.0,3945,58.10999999999999,4023.0,15871026,20648997,40499287,200,7271,0,7271,1957,1834,475,415,1013,0.26915142346307247,0.7308485765369275,1.0,2337.7652999999996,4.0,四星級,1
2026,1,台北市,兄弟大飯店,250.0,3762,48.54,3833.0,14418690,56122120,76490810,450,3117,2121,5238,2680,898,99,180,348,0.5116456662848415,0.48835433371515846,0.5950744558991982,1860.5382,4.0,四星級,1
2026,1,台北市,北投老爺酒店,50.0,1148,74.06,7211.0,8278061,4037669,14751655,62,2409,35,2444,1906,55,47,180,81,0.7798690671031097,0.22013093289689034,0.9856792144026186,5340.466600000001,4.0,四星級,1
2026,1,台北市,北投麗禧溫泉酒店,66.0,1604,78.4,15322.0,24576364,11980549,48206489,144,2846,16,2862,1620,98,220,280,228,0.5660377358490566,0.4339622641509434,0.9944095038434662,12012.448,4.0,四星級,1
2026,1,台北市,台北W飯店,405.0,9675,77.06,9781.0,94632771,64916255,178750922,399,14747,638,15385,2850,1001,416,1141,5491,0.18524536886577836,0.8147546311342216,0.9585310367240819,7537.2386,5.0,五星級,1
2026,1,台北市,台北中山雅樂軒酒店,88.0,2368,86.8,4701.0,11131166,555897,12920128,35,3393,0,3393,442,523,61,271,964,0.13026819923371646,0.8697318007662835,1.0,4080.468,,無星等/未評鑑,0
2026,1,台北市,台北凱撒大飯店,478.0,13803,93.15,3471.0,47906892,33620740,84113221,144,21406,6431,27837,4820,10537,3901,1606,1310,0.17315084240399467,0.8268491575960053,0.7689765420124295,3233.2365000000004,4.0,四星級,1
2026,1,台北市,台北君品大酒店,286.0,6395,72.13,4819.0,30819910,48716991,86501029,283,12626,194,12820,1823,2254,2274,828,1665,0.1421996879875195,0.8578003120124805,0.9848673946957879,3475.9446999999996,5.0,五星級,1
2026,1,台北市,台北君悅酒店,850.0,22177,84.16,5941.0,131743960,125440966,289100867,571,25548,11122,36670,10308,1396,4731,612,12952,0.28110171802563405,0.7188982819743659,0.6967002999727298,4999.9456,5.0,五星級,1
2026,1,台北市,台北寒舍喜來登大飯店,688.0,15394,72.18,5589.0,86040663,164923797,277735746,807,17315,6811,24126,4906,4504,985,795,5662,0.20334908397579374,0.7966509160242062,0.7176904584265937,4034.1402000000003,5.0,五星級,1
2026,1,台北市,台北寒舍艾美酒店,160.0,4282,86.33,9592.0,41073433,93976643,149388022,337,5630,347,5977,1509,315,133,472,1627,0.2524677932072946,0.7475322067927054,0.941944119123306,8280.7736,5.0,五星級,1
2026,1,台北市,台北漢來大飯店,424.0,6631,50.45,4853.0,32183121,120637360,173316007,474,11655,1249,12904,9654,362,364,490,414,0.7481401115933044,0.2518598884066956,0.9032083075015499,2448.3385,5.0,五星級,1
2026,1,台北市,台北美福大飯店,146.0,2718,60.04999999999999,7006.0,19041569,83582429,111637176,340,4545,266,4811,2279,323,504,189,608,0.47370609020993554,0.5262939097900645,0.944710039492829,4207.102999999999,6.0,卓越五星,1
2026,1,台北市,台北艾麗酒店,235.0,5426,74.48,6321.0,34295576,27918160,68912326,174,7489,362,7851,1701,181,335,944,1233,0.21666029805120368,0.7833397019487963,0.953891224047892,4707.8808,5.0,五星級,1
2026,1,台北市,台北花園大酒店,241.0,6858,91.79,2642.0,18117176,29750267,58031865,150,11947,13,11960,713,315,8479,487,319,0.05961538461538462,0.9403846153846154,0.9989130434782608,2425.0918,4.0,四星級,1
2026,1,台北市,台北萬豪酒店,318.0,8635,87.59,6188.0,53432516,105383596,199136680,567,9402,3272,12674,2590,2309,1354,295,3836,0.2043553732049866,0.7956446267950135,0.7418336752406501,5420.069200000001,5.0,五星級,1
2026,1,台北市,台北遠東香格里拉,420.0,9379,72.04,6806.0,63832972,71951730,154087155,478,12461,2373,14834,2566,848,509,505,5377,0.1729809896184441,0.8270190103815559,0.8400296615882432,4903.0424,5.0,五星級,1
2026,1,台北市,國王大飯店,97.0,1943,64.62,1741.0,3382094,832533,4231328,47,582,1361,1943,112,1799,4,5,3,0.05764282038085435,0.9423571796191457,0.2995367987647967,1125.0342,3.0,三星級,1
2026,1,台北市,國聯大飯店,232.0,2974,41.35,3449.0,10256971,6988913,18303465,114,3979,1519,5498,2417,199,1333,310,207,0.43961440523826845,0.5603855947617316,0.7237177155329211,1426.1615,4.0,四星級,1
2026,1,台北市,圓山大飯店,473.0,9698,66.14,4647.0,45062665,83271670,145191038,544,10768,8598,19366,6264,8092,623,346,1281,0.3234534751626562,0.6765465248373438,0.5560260249922545,3073.5258000000003,5.0,五星級,1
2026,1,台北市,天成大飯店,226.0,6450,92.06,3821.0,24648015,49795344,80536394,306,13024,518,13542,1694,3404,3760,597,1161,0.12509230542017427,0.8749076945798258,0.9617486338797814,3517.6126,4.0,四星級,1
2026,1,台北市,日勝生加賀屋國際溫泉飯店,89.0,1060,38.42,12596.0,13351567,8151049,31158127,125,2164,279,2443,1925,102,21,207,63,0.7879656160458453,0.21203438395415475,0.885796152271797,4839.3832,,無星等/未評鑑,0
2026,1,台北市,晶華酒店,538.0,14088,84.47,6869.0,96765068,255518946,383603643,933,18933,6737,25670,8112,7085,2118,770,3943,0.316010907674328,0.683989092325672,0.7375535644721465,5802.244299999999,5.0,五星級,1
2026,1,台北市,歐華酒店,112.0,1433,41.27,3610.0,5172861,6020708,12299647,103,1562,1172,2734,638,1044,22,91,217,0.2333577176298464,0.7666422823701536,0.5713240673006583,1489.8470000000002,4.0,四星級,1
2026,1,台北市,漢普頓酒店,121.0,3348,89.26,3058.0,10237813,8187967,20360029,70,5157,1659,6816,2796,747,1973,140,174,0.4102112676056338,0.5897887323943662,0.7566021126760564,2729.5708,,無星等/未評鑑,0
2026,1,台北市,福容大飯店  台北一館,120.0,2090,56.18,3186.0,6659350,11419538,19248335,82,3125,36,3161,2159,169,44,92,191,0.683011705156596,0.31698829484340396,0.9886111989876621,1789.8948,4.0,四星級,1
2026,1,台北市,福華大飯店,606.0,12508,66.58,4276.0,53490152,25704451,84387747,317,20772,2748,23520,6221,2691,3402,868,4296,0.2644982993197279,0.7355017006802721,0.8831632653061224,2846.9608000000003,5.0,五星級,1
2026,1,台北市,第一大飯店,176.0,2085,38.21,1899.0,3958475,2974428,29596371,40,445,2982,3427,948,1024,76,85,209,0.2766267872775022,0.7233732127224979,0.1298511817916545,725.6079000000001,4.0,四星級,1
2026,1,台北市,美麗信花園酒店,203.0,6067,96.41,2355.0,14288709,7198303,30157346,75,11437,1245,12682,2271,3213,2321,657,916,0.17907270146664564,0.8209272985333543,0.9018293644535562,2270.4555,,無星等/未評鑑,0
2026,1,台北市,義華酒店,149.0,3073,66.53,3805.0,11692667,259547,13343554,18,3612,352,3964,790,165,422,94,1613,0.1992936427850656,0.8007063572149344,0.9112008072653885,2531.4665,,無星等/未評鑑,0
2026,1,台北市,老爺大酒店,202.0,5159,82.39,5321.0,27452809,35480723,69866121,234,1,0,1,1,0,0,0,0,1.0,0.0,1.0,4383.9719000000005,5.0,五星級,1
2026,1,台北市,豪景大酒店,209.0,3992,61.61,2440.0,9741866,28400,10205750,48,5729,2646,8375,733,1895,1993,519,105,0.08752238805970149,0.9124776119402985,0.6840597014925374,1503.2839999999999,3.0,三星級,1
2026,1,台北市,雀客旅館台北南京,56.0,1500,86.41,2603.0,3904436,0,3904436,8,3245,0,3245,3167,12,16,10,6,0.9759630200308166,0.024036979969183414,1.0,2249.2522999999997,,無星等/未評鑑,0
2026,1,台北市,雀客藏居台北陽明山,50.0,1056,68.13,2818.0,2975558,1752554,5706869,26,1450,294,1744,1531,21,20,76,0,0.8778669724770642,0.12213302752293576,0.8314220183486238,1919.9034,3.0,三星級,1
2026,1,台南市,台南大員皇冠假日酒店,230.0,4795,67.25,3836.0,18391884,24977955,47848847,231,3430,1460,4890,3907,64,46,40,286,0.7989775051124745,0.20102249488752555,0.7014314928425358,2579.71,5.0,五星級,1
2026,1,台南市,台南大飯店,152.0,2908,61.71,2245.0,6528772,11044861,19184276,116,4927,453,5380,3318,563,353,183,245,0.616728624535316,0.38327137546468404,0.9157992565055763,1385.3895000000002,3.0,三星級,1
2026,1,台南市,台南遠東香格里拉,331.0,7325,71.39,4002.0,29312005,25502023,61707082,373,10502,1129,11631,5506,929,804,275,1120,0.4733900782391884,0.5266099217608116,0.9029318201358438,2857.0278000000003,5.0,五星級,1
2026,1,台南市,台糖長榮酒店(台南),197.0,3848,63.01,2901.0,11162006,21754379,34381269,160,6862,1331,8193,7456,288,102,12,93,0.9100451605028683,0.08995483949713168,0.8375442450872697,1827.9200999999998,5.0,五星級,1
2026,1,台南市,趣淘漫旅,159.0,3839,77.89,2627.0,10085392,2891986,14478370,100,6027,4316,10343,10334,0,0,0,0,0.9991298462728415,0.0008701537271584847,0.5827129459537852,2046.1703,3.0,三星級,1
2026,1,台南市,遠百企業觀光旅館,40.0,160,12.9,550.0,88000,0,88000,23,160,0,160,160,0,0,0,0,1.0,0.0,1.0,70.95,,無星等/未評鑑,0
2026,1,台東縣,台東桂田喜來登酒店,290.0,3457,38.45,3555.0,12290702,13867913,27221995,164,4943,2631,7574,6892,40,16,15,446,0.9099551095854238,0.0900448904145762,0.6526274095590177,1366.8975,5.0,五星級,1
2026,1,台東縣,娜路彎大酒店,292.0,5248,57.98,5145.0,26999264,14580942,43866700,195,12570,383,12953,12869,2,6,24,26,0.9935150158264495,0.006484984173550479,0.9704315602563113,2983.071,5.0,五星級,1
2026,1,台東縣,樂樂日暉溫泉酒店,48.0,391,26.280000000000005,2472.0,966530,0,966530,9,784,0,784,784,0,0,0,0,1.0,0.0,1.0,649.6416000000002,,無星等/未評鑑,0
2026,1,台東縣,知本老爺大酒店,182.0,4978,88.23,5434.0,27047993,12610935,44342530,192,9742,1135,10877,10599,24,4,18,110,0.974441482026294,0.025558517973706008,0.8956513744598694,4794.4182,5.0,五星級,1
2026,1,嘉義市,耐斯王子大飯店,245.0,3127,41.17,2546.0,7961404,10136736,19624221,106,4089,4058,8147,7848,74,26,5,45,0.9632993740027004,0.03670062599729962,0.501902540812569,1048.1882,5.0,五星級,1
2026,1,嘉義市,鈺通大飯店,120.0,1651,44.38,1890.0,3120270,7659619,10832633,62,646,1005,1651,1301,14,324,0,4,0.788007268322229,0.211992731677771,0.3912780133252574,838.7820000000002,3.0,三星級,1
2026,1,嘉義縣,名都觀光渡假大飯店,97.0,242,8.05,1842.0,445675,431658,889198,43,269,281,550,550,0,0,0,0,1.0,0.0,0.4890909090909091,148.28100000000003,3.0,三星級,1
2026,1,嘉義縣,阿里山賓館(歷史館),35.0,331,30.510000000000005,9662.0,3197972,0,3197972,11,377,162,539,445,1,0,4,37,0.8256029684601113,0.17439703153988872,0.699443413729128,2947.8762000000006,4.0,四星級,1
2026,1,嘉義縣,阿里山賓館(現代館),111.0,937,27.229999999999997,13095.0,12269745,4879197,17443287,111,1850,793,2643,2173,7,0,22,182,0.8221717744986757,0.17782822550132427,0.6999621642073401,3565.7684999999997,4.0,四星級,1
2026,1,基隆市,長榮桂冠酒店(基隆),140.0,3274,75.44,3022.0,9893951,6014356,19175833,87,4473,2423,6896,6422,34,41,19,80,0.9312645011600929,0.06873549883990715,0.6486368909512761,2279.7968,5.0,五星級,1
2026,1,宜蘭縣,凱渡廣場酒店,285.0,1898,21.48,5871.0,11143698,12980977,25355810,162,2415,2501,4916,4878,20,0,2,0,0.9922701383238405,0.007729861676159522,0.49125305126118796,1261.0908,,無星等/未評鑑,0
2026,1,宜蘭縣,山泉大飯店,146.0,3305,73.02,1918.0,6340617,2009883,8790000,41,3432,1548,4980,4686,0,161,85,7,0.9409638554216867,0.0590361445783133,0.689156626506024,1400.5235999999998,3.0,三星級,1
2026,1,宜蘭縣,幼獅大飯店,53.0,122,7.429999999999999,1501.0,183160,0,192295,8,74,121,195,195,0,0,0,0,1.0,0.0,0.37948717948717947,111.52429999999998,3.0,三星級,1
2026,1,宜蘭縣,悅川酒店,103.0,2168,67.9,5040.0,10927699,6804367,17732066,95,3004,1999,5003,4903,0,0,21,19,0.9800119928043174,0.01998800719568261,0.600439736158305,3422.16,4.0,四星級,1
2026,1,宜蘭縣,礁溪老爺酒店,197.0,4695,76.88,9418.0,44219843,28526645,84005209,324,10014,1997,12011,11652,17,11,83,132,0.9701107318291566,0.029889268170843364,0.8337357422362834,7240.5584,5.0,五星級,1
2026,1,宜蘭縣,礁溪麒麟酒店,167.0,4096,79.12,3838.0,15721444,399058,16120502,54,8134,550,8684,8346,20,44,86,52,0.9610778443113772,0.038922155688622784,0.9366651312759097,3036.6256,,無星等/未評鑑,0
2026,1,宜蘭縣,綠舞國際觀光飯店,114.0,1179,33.36,4590.0,5411582,5654994,15460494,267,2110,1406,3516,3516,0,0,0,0,1.0,0.0,0.6001137656427759,1531.224,4.0,四星級,1
2026,1,宜蘭縣,蘭城晶英酒店,193.0,2806,46.9,10833.0,30396307,30485259,68038215,340,9418,499,9917,9492,4,0,46,86,0.9571442976706666,0.042855702329333445,0.9496823636180296,5080.677,5.0,五星級,1
2026,1,宜蘭縣,長榮鳳凰酒店(礁溪),231.0,4437,61.96,5515.0,24467984,22396050,55252154,227,9131,2544,11675,11445,17,29,81,26,0.9802997858672376,0.01970021413276235,0.7820985010706638,3417.094,5.0,五星級,1
2026,1,屏東縣,凱撒大飯店,281.0,4932,56.61999999999999,4488.0,22134878,6540211,30450438,213,10769,1148,11917,10564,57,568,35,196,0.8864647142737266,0.11353528572627336,0.9036670302928589,2541.1056,5.0,五星級,1
2026,1,屏東縣,墾丁怡灣渡假酒店,234.0,2610,35.98,2631.0,6868117,1986770,9379647,77,4128,2489,6617,6586,2,14,0,6,0.9953150974761976,0.004684902523802381,0.6238476651050325,946.6338,3.0,三星級,1
2026,1,屏東縣,墾丁福華渡假飯店,458.0,4967,34.98,2490.0,12368601,5951099,18829977,231,4926,9259,14185,13685,41,115,13,53,0.9647514980613324,0.035248501938667576,0.34726824109975324,871.002,5.0,五星級,1
2026,1,新北市,八里福朋喜來登酒店,241.0,1989,26.619999999999997,3812.0,7581138,17023992,24662372,140,2038,2594,4632,4095,39,52,30,252,0.8840673575129534,0.1159326424870466,0.43998272884283246,1014.7543999999999,3.0,三星級,1
2026,1,新北市,大板根渡假酒店,95.0,2315,78.61,6725.0,15568375,16512571,49939826,212,3229,3716,6945,6726,3,63,72,27,0.9684665226781858,0.03153347732181422,0.46493880489560835,5286.5225,4.0,四星級,1
2026,1,新北市,板橋凱撒大飯店,400.0,11180,90.16,3894.0,43531029,19655430,63330738,146,18336,3851,22187,7872,1553,6019,1672,873,0.3548023617433632,0.6451976382566368,0.8264298913778338,3510.8304,5.0,五星級,1
2026,1,新北市,瓏山林台北中和飯店,126.0,2184,55.91,2535.0,5535581,4307963,10366487,78,3510,744,4254,2338,71,724,77,232,0.5496003761165962,0.4503996238834038,0.8251057827926658,1417.3185,3.0,三星級,1
2026,1,新北市,碧特弗大飯店,55.0,262,15.370000000000001,2534.0,663820,0,663820,18,68,388,456,446,1,1,2,1,0.9780701754385965,0.021929824561403466,0.14912280701754385,389.4758,,無星等/未評鑑,0
2026,1,新北市,福容大飯店    淡水漁人碼頭,198.0,3263,53.16,4688.0,15296734,18944258,37599351,138,2710,6339,9049,8621,20,6,22,257,0.9527019560172395,0.047298043982760496,0.2994806055917781,2492.1407999999997,4.0,四星級,1
2026,1,新北市,福容大飯店 福隆,174.0,769,14.26,4280.0,3291002,2318786,6041575,107,1320,404,1724,1665,0,0,10,0,0.9657772621809745,0.03422273781902552,0.765661252900232,610.328,3.0,三星級,1
2026,1,新北市,美麗春天大飯店,34.0,18,1.71,2418.0,43524,0,43524,3,36,0,36,36,0,0,0,0,1.0,0.0,1.0,41.3478,,無星等/未評鑑,0
2026,1,新竹市,新竹國賓大飯店,257.0,4661,58.5,3402.0,15857973,49070849,73605328,281,6162,988,7150,3944,472,293,27,499,0.5516083916083916,0.4483916083916084,0.8618181818181818,1990.17,4.0,四星級,1
2026,1,新竹市,新竹老爺大酒店,208.0,4529,70.24,3383.0,15320527,19152473,36012152,161,5937,565,6502,3392,740,196,5,718,0.5216856351891725,0.47831436481082745,0.9131036604121808,2376.2192,4.0,四星級,1
2026,1,新竹縣,新竹喜來登大飯店,386.0,9212,76.98,4308.0,39683912,70370069,122824425,307,10088,1264,11352,4266,239,604,41,3128,0.37579281183932345,0.6242071881606766,0.8886539816772375,3316.2984,4.0,四星級,1
2026,1,新竹縣,豐邑喜來登大飯店,384.0,6141,51.59,4308.0,26455941,3324656,32593049,111,6726,842,7568,2844,160,403,28,2086,0.37579281183932345,0.6242071881606766,0.8887420718816068,2222.4972,4.0,四星級,1
2026,1,桃園市,南方莊園渡假飯店,111.0,1479,42.98,5751.0,8505600,21047393,32796524,98,2427,1601,4028,4010,4,0,8,0,0.9955312810327706,0.004468718967229446,0.60253227408143,2471.7798,4.0,四星級,1
2026,1,桃園市,古華花園飯店,255.0,7335,92.79,2481.0,18196193,9695526,31808540,171,10877,145,11022,7410,557,324,237,626,0.6722917800762113,0.32770821992378873,0.9868444928325167,2302.1199,3.0,三星級,1
2026,1,桃園市,名人堂花園大飯店,128.0,1238,31.2,5366.0,6643155,11906918,21725215,182,2351,941,3292,3151,0,3,16,23,0.957168894289186,0.042831105710814055,0.7141555285540705,1674.1919999999998,,無星等/未評鑑,0
2026,1,桃園市,和逸飯店桃園青埔館,218.0,5068,74.99,4739.0,24019437,0,28305921,108,9231,1680,10911,7816,220,220,172,922,0.7163413069379525,0.2836586930620475,0.8460269452845752,3553.7761,4.0,四星級,1
2026,1,桃園市,尊爵大飯店,218.0,4498,66.56,2567.0,11546315,15094505,27782631,112,3598,3598,7196,1627,665,1748,38,244,0.22609783212896054,0.7739021678710395,0.5,1708.5952000000002,3.0,三星級,1
2026,1,桃園市,尊爵天際大飯店,250.0,6913,89.2,2467.0,17057120,4305263,21472404,80,2529,4801,7330,675,190,20,0,89,0.09208731241473397,0.907912687585266,0.34502046384720325,2200.564,3.0,三星級,1
2026,1,桃園市,桃園喜來登酒店,189.0,3446,58.82000000000001,3000.0,10339240,17484241,29958234,173,4550,1142,5692,3386,241,140,34,856,0.5948699929725931,0.40513000702740687,0.7993675333801827,1764.6000000000004,4.0,四星級,1
2026,1,桃園市,桃園國際機場凱悅酒店,476.0,9431,63.91,3634.0,34274735,24634586,64377786,263,13750,1142,14892,5248,1138,757,201,3081,0.3524039752887456,0.6475960247112544,0.9233145312919688,2322.4894,,無星等/未評鑑,0
2026,1,桃園市,福容大飯店   桃園,182.0,3540,62.74000000000001,2443.0,8647639,7725191,16372830,65,3231,276,3507,1710,351,349,15,172,0.4875962360992301,0.5124037639007699,0.9213002566295979,1532.7382000000005,3.0,三星級,1
2026,1,桃園市,福容徠旅 林口,149.0,3677,79.61,2713.0,9974665,0,10000960,27,6571,644,7215,5090,428,241,104,82,0.7054747054747055,0.2945252945252945,0.9107415107415108,2159.8193,,無星等/未評鑑,0
2026,1,澎湖縣,寶華大飯店,74.0,99,4.32,1363.0,134940,0,181155,17,134,86,220,219,0,0,0,0,0.9954545454545455,0.004545454545454519,0.6090909090909091,58.881600000000006,,無星等/未評鑑,0
2026,1,澎湖縣,澎湖福朋喜來登酒店,331.0,2101,20.48,2181.0,4581397,9774134,15973690,192,3771,637,4408,3974,9,0,10,287,0.9015426497277677,0.09845735027223235,0.8554900181488203,446.6688,5.0,五星級,1
2026,1,花蓮縣,太魯閣晶英酒店,160.0,1046,21.09,8173.0,8549275,3372316,13820674,160,1582,1000,2582,2251,9,13,13,95,0.8718048024786987,0.12819519752130126,0.6127033307513555,1723.6857,5.0,五星級,1
2026,1,花蓮縣,瑞穗天合國際觀光酒店,198.0,2674,43.56,9164.0,24505339,3813149,29642409,200,4478,2915,7393,7254,0,0,2,4,0.9811984309481943,0.018801569051805744,0.6057081022588936,3991.8384,5.0,五星級,1
2026,1,花蓮縣,美侖大飯店,299.0,4155,44.83,2502.0,10395195,9154313,20511318,189,6923,2844,9767,9465,15,89,4,55,0.9690795535988532,0.030920446401146773,0.7088153987918501,1121.6465999999998,5.0,五星級,1
2026,1,花蓮縣,遠雄悅來大飯店,381.0,3945,33.4,3735.0,14734351,16017393,35147464,310,6800,2332,9132,9023,4,1,6,39,0.9880639509417434,0.011936049058256626,0.7446342531756461,1247.49,5.0,五星級,1
2026,1,苗栗縣,馥藝金鬱金香酒店,191.0,3353,56.63,2595.0,8700745,5988156,15319809,86,5444,1508,6952,6197,460,23,27,26,0.891398158803222,0.10860184119677796,0.783084004602992,1469.5485,3.0,三星級,1
2026,1,金門縣,陸島酒店,47.0,444,30.47,1702.0,755599,71120,837319,14,192,697,889,241,0,0,14,0,0.27109111361079863,0.7289088863892014,0.21597300337457817,518.5994,,無星等/未評鑑,0
2026,1,高雄市,寒軒國際大飯店,371.0,7679,66.77,2277.0,17487222,19531660,37672894,218,5989,1746,7735,4682,1130,503,116,87,0.60530058177117,0.39469941822883003,0.774272786037492,1520.3528999999999,5.0,五星級,1
2026,1,高雄市,漢來大飯店,535.0,11887,71.67,3800.0,45165821,88465762,165705832,867,14034,5027,19061,10679,1331,2717,176,1326,0.5602539216200619,0.43974607837993807,0.7362677718902471,2723.46,5.0,五星級,1
2026,1,高雄市,然一酒店,147.0,2814,61.75000000000001,4875.0,13719372,12319208,30914112,220,3810,117,3927,2628,181,52,33,673,0.6692131398013751,0.3307868601986249,0.9702062643239114,3010.3125000000005,,無星等/未評鑑,0
2026,1,高雄市,福容大飯店 高雄,250.0,4451,57.43000000000001,2572.0,11448917,5593518,17077972,90,4922,3476,8398,6457,288,816,261,64,0.7688735413193617,0.2311264586806383,0.5860919266492022,1477.0996000000002,3.0,三星級,1
2026,1,高雄市,義大皇家酒店,656.0,8690,42.73,2862.0,24868213,21057639,48798016,398,9864,12347,22211,20172,14,1700,26,57,0.9081986403133583,0.09180135968664171,0.44410427265769215,1222.9325999999999,4.0,四星級,1
2026,1,高雄市,高雄圓山大飯店,105.0,2041,62.7,2984.0,6091110,21581666,29647695,128,3141,1552,4693,3765,429,98,15,105,0.8022586831451097,0.19774131685489027,0.6692946942254422,1870.968,5.0,五星級,1
2026,1,高雄市,高雄福華大飯店,271.0,6595,78.5,2696.0,17778587,33719312,55761294,314,9752,882,10634,4215,2974,971,964,539,0.39637013353394773,0.6036298664660522,0.9170584916306188,2116.36,5.0,五星級,1
2026,1,高雄市,高雄萬豪酒店,700.0,13803,63.61,5164.0,71277398,121124880,208648660,761,16767,5780,22547,12604,941,1450,487,3376,0.5590100678582517,0.4409899321417483,0.7436466048698275,3284.8203999999996,5.0,五星級,1
2026,1,高雄市,麗尊大酒店,188.0,3514,60.3,2253.0,7917042,18149865,26732373,194,5984,683,6667,4886,502,457,192,134,0.7328633568321584,0.2671366431678416,0.8975551222438878,1358.559,3.0,三星級,1
2026,2,南投縣,日月潭力麗溫德姆溫泉酒店,197.0,3206,58.11999999999999,9702.0,31104928,12628387,45246376,200,7236,1239,8475,8078,4,2,38,158,0.9531563421828908,0.0468436578171092,0.8538053097345133,5638.802399999999,5.0,五星級,1
2026,2,南投縣,涵碧樓大飯店,96.0,2179,81.06,17432.0,37983776,10712658,55070656,294,3652,703,4355,3796,35,4,50,181,0.8716417910447761,0.12835820895522387,0.8385763490241103,14130.3792,5.0,五星級,1
2026,2,南投縣,漢來日月行館,93.0,1659,63.71,22473.0,37282638,17460974,55309628,215,3327,262,3589,3402,6,40,29,49,0.9478963499582056,0.0521036500417944,0.9269991641125662,14317.5483,,無星等/未評鑑,0
2026,2,南投縣,雲品溫泉酒店日月潭,207.0,4322,74.57,15202.0,65704306,23902543,98766372,318,10830,1379,12209,11435,28,9,101,409,0.9366041444835776,0.06339585551642235,0.887050536489475,11336.131399999998,5.0,五星級,1
2026,2,台中市,全國大飯店,178.0,2568,51.519999999999996,3313.0,8507424,11596559,22393204,74,5051,202,5253,4524,251,134,54,45,0.8612221587664192,0.13877784123358083,0.9615457833618885,1706.8575999999998,5.0,五星級,1
2026,2,台中市,台中港酒店,200.0,3647,65.13,4104.0,14968873,4083628,20492262,98,6275,198,6473,4642,223,50,60,15,0.717132705082651,0.28286729491734897,0.9694114012050054,2672.9351999999994,3.0,三星級,1
2026,2,台中市,台中福華大飯店,155.0,3830,88.25,3776.0,14461093,31839817,50326786,202,7348,1421,8769,5071,259,2131,59,209,0.5782871479074011,0.4217128520925989,0.8379518759265595,3332.32,5.0,五星級,1
2026,2,台中市,台中金典酒店,222.0,4535,72.96,3988.0,18087717,32896391,62762373,242,8599,1664,10263,8782,539,351,59,170,0.8556952158238332,0.14430478417616677,0.837864172269317,2909.6448,5.0,五星級,1
2026,2,台中市,裕元花園酒店,149.0,2962,71.0,5296.0,15686564,41147100,62519593,277,5714,57,5771,4758,87,182,39,193,0.824467163403223,0.175532836596777,0.9901230289377924,3760.16,5.0,五星級,1
2026,2,台中市,通豪大飯店,226.0,2916,46.08,2372.0,6917758,2585923,9945297,69,4859,19,4878,4759,3,14,18,4,0.9756047560475605,0.024395243952439527,0.9961049610496105,1093.0176,3.0,三星級,1
2026,2,台中市,長榮桂冠酒店(台中),354.0,7732,78.01,3100.0,23967879,49938127,80728504,231,6805,927,7732,6532,315,236,41,219,0.8448008277289187,0.15519917227108126,0.8801086394205898,2418.3100000000004,5.0,五星級,1
2026,2,台中市,龍谷大飯店,189.0,1132,21.39,2803.0,3172922,1291662,4887950,34,2346,676,3022,2989,0,4,15,2,0.9890800794176042,0.01091992058239577,0.7763070814030444,599.5617,,無星等/未評鑑,0
2026,2,台北市,JR東日本大飯店台北,288.0,5400,66.96,5673.0,30633513,34896441,70272062,278,9760,535,10295,4140,2467,746,861,762,0.4021369596891695,0.5978630403108305,0.9480330257406508,3798.6407999999997,4.0,四星級,1
2026,2,台北市,三德大飯店,227.0,3610,56.8,2066.0,7456819,2112726,10349482,88,6042,663,6705,2484,1216,670,970,154,0.3704697986577181,0.6295302013422819,0.9011185682326622,1173.4879999999998,3.0,三星級,1
2026,2,台北市,亞都麗緻大飯店,219.0,3671,59.870000000000005,3641.0,13364937,24264305,41594802,198,7015,0,7015,2366,1379,331,483,1366,0.33727726300784033,0.6627227369921597,1.0,2179.8667,4.0,四星級,1
2026,2,台北市,兄弟大飯店,250.0,3366,48.09,3930.0,13228959,74119421,94459439,450,3268,1645,4913,3139,660,138,124,277,0.6389171585589253,0.3610828414410747,0.6651740280887442,1889.9370000000001,4.0,四星級,1
2026,2,台北市,北投老爺酒店,50.0,1128,80.57,8288.0,9348675,4940272,16099672,61,2467,26,2493,2075,11,30,169,46,0.8323305254713197,0.1676694745286803,0.9895707982350581,6677.641599999999,4.0,四星級,1
2026,2,台北市,北投麗禧溫泉酒店,66.0,1465,79.27,16247.0,23802205,13083744,45567996,143,3119,6,3125,2245,29,126,334,118,0.7184,0.28159999999999996,0.99808,12878.9969,4.0,四星級,1
2026,2,台北市,台北W飯店,405.0,8271,72.94,9950.0,82294868,45836841,143881673,390,13277,653,13930,3436,527,536,1644,4481,0.2466618808327351,0.7533381191672649,0.9531227566403446,7257.53,5.0,五星級,1
2026,2,台北市,台北中山雅樂軒酒店,88.0,1833,74.39,4583.0,8401405,442936,9753270,35,2836,0,2836,605,226,105,226,777,0.21332863187588152,0.7866713681241184,1.0,3409.2937,,無星等/未評鑑,0
2026,2,台北市,台北凱撒大飯店,478.0,11869,88.68,3171.0,37640092,28486802,68666237,156,19156,4391,23547,6397,7221,3111,2186,1242,0.2716694271032403,0.7283305728967597,0.8135218923854419,2812.0428,4.0,四星級,1
2026,2,台北市,台北君品大酒店,286.0,5367,67.02,4653.0,24974348,45960371,76835529,273,11032,13,11045,2928,1446,1794,1494,1300,0.2650973291081938,0.7349026708918063,0.9988229968311453,3118.4406,5.0,五星級,1
2026,2,台北市,台北君悅酒店,850.0,17949,75.42,5741.0,103042804,118652637,247905926,564,24493,7116,31609,10185,752,3847,931,10935,0.3222183555316524,0.6777816444683475,0.7748742446771489,4329.8622000000005,5.0,五星級,1
2026,2,台北市,台北寒舍喜來登大飯店,688.0,12829,66.6,4890.0,62731263,160598734,247051666,793,18014,3219,21233,5422,2474,1713,1111,5147,0.25535722695803703,0.7446427730419629,0.8483963641501436,3256.74,5.0,五星級,1
2026,2,台北市,台北寒舍艾美酒店,160.0,3597,80.29,9206.0,33113971,78932439,124189159,335,5065,311,5376,1771,176,122,637,1306,0.3294270833333333,0.6705729166666667,0.9421502976190477,7391.497400000001,5.0,五星級,1
2026,2,台北市,台北漢來大飯店,424.0,7035,59.260000000000005,5280.0,37145954,102440260,157149053,461,10304,2834,13138,10761,205,375,422,318,0.8190744405541178,0.18092555944588218,0.7842898462475263,3128.9280000000003,5.0,五星級,1
2026,2,台北市,台北美福大飯店,146.0,2344,57.34,6997.0,16401108,98167881,123764029,352,4459,165,4624,3260,74,395,86,479,0.7050173010380623,0.29498269896193774,0.9643166089965398,4012.0798000000004,6.0,卓越五星,1
2026,2,台北市,台北艾麗酒店,235.0,4569,69.44,5845.0,26704784,16621654,48048609,176,6389,621,7010,2202,140,311,940,1035,0.3141226818830242,0.6858773181169757,0.9114122681883025,4058.768,5.0,五星級,1
2026,2,台北市,台北花園大酒店,241.0,5496,81.45,2572.0,14134496,29805134,52638823,147,10188,6,10194,1487,97,6594,704,242,0.1458701196782421,0.8541298803217579,0.9994114184814596,2094.894,4.0,四星級,1
2026,2,台北市,台北萬豪酒店,318.0,6858,77.02,6073.0,41651870,82183404,152174939,527,8046,2275,10321,3069,186,2211,317,2905,0.2973549074702064,0.7026450925297936,0.7795756225171979,4677.424599999999,5.0,五星級,1
2026,2,台北市,台北遠東香格里拉,420.0,8066,68.59,6523.0,52616342,68129899,137008476,474,10571,2643,13214,3011,387,510,796,4641,0.22786438625700015,0.7721356137429999,0.7999848645376116,4474.1257000000005,5.0,五星級,1
2026,2,台北市,國王大飯店,97.0,1430,52.65,1791.0,2561743,559446,3130689,47,429,1001,1430,176,1177,24,14,9,0.12307692307692308,0.8769230769230769,0.3,942.9614999999999,3.0,三星級,1
2026,2,台北市,國聯大飯店,220.0,2461,39.95,3176.0,7816359,9326674,18129662,111,2978,1463,4441,2771,521,463,182,101,0.6239585678901148,0.37604143210988517,0.6705696915109209,1268.8120000000001,4.0,四星級,1
2026,2,台北市,圓山大飯店,473.0,7519,56.769999999999996,5273.0,39651138,88121145,144209332,541,12575,2876,15451,8718,2699,523,320,1075,0.5642353245744612,0.43576467542553876,0.8138631803766746,2993.4820999999997,5.0,五星級,1
2026,2,台北市,天成大飯店,226.0,5246,82.9,3789.0,19878764,44607710,69358219,293,11097,137,11234,2705,2290,2873,599,875,0.24078689692006408,0.759213103079936,0.9878048780487805,3141.081,4.0,四星級,1
2026,2,台北市,日勝生加賀屋國際溫泉飯店,89.0,1205,48.35,13672.0,16474398,9560030,34432481,126,2576,299,2875,2506,51,11,160,45,0.8716521739130435,0.1283478260869565,0.896,6610.412,,無星等/未評鑑,0
2026,2,台北市,晶華酒店,538.0,11932,79.21,6462.0,77103095,232251430,337465619,903,18707,3637,22344,9251,4230,2290,1005,2862,0.41402613677049765,0.5859738632295024,0.8372269960615826,5118.5502,5.0,五星級,1
2026,2,台北市,歐華酒店,112.0,1137,36.26,3733.0,4244186,8219913,13611816,104,1483,601,2084,806,327,135,63,148,0.3867562380038388,0.6132437619961613,0.7116122840690979,1353.5857999999998,4.0,四星級,1
2026,2,台北市,漢普頓酒店,127.0,2909,81.81,3262.0,9489824,8561661,19749703,64,5268,1249,6517,3646,376,1717,229,123,0.559459874175234,0.440540125824766,0.80834739911002,2668.6422000000002,,無星等/未評鑑,0
2026,2,台北市,福容大飯店  台北一館,120.0,2109,62.77,3223.0,6797659,12914767,21029422,81,2443,42,2485,2049,46,33,59,61,0.8245472837022133,0.1754527162977867,0.9830985915492958,2023.0771000000002,4.0,四星級,1
2026,2,台北市,福華大飯店,606.0,8292,48.87,4518.0,37463849,29839626,72386309,317,15987,800,16787,8462,1105,2340,722,1802,0.5040805385119438,0.4959194614880562,0.9523440757729196,2207.9465999999998,5.0,五星級,1
2026,2,台北市,第一大飯店,176.0,1920,38.96,1841.0,3535416,2424501,28668275,40,357,2974,3331,909,909,102,34,66,0.2728910237166016,0.7271089762833984,0.10717502251576103,717.2536,4.0,四星級,1
2026,2,台北市,美麗信花園酒店,203.0,5417,95.3,2219.0,12022647,8618280,28479901,75,10955,822,11777,4407,1924,1629,648,894,0.374203956865076,0.625796043134924,0.9302029379298633,2114.707,,無星等/未評鑑,0
2026,2,台北市,義華酒店,149.0,2035,48.78,3766.0,7664154,162537,8711187,18,2858,186,3044,1357,26,250,38,983,0.44579500657030224,0.5542049934296978,0.9388961892247043,1837.0548000000001,,無星等/未評鑑,0
2026,2,台北市,老爺大酒店,202.0,4546,80.37,4808.0,21859068,40077575,68399568,233,7624,137,7761,2351,3561,229,370,343,0.30292488081432806,0.6970751191856719,0.9823476356139673,3864.1896,5.0,五星級,1
2026,2,台北市,豪景大酒店,209.0,3101,52.99,2363.0,7327667,95160,7533541,48,5600,1440,7040,1609,866,1586,726,141,0.22855113636363636,0.7714488636363637,0.7954545454545454,1252.1537,3.0,三星級,1
2026,2,台北市,雀客旅館台北南京,56.0,1367,87.18,2472.0,3379299,0,3379299,8,2834,0,2834,2774,10,8,6,10,0.9788285109386027,0.02117148906139732,1.0,2155.0896000000002,,無星等/未評鑑,0
2026,2,台北市,雀客藏居台北陽明山,50.0,923,65.93,3985.0,3677887,2369927,6825925,22,1980,145,2125,1853,0,0,203,18,0.872,0.128,0.9317647058823529,2627.3105000000005,3.0,三星級,1
2026,2,台南市,台南大員皇冠假日酒店,230.0,4648,72.17,5993.0,27853550,30401597,64596111,225,9388,1970,11358,10270,78,33,33,340,0.9042084874097552,0.09579151259024477,0.8265539707695017,4325.1481,5.0,五星級,1
2026,2,台南市,台南大飯店,152.0,2957,69.48,3510.0,10379061,17750063,30168215,116,5918,184,6102,4350,683,135,111,153,0.7128810226155359,0.2871189773844641,0.9698459521468371,2438.748,3.0,三星級,1
2026,2,台南市,台南遠東香格里拉,331.0,6841,73.81,5755.0,39372109,27768226,75695028,365,12550,372,12922,8797,601,348,262,780,0.6807769695093638,0.31922303049063616,0.9712118867048445,4247.7654999999995,5.0,五星級,1
2026,2,台南市,台糖長榮酒店(台南),197.0,4539,82.29,3837.0,17415197,27631670,47052515,155,8051,871,8922,8200,203,117,4,79,0.9190764402600314,0.08092355973996856,0.9023761488455503,3157.4673000000003,5.0,五星級,1
2026,2,台南市,趣淘漫旅,159.0,4244,95.33,4390.0,18630358,3742730,24991010,97,11473,2086,13559,13535,0,0,22,0,0.9982299579615016,0.0017700420384983984,0.8461538461538461,4184.987,3.0,三星級,1
2026,2,台南市,遠百企業觀光旅館,40.0,160,14.29,550.0,88000,0,88000,23,160,0,160,160,0,0,0,0,1.0,0.0,1.0,78.59499999999998,,無星等/未評鑑,0
2026,2,台東縣,台東桂田喜來登酒店,290.0,4068,50.1,5045.0,20524013,20010329,41929563,168,8182,2291,10473,10135,9,0,15,170,0.9677265348992647,0.032273465100735255,0.7812470161367325,2527.545,5.0,五星級,1
2026,2,台東縣,娜路彎大酒店,292.0,3893,47.61,7204.0,28044238,20120375,58340737,202,19363,-233,19130,16756,2,2,-20,180,0.8759017250392054,0.12409827496079462,1.0,3429.8244,5.0,五星級,1
2026,2,台東縣,樂樂日暉溫泉酒店,48.0,778,57.89,2707.0,2105739,0,2105739,9,1561,0,1561,1561,0,0,0,0,1.0,0.0,1.0,1567.0823,,無星等/未評鑑,0
2026,2,台東縣,知本老爺大酒店,182.0,4826,94.7,6800.0,32814687,15119921,54109683,192,10381,951,11332,11215,6,0,14,39,0.9896752559124603,0.010324744087539695,0.9160783621602542,6439.6,5.0,五星級,1
2026,2,嘉義市,耐斯王子大飯店,245.0,2797,40.77,3944.0,11031861,15469759,28703158,106,7473,745,8218,7994,63,16,10,21,0.9727427597955707,0.027257240204429323,0.9093453394986615,1607.9688,5.0,五星級,1
2026,2,嘉義市,鈺通大飯店,120.0,2007,59.73,2625.0,5267694,6293975,11610031,62,1772,2384,4156,4076,6,50,2,8,0.9807507218479307,0.019249278152069338,0.42637151106833493,1567.9125,3.0,三星級,1
2026,2,嘉義縣,名都觀光渡假大飯店,97.0,441,16.24,3615.0,1594155,1435616,3094807,38,1071,181,1252,1252,0,0,0,0,1.0,0.0,0.8554313099041534,587.0759999999999,3.0,三星級,1
2026,2,嘉義縣,阿里山賓館(歷史館),35.0,342,34.9,13549.0,4633905,0,4633905,11,509,219,728,661,3,1,4,28,0.907967032967033,0.09203296703296704,0.6991758241758241,4728.601,4.0,四星級,1
2026,2,嘉義縣,阿里山賓館(現代館),111.0,1224,39.38,14815.0,18133870,6507007,25079948,111,2493,1068,3561,3225,15,3,19,138,0.9056444818871103,0.09435551811288967,0.7000842459983151,5834.147000000001,4.0,四星級,1
2026,2,基隆市,長榮桂冠酒店(基隆),140.0,3260,83.16,4430.0,14441720,8782271,27252829,88,6530,259,6789,6448,23,3,6,89,0.9497716894977168,0.05022831050228316,0.9618500515539844,3683.988,5.0,五星級,1
2026,2,宜蘭縣,凱渡廣場酒店,285.0,2667,33.42,8776.0,23404478,15762991,41937922,153,5605,1799,7404,7310,0,0,28,10,0.9873041599135602,0.012695840086439758,0.7570232306861157,2932.9392000000003,,無星等/未評鑑,0
2026,2,宜蘭縣,山泉大飯店,146.0,2238,54.75,2252.0,5040013,1012769,6371349,40,1908,1304,3212,2784,0,40,283,0,0.8667496886674969,0.1332503113325031,0.5940224159402242,1232.97,3.0,三星級,1
2026,2,宜蘭縣,幼獅大飯店,53.0,250,16.85,1846.0,461400,0,481080,8,157,121,278,278,0,0,0,0,1.0,0.0,0.564748201438849,311.05100000000004,3.0,三星級,1
2026,2,宜蘭縣,悅川酒店,103.0,1967,68.2,5467.0,10753561,11041404,21794965,94,3741,1750,5491,5460,0,0,11,16,0.9943543981059916,0.005645601894008423,0.6812966672737206,3728.494,4.0,四星級,1
2026,2,宜蘭縣,礁溪老爺酒店,197.0,4718,85.53,12051.0,56855909,32646502,103297000,316,11697,1411,13108,12783,3,17,140,58,0.9752059810802564,0.024794018919743643,0.8923558132438205,10307.2203,5.0,五星級,1
2026,2,宜蘭縣,礁溪麒麟酒店,167.0,3876,82.89,4493.0,17414459,229117,17643576,54,7800,318,8118,7755,26,54,130,28,0.9552845528455285,0.04471544715447151,0.9608277900960828,3724.2477000000003,,無星等/未評鑑,0
2026,2,宜蘭縣,綠舞國際觀光飯店,113.0,1497,47.31,6654.0,9960467,5641646,21061577,310,2789,1859,4648,4648,0,0,0,0,1.0,0.0,0.6000430292598967,3148.0074,4.0,四星級,1
2026,2,宜蘭縣,蘭城晶英酒店,193.0,3231,59.79,13090.0,42294270,47579262,99785780,333,11189,367,11556,11103,0,0,164,112,0.9607995846313603,0.03920041536863972,0.9682416060920734,7826.5109999999995,5.0,五星級,1
2026,2,宜蘭縣,長榮鳳凰酒店(礁溪),231.0,4528,70.01,7145.0,32350849,26961594,64449438,224,11601,1409,13010,12850,0,38,55,26,0.9877017678708686,0.012298232129131392,0.8916986933128362,5002.2145,5.0,五星級,1
2026,2,屏東縣,凱撒大飯店,281.0,5738,72.93,7031.0,40346150,8362332,51661459,216,15023,458,15481,14516,8,416,33,81,0.93766552548285,0.06233447451715002,0.9704153478457463,5127.708300000001,5.0,五星級,1
2026,2,屏東縣,墾丁怡灣渡假酒店,234.0,3031,46.26,3980.0,12064825,3360986,16457519,78,7709,897,8606,8576,12,0,0,0,0.9965140599581688,0.003485940041831226,0.8957703927492447,1841.148,3.0,三星級,1
2026,2,屏東縣,墾丁福華渡假飯店,458.0,4091,31.900000000000002,4901.0,20048036,7579690,28205387,231,9816,2422,12238,11939,23,93,7,24,0.9755679032521654,0.024432096747834642,0.8020918450727244,1563.4190000000003,5.0,五星級,1
2026,2,新北市,八里福朋喜來登酒店,241.0,1880,27.860000000000003,5943.0,11172017,19116902,30380636,141,3804,1073,4877,4444,43,12,41,204,0.9112159114209555,0.08878408857904452,0.7799876973549313,1655.7198,3.0,三星級,1
2026,2,新北市,大板根渡假酒店,95.0,2256,84.81,8995.0,20292720,18750479,56592811,213,4934,1834,6768,6669,6,0,39,24,0.9853723404255319,0.0146276595744681,0.7290189125295509,7628.659500000001,4.0,四星級,1
2026,2,新北市,板橋凱撒大飯店,400.0,9698,86.59,3971.0,38509061,22095433,60730146,144,17097,2810,19907,10618,696,4100,1414,608,0.533380218013764,0.466619781986236,0.8588436228462349,3438.4889000000003,5.0,五星級,1
2026,2,新北市,瓏山林台北中和飯店,126.0,1796,50.91,2798.0,5025895,5104376,11331498,78,3342,591,3933,2891,17,654,18,120,0.7350622934146962,0.2649377065853038,0.8497330282227308,1424.4618,3.0,三星級,1
2026,2,新北市,碧特弗大飯店,55.0,143,9.29,3159.0,451685,17815,469500,18,136,110,246,246,0,0,0,0,1.0,0.0,0.5528455284552846,293.4711,,無星等/未評鑑,0
2026,2,新北市,福容大飯店    淡水漁人碼頭,198.0,2656,47.91,6528.0,17337396,22381498,45114786,136,5363,751,6114,5892,4,2,12,150,0.9636898920510304,0.036310107948969605,0.8771671573438011,3127.5647999999997,4.0,四星級,1
2026,2,新北市,福容大飯店 福隆,174.0,1566,32.14,6348.0,9940369,5476539,16114330,106,3368,726,4094,4054,5,0,0,0,0.9902296042989741,0.009770395701025891,0.82266731802638,2040.2472,3.0,三星級,1
2026,2,新北市,美麗春天大飯店,34.0,11,1.16,2714.0,29855,0,29855,4,22,0,22,22,0,0,0,0,1.0,0.0,1.0,31.4824,,無星等/未評鑑,0
2026,2,新竹市,新竹國賓大飯店,257.0,3836,53.31,4283.0,16429061,43707055,67705294,271,6485,1060,7545,6080,216,132,113,302,0.8058316766070245,0.19416832339297552,0.8595096090125911,2283.2673,4.0,四星級,1
2026,2,新竹市,新竹老爺大酒店,208.0,3481,59.77,3785.0,13176865,20766385,35435289,149,5442,1437,6879,5501,317,39,19,266,0.7996801860735572,0.20031981392644282,0.7911033580462277,2262.2945,4.0,四星級,1
2026,2,新竹縣,新竹喜來登大飯店,386.0,7048,65.21,4389.0,30930510,51042440,91989392,311,8817,470,9287,4118,189,503,36,2617,0.44341552708086573,0.5565844729191343,0.9493916226983956,2862.0668999999994,4.0,四星級,1
2026,2,新竹縣,豐邑喜來登大飯店,384.0,4698,43.69,4389.0,20620340,4266149,27188189,109,5878,313,6191,2746,126,335,24,1744,0.44354708447746727,0.5564529155225327,0.9494427394605072,1917.5541,4.0,四星級,1
2026,2,桃園市,南方莊園渡假飯店,111.0,1464,47.1,6506.0,9524194,22858633,36843632,91,2988,870,3858,3846,0,0,0,0,0.9968895800933126,0.0031104199066873672,0.7744945567651633,3064.3260000000005,4.0,四星級,1
2026,2,桃園市,古華花園飯店,255.0,6293,88.14,2646.0,16649645,10203852,28183163,167,11065,18,11083,9108,247,146,271,272,0.8217991518541911,0.17820084814580894,0.9983758910042407,2332.1844,3.0,三星級,1
2026,2,桃園市,名人堂花園大飯店,128.0,1398,39.01,7868.0,10999748,13956740,28854040,175,4132,26,4158,4062,5,0,13,22,0.976911976911977,0.023088023088023046,0.9937469937469937,3069.3068,,無星等/未評鑑,0
2026,2,桃園市,和逸飯店桃園青埔館,218.0,4541,74.39,5843.0,26534873,0,31238209,109,11467,633,12100,10372,149,127,220,397,0.8571900826446281,0.14280991735537185,0.9476859504132231,4346.6077000000005,4.0,四星級,1
2026,2,桃園市,尊爵大飯店,218.0,3637,59.58,2779.0,10107037,16073442,27425287,108,3593,2477,6070,2244,392,1199,101,160,0.3696869851729819,0.6303130148270182,0.5919275123558484,1655.7282,3.0,三星級,1
2026,2,桃園市,尊爵天際大飯店,250.0,5466,78.09,2558.0,13980010,5999099,20296537,81,2181,4476,6657,885,104,2,0,0,0.13294276701216765,0.8670572329878323,0.32762505633168093,1997.5422,3.0,三星級,1
2026,2,桃園市,桃園喜來登酒店,189.0,2357,44.54,3433.0,8092585,18492909,28725847,165,3660,782,4442,3247,96,60,15,442,0.7309770373705538,0.26902296262944625,0.8239531742458353,1529.0582000000002,4.0,四星級,1
2026,2,桃園市,桃園國際機場凱悅酒店,476.0,7630,57.25,3754.0,28646293,24607301,58247135,267,12010,248,12258,6104,598,325,240,2036,0.49796051558166093,0.5020394844183391,0.9797683145700767,2149.165,,無星等/未評鑑,0
2026,2,桃園市,福容大飯店   桃園,182.0,3574,70.13,2236.0,7991069,9576981,17568050,63,2823,467,3290,2043,192,225,6,109,0.6209726443768997,0.3790273556231003,0.8580547112462006,1568.1068,3.0,三星級,1
2026,2,桃園市,福容徠旅 林口,149.0,3538,84.8,2931.0,10370868,0,10402026,27,6673,299,6972,5889,286,141,53,77,0.8446643717728055,0.1553356282271945,0.9571141709695926,2485.488,,無星等/未評鑑,0
2026,2,澎湖縣,寶華大飯店,74.0,76,3.6699999999999995,1640.0,124640,0,126640,17,98,90,188,188,0,0,0,0,1.0,0.0,0.5212765957446809,60.187999999999995,,無星等/未評鑑,0
2026,2,澎湖縣,澎湖福朋喜來登酒店,331.0,2580,27.839999999999996,2359.0,6086962,12409253,20433204,192,5487,659,6146,5713,4,6,32,262,0.9295476732834363,0.07045232671656365,0.8927757891311422,656.7456,5.0,五星級,1
2026,2,花蓮縣,太魯閣晶英酒店,160.0,1581,35.29,11322.0,17899500,5544471,26313760,154,3782,603,4385,4116,2,4,26,86,0.938654503990878,0.06134549600912198,0.8624857468643101,3995.5338,5.0,五星級,1
2026,2,花蓮縣,瑞穗天合國際觀光酒店,198.0,3311,59.72,13166.0,43591964,5725919,51039787,201,9035,1469,10504,10186,0,0,4,18,0.9697258187357197,0.030274181264280275,0.8601485148514851,7862.7352,5.0,五星級,1
2026,2,花蓮縣,美侖大飯店,299.0,4496,53.7,3629.0,16315081,10438546,28320265,188,10270,1714,11984,11636,12,75,23,37,0.9709612817089452,0.029038718291054755,0.8569759679572764,1948.7730000000001,5.0,五星級,1
2026,2,花蓮縣,遠雄悅來大飯店,381.0,5019,47.05,6359.0,31914135,23924806,62145363,319,12193,1431,13624,13438,5,26,4,19,0.9863476218438051,0.013652378156194911,0.8949647680563712,2991.9094999999998,5.0,五星級,1
2026,2,苗栗縣,馥藝金鬱金香酒店,191.0,3375,63.11,3728.0,12581868,5730532,18857146,84,7749,571,8320,7912,246,9,46,22,0.9509615384615384,0.049038461538461586,0.9313701923076924,2352.7408,3.0,三星級,1
2026,2,金門縣,陸島酒店,47.0,344,26.14,1609.0,553381,58080,615456,12,246,480,726,157,0,0,0,0,0.2162534435261708,0.7837465564738292,0.33884297520661155,420.5926,,無星等/未評鑑,0
2026,2,高雄市,寒軒國際大飯店,371.0,6534,62.9,3287.0,21476392,25013818,47936810,220,8325,978,9303,7447,650,272,114,121,0.8004944641513491,0.19950553584865094,0.8948726217349242,2067.5229999999997,5.0,五星級,1
2026,2,高雄市,漢來大飯店,535.0,10202,68.1,4789.0,48856651,102723264,215626702,877,15306,4028,19334,13940,883,2208,150,971,0.7210096203579187,0.2789903796420813,0.7916623564704666,3261.3089999999997,5.0,五星級,1
2026,2,高雄市,然一酒店,147.0,1934,46.99,6870.0,13287044,13629275,30891581,213,3178,141,3319,2519,82,35,107,348,0.7589635432359144,0.24103645676408558,0.9575173244953299,3228.2129999999997,,無星等/未評鑑,0
2026,2,高雄市,福容大飯店 高雄,250.0,4310,61.57,3936.0,16963129,7982240,24965144,89,7678,1623,9301,8591,102,317,125,20,0.9236641221374046,0.07633587786259544,0.8255026341253628,2423.3952,3.0,三星級,1
2026,2,高雄市,義大皇家酒店,656.0,10184,55.44,3761.0,38301869,29816729,71485482,403,17458,8130,25588,23044,0,2057,133,37,0.9005783961231827,0.09942160387681731,0.6822729404408316,2085.0984,4.0,四星級,1
2026,2,高雄市,高雄圓山大飯店,105.0,1816,61.77,4148.0,7533059,20395245,30082119,127,696,4048,4744,3896,255,63,58,33,0.821247892074199,0.17875210792580098,0.1467116357504216,2562.2196000000004,5.0,五星級,1
2026,2,高雄市,高雄福華大飯店,271.0,5424,71.48,3773.0,20463054,41666711,66386856,314,9107,1317,10424,5035,2174,632,996,618,0.4830199539524175,0.5169800460475825,0.8736569455103607,2696.9404000000004,5.0,五星級,1
2026,2,高雄市,高雄萬豪酒店,700.0,11693,59.660000000000004,6588.0,77035049,113166982,209771580,742,16698,5780,22478,15158,207,698,491,2616,0.67434825162381,0.32565174837619004,0.7428596850253582,3930.4008000000003,5.0,五星級,1
2026,2,高雄市,麗尊大酒店,188.0,3253,61.8,3019.0,9820807,17651300,28440722,194,6179,704,6883,5900,212,409,173,55,0.8571843672817085,0.14281563271829145,0.8977190178701148,1865.7419999999997,3.0,三星級,1
2026,3,南投縣,日月潭力麗溫德姆溫泉酒店,197.0,2437,39.91,6642.0,16186906,7425690,24891716,193,3263,2336,5599,4925,37,4,10,198,0.8796213609573138,0.1203786390426862,0.5827826397570994,2650.8221999999996,5.0,五星級,1
2026,3,南投縣,涵碧樓大飯店,96.0,2348,78.9,15597.0,36621195,7551904,49124102,287,3624,706,4330,3224,62,1,43,474,0.7445727482678984,0.25542725173210157,0.8369515011547344,12306.033000000001,5.0,五星級,1
2026,3,南投縣,漢來日月行館,93.0,1655,57.41,19477.0,32234902,18046287,51185064,207,3108,336,3444,3100,10,2,4,147,0.9001161440185831,0.09988385598141691,0.9024390243902439,11181.745699999998,,無星等/未評鑑,0
2026,3,南投縣,雲品溫泉酒店日月潭,207.0,3989,62.16,10520.0,41962505,17786314,65835131,313,6999,2462,9461,7409,134,11,76,1097,0.7831096078638622,0.2168903921361378,0.7397738082655111,6539.232,5.0,五星級,1
2026,3,台中市,全國大飯店,178.0,2966,53.75,2402.0,7125212,7679609,17038236,75,4108,1041,5149,3832,574,51,48,165,0.7442221790638959,0.2557778209361041,0.7978248203534667,1291.075,5.0,五星級,1
2026,3,台中市,台中港酒店,200.0,4692,75.68,3164.0,14843326,2902365,18880015,99,5491,671,6162,2801,505,104,31,96,0.4545602077247647,0.5454397922752353,0.8911067835118468,2394.5152000000003,3.0,三星級,1
2026,3,台中市,台中福華大飯店,155.0,4150,86.37,2856.0,11850457,20115109,35055386,200,6290,1058,7348,5109,444,247,56,403,0.6952912357103974,0.3047087642896026,0.8560152422427871,2466.7272,5.0,五星級,1
2026,3,台中市,台中金典酒店,222.0,5108,74.22,2767.0,14132020,24126329,49974591,246,4973,4638,9611,6993,941,282,244,279,0.7276037873270211,0.27239621267297887,0.5174279471438976,2053.6674,5.0,五星級,1
2026,3,台中市,裕元花園酒店,149.0,3624,78.46,3934.0,14256513,33517983,51446756,272,5288,340,5628,3384,211,293,116,337,0.6012793176972282,0.3987206823027718,0.9395877754086709,3086.6163999999994,5.0,五星級,1
2026,3,台中市,通豪大飯店,226.0,2458,35.08,1603.0,3939842,2790774,7262537,69,5147,59,5206,5104,9,10,12,6,0.9804072224356511,0.01959277756434885,0.9886669227814061,562.3324,3.0,三星級,1
2026,3,台中市,長榮桂冠酒店(台中),354.0,8533,77.76,2326.0,19848074,55132399,81235753,228,4941,3592,8533,5572,824,250,63,542,0.6529942575881871,0.3470057424118129,0.5790460564865815,1808.6976000000002,5.0,五星級,1
2026,3,台中市,龍谷大飯店,189.0,1071,18.28,2024.0,2168185,891543,3609695,35,690,1550,2240,2217,4,5,8,2,0.9897321428571428,0.010267857142857162,0.3080357142857143,369.98720000000003,,無星等/未評鑑,0
2026,3,台北市,JR東日本大飯店台北,288.0,7539,84.44,5933.0,44730694,29521540,81286345,273,13000,679,13679,2797,5303,584,1022,1186,0.20447401125813292,0.7955259887418671,0.9503618685576432,5009.825199999999,4.0,四星級,1
2026,3,台北市,三德大飯店,236.0,5572,76.16,2076.0,11567366,2825255,15204159,102,6697,2959,9656,1354,4557,648,994,259,0.14022369511184757,0.8597763048881524,0.6935584092792046,1581.0816,3.0,三星級,1
2026,3,台北市,亞都麗緻大飯店,219.0,5372,79.13,3972.0,21337211,16523640,42093655,202,9435,0,9435,1706,3456,884,407,700,0.18081611022787494,0.8191838897721251,1.0,3143.0436,4.0,四星級,1
2026,3,台北市,兄弟大飯店,250.0,5367,69.25,3986.0,21393748,52323741,79023129,450,4094,3081,7175,3142,1766,213,245,515,0.43790940766550523,0.5620905923344948,0.5705923344947735,2760.305,4.0,四星級,1
2026,3,台北市,北投老爺酒店,50.0,1343,86.65,5245.0,7044121,3638266,12468921,59,2493,203,2696,1866,60,49,324,101,0.6921364985163204,0.3078635014836796,0.9247032640949555,4544.7925000000005,4.0,四星級,1
2026,3,台北市,北投麗禧溫泉酒店,66.0,1327,64.86,14539.0,19292687,8582267,35754127,138,2457,27,2484,1064,98,135,340,332,0.428341384863124,0.571658615136876,0.9891304347826086,9429.9954,4.0,四星級,1
2026,3,台北市,台北W飯店,405.0,11465,91.32,9590.0,109950304,58980489,189704171,392,16082,1537,17619,3095,992,283,1223,6766,0.17566263692604575,0.8243373630739542,0.9127646290935921,8757.588,5.0,五星級,1
2026,3,台北市,台北中山雅樂軒酒店,88.0,2525,92.56,4973.0,12555726,519455,14511003,34,3813,0,3813,382,552,51,358,1179,0.1001835824809861,0.8998164175190139,1.0,4603.0088,,無星等/未評鑑,0
2026,3,台北市,台北凱撒大飯店,478.0,14474,97.68,3469.0,50205417,27605313,80420476,154,17762,9409,27171,2946,14896,1769,1627,1593,0.10842442309815613,0.8915755769018439,0.65371167789187,3388.5192000000006,4.0,四星級,1
2026,3,台北市,台北君品大酒店,286.0,7051,79.53,4784.0,33730240,41654111,81627321,273,13492,317,13809,1480,3917,1158,847,1972,0.10717647910782822,0.8928235208921718,0.9770439568397422,3804.7152,5.0,五星級,1
2026,3,台北市,台北君悅酒店,850.0,21892,83.08,6364.0,139331633,126062618,297081191,555,23650,12182,35832,9483,2640,3157,971,13268,0.2646517079705291,0.7353482920294709,0.6600245590533601,5287.2112,5.0,五星級,1
2026,3,台北市,台北寒舍喜來登大飯店,688.0,16614,77.9,5610.0,93199454,139893336,259119650,793,20512,5426,25938,3931,6105,929,709,6935,0.15155370498881948,0.8484462950111805,0.7908088518775541,4370.1900000000005,5.0,五星級,1
2026,3,台北市,台北寒舍艾美酒店,160.0,4453,89.78,10390.0,46268059,82996991,143343491,334,5698,333,6031,1129,292,181,576,1912,0.18719946940805837,0.8128005305919417,0.9447852760736196,9328.142,5.0,五星級,1
2026,3,台北市,台北漢來大飯店,424.0,8293,63.09,5027.0,41687539,107906835,169603735,432,12156,3131,15287,10652,351,439,559,566,0.6968012036370772,0.3031987963629228,0.7951854516909793,3171.5343,5.0,五星級,1
2026,3,台北市,台北美福大飯店,146.0,3209,70.9,7026.0,22547482,71724602,101757779,347,4616,713,5329,2255,392,450,164,894,0.42315631450553576,0.5768436854944643,0.8662037905798461,4981.434,6.0,卓越五星,1
2026,3,台北市,台北艾麗酒店,235.0,6323,86.79,6909.0,43685841,24339946,75114517,177,7757,648,8405,1644,168,330,927,1571,0.19559785841760857,0.8044021415823914,0.9229030339083879,5996.3211,5.0,五星級,1
2026,3,台北市,台北花園大酒店,241.0,6952,93.05,2680.0,18630888,24746469,53104846,150,13008,15,13023,768,933,6701,1016,817,0.0589725869615296,0.9410274130384704,0.9988481916609077,2493.74,4.0,四星級,1
2026,3,台北市,台北萬豪酒店,318.0,9512,96.49,6348.0,60385570,87570459,186711234,532,10639,1803,12442,2004,577,2119,288,4361,0.16106735251567272,0.8389326474843273,0.8550876064941327,6125.1852,5.0,五星級,1
2026,3,台北市,台北遠東香格里拉,420.0,10706,82.23,7165.0,76703551,64655585,159755447,469,14981,2438,17419,2436,1122,485,821,6626,0.13984729318560193,0.860152706814398,0.8600378896607153,5891.779500000001,5.0,五星級,1
2026,3,台北市,國王大飯店,97.0,2489,82.77,1713.0,4262549,1145347,5422086,54,747,1742,2489,67,2385,7,0,9,0.02691844114102049,0.9730815588589795,0.30012053033346725,1417.8500999999999,3.0,三星級,1
2026,3,台北市,國聯大飯店,220.0,2930,42.96,3786.0,11092337,411026,11887024,119,4064,884,4948,2978,500,204,187,147,0.6018593371059013,0.39814066289409866,0.8213419563459984,1626.4656,4.0,四星級,1
2026,3,台北市,圓山大飯店,473.0,11008,75.07,4623.0,50887466,68684438,132959818,528,10330,10766,21096,6633,7888,1342,408,1765,0.314419795221843,0.685580204778157,0.4896662874478574,3470.4861,5.0,五星級,1
2026,3,台北市,天成大飯店,226.0,6616,94.43,3425.0,22662519,46732190,74544531,513,10647,620,11267,2350,4523,877,460,878,0.2085737108369575,0.7914262891630425,0.9449720422472708,3234.2275,4.0,四星級,1
2026,3,台北市,日勝生加賀屋國際溫泉飯店,89.0,962,34.87,10211.0,9822889,5600477,20932098,124,223,1801,2024,1465,104,16,192,86,0.7238142292490118,0.27618577075098816,0.11017786561264822,3560.5756999999994,,無星等/未評鑑,0
2026,3,台北市,晶華酒店,538.0,14269,85.56,6570.0,93749953,199439250,322909581,892,22499,3534,26033,5932,8126,2157,678,4720,0.22786463334997886,0.7721353666500211,0.8642492221411285,5621.292,5.0,五星級,1
2026,3,台北市,歐華酒店,112.0,1920,55.3,3610.0,6931011,5889032,14243667,105,2073,1156,3229,456,1064,115,128,276,0.14122019200991018,0.8587798079900898,0.6419944255187364,1996.33,4.0,四星級,1
2026,3,台北市,漢普頓酒店,127.0,3504,89.0,3281.0,11498085,6068582,19304652,62,4548,1859,6407,2050,1594,1447,198,439,0.31996254097081317,0.6800374590291869,0.7098486030903699,2920.09,,無星等/未評鑑,0
2026,3,台北市,福容大飯店  台北一館,120.0,2704,72.69,3267.0,8834595,9140908,18960418,79,3499,350,3849,2197,144,196,114,323,0.5707976097687711,0.42920239023122886,0.9090672902052481,2374.7823,4.0,四星級,1
2026,3,台北市,福華大飯店,606.0,8309,44.23,4728.0,39288656,16887682,79672942,308,13812,854,14666,3944,1649,1280,273,3384,0.26892131460520935,0.7310786853947906,0.9417700804582027,2091.1944,5.0,五星級,1
2026,3,台北市,第一大飯店,176.0,3100,56.82000000000001,1927.0,5973283,2913055,31604026,39,355,5029,5384,724,3244,139,83,96,0.13447251114413075,0.8655274888558693,0.06593610698365528,1094.9214000000002,4.0,四星級,1
2026,3,台北市,美麗信花園酒店,207.0,6230,97.09,2647.0,16491788,6108253,31772170,75,11837,1029,12866,1628,4404,1116,529,1638,0.12653505362972176,0.8734649463702783,0.9200217627856365,2569.9723,,無星等/未評鑑,0
2026,3,台北市,義華酒店,149.0,3440,74.47,3810.0,13105674,202548,14840381,18,3847,528,4375,908,106,277,121,1965,0.20754285714285714,0.7924571428571429,0.8793142857142857,2837.3070000000002,,無星等/未評鑑,0
2026,3,台北市,老爺大酒店,202.0,5813,92.83,5708.0,33180725,26663876,67202680,229,9309,267,9576,1403,6281,85,217,540,0.1465121136173768,0.8534878863826232,0.9721177944862155,5298.7364,5.0,五星級,1
2026,3,台北市,豪景大酒店,209.0,4569,70.52,2352.0,10746705,57290,11003196,46,5872,4281,10153,1124,2321,1434,826,272,0.11070619521323746,0.8892938047867626,0.5783512262385502,1658.6303999999998,3.0,三星級,1
2026,3,台北市,雀客旅館台北南京,56.0,1614,92.97,2883.0,4653445,0,4653445,7,3220,18,3238,3125,18,16,10,0,0.9651019147621989,0.034898085237801135,0.9944410129709698,2680.3251,,無星等/未評鑑,0
2026,3,台北市,雀客藏居台北陽明山,50.0,935,60.31999999999999,2679.0,2504931,1529663,4792287,20,1496,374,1870,1730,25,0,15,20,0.9251336898395722,0.07486631016042777,0.8,1615.9727999999998,3.0,三星級,1
2026,3,台南市,台南大員皇冠假日酒店,230.0,3837,53.81,3944.0,15133202,16982649,35689596,222,5381,2309,7690,6709,41,48,46,323,0.8724317295188556,0.12756827048114439,0.699739921976593,2122.2664,5.0,五星級,1
2026,3,台南市,台南大飯店,152.0,3470,73.64,2275.0,7895705,8962461,17696245,116,4984,1136,6120,2829,1278,206,206,155,0.46225490196078434,0.5377450980392157,0.8143790849673203,1675.31,3.0,三星級,1
2026,3,台南市,台南遠東香格里拉,336.0,7941,76.24,3957.0,31426242,21262444,58898459,368,10349,1333,11682,4877,968,660,238,1637,0.4174798835815785,0.5825201164184215,0.8858928265707927,3016.8168,5.0,五星級,1
2026,3,台南市,台糖長榮酒店(台南),197.0,4246,69.53,2683.0,11390116,18180695,31020784,150,6396,1682,8078,7123,406,15,37,120,0.8817776677395395,0.11822233226046053,0.791780143599901,1865.4898999999998,5.0,五星級,1
2026,3,台南市,趣淘漫旅,159.0,4100,83.18,2411.0,9885697,2997334,14325882,96,4799,6616,11415,11409,0,0,0,0,0.9994743758212877,0.0005256241787122695,0.42041173893999123,2005.4698,3.0,三星級,1
2026,3,台南市,遠百企業觀光旅館,40.0,140,11.29,530.0,74200,0,74200,23,140,0,140,140,0,0,0,0,1.0,0.0,1.0,59.836999999999996,,無星等/未評鑑,0
2026,3,台東縣,台東桂田喜來登酒店,290.0,4688,52.15,3373.0,15811186,15805425,32698242,170,4894,4781,9675,8941,36,15,42,440,0.9241343669250646,0.07586563307493543,0.5058397932816537,1759.0194999999999,5.0,五星級,1
2026,3,台東縣,娜路彎大酒店,292.0,4882,53.93,4997.0,24394073,15880661,42759946,174,8993,467,9460,7847,0,0,5,124,0.829492600422833,0.17050739957716698,0.9506342494714588,2694.8821000000003,5.0,五星級,1
2026,3,台東縣,樂樂日暉溫泉酒店,48.0,209,14.05,2602.0,543875,0,543875,9,422,0,422,422,0,0,0,0,1.0,0.0,1.0,365.58099999999996,,無星等/未評鑑,0
2026,3,台東縣,知本老爺大酒店,182.0,0,0.0,0.0,0,338560,845214,180,0,0,0,0,0,0,0,0,,,,0.0,5.0,五星級,1
2026,3,嘉義市,耐斯王子大飯店,245.0,5024,66.15,2321.0,11660812,12273857,30070953,103,3587,7014,10601,9908,352,14,2,116,0.9346288086029619,0.06537119139703806,0.3383643052542213,1535.3415000000002,5.0,五星級,1
2026,3,嘉義市,鈺通大飯店,120.0,2397,64.44,1870.0,4481708,6187905,10695329,62,1210,3755,4965,4877,16,0,8,0,0.9822759315206445,0.01772406847935548,0.24370594159113795,1205.028,3.0,三星級,1
2026,3,嘉義縣,名都觀光渡假大飯店,97.0,743,24.71,1628.0,1209274,1032018,2266197,40,264,1279,1543,1543,0,0,0,0,1.0,0.0,0.1710952689565781,402.27880000000005,3.0,三星級,1
2026,3,嘉義縣,阿里山賓館(歷史館),35.0,564,51.97999999999999,12867.0,7257033,0,7257033,11,625,267,892,657,20,3,12,94,0.7365470852017937,0.2634529147982063,0.7006726457399103,6688.266599999999,4.0,四星級,1
2026,3,嘉義縣,阿里山賓館(現代館),111.0,1627,47.28,14663.0,23857029,8511145,32872766,113,3046,1306,4352,3205,95,12,59,456,0.7364430147058824,0.26355698529411764,0.6999080882352942,6932.6664,4.0,四星級,1
2026,3,基隆市,長榮桂冠酒店(基隆),140.0,3752,86.45,3021.0,11335715,6241468,20977342,88,3538,4140,7678,6927,174,48,71,63,0.9021880698098463,0.09781193019015366,0.46079708257358687,2611.6545,5.0,五星級,1
2026,3,宜蘭縣,凱渡廣場酒店,285.0,2163,24.48,5449.0,11787261,12225924,26010745,142,1955,2942,4897,4831,0,0,4,32,0.9865223606289565,0.013477639371043515,0.3992240147028793,1333.9152,,無星等/未評鑑,0
2026,3,宜蘭縣,山泉大飯店,146.0,3246,71.72,2042.0,6627491,1492724,8547594,40,1912,3550,5462,5158,0,0,105,0,0.9443427316001465,0.05565726839985352,0.3500549249359209,1464.5223999999998,3.0,三星級,1
2026,3,宜蘭縣,幼獅大飯店,52.0,166,10.3,1742.0,289230,0,300760,8,83,121,204,204,0,0,0,0,1.0,0.0,0.4068627450980392,179.42600000000002,3.0,三星級,1
2026,3,宜蘭縣,悅川酒店,103.0,2224,69.65,4893.0,10882516,5158543,16041059,92,2358,2583,4941,4868,0,0,18,16,0.9852256628212912,0.014774337178708796,0.4772313296903461,3407.9745000000003,4.0,四星級,1
2026,3,宜蘭縣,礁溪老爺酒店,197.0,4807,78.71,7809.0,37538507,25282025,73034428,312,9880,2199,12079,11449,10,28,185,238,0.9478433645169302,0.05215663548306981,0.8179485056709993,6146.463899999999,5.0,五星級,1
2026,3,宜蘭縣,礁溪麒麟酒店,167.0,3885,75.04,3207.0,12460630,96349,12556979,54,7190,936,8126,7648,30,76,150,40,0.9411764705882353,0.05882352941176472,0.8848141767167118,2406.5328000000004,,無星等/未評鑑,0
2026,3,宜蘭縣,紅羽莊園,44.0,0,0.0,0.0,0,0,0,2,0,0,0,0,0,0,0,0,,,,0.0,,無星等/未評鑑,0
2026,3,宜蘭縣,綠舞國際觀光飯店,113.0,920,26.26,4159.0,3825977,3485466,10754629,274,1489,992,2481,2479,0,0,2,0,0.9991938734381298,0.0008061265618701796,0.600161225312374,1092.1534000000001,4.0,四星級,1
2026,3,宜蘭縣,蘭城晶英酒店,193.0,1637,27.36,10851.0,17762962,22250292,44667634,334,5369,123,5492,4455,10,6,75,217,0.8111798980335033,0.18882010196649668,0.9776037873270211,2968.8336,5.0,五星級,1
2026,3,宜蘭縣,長榮鳳凰酒店(礁溪),231.0,4068,56.81,4275.0,17390256,20047225,42807065,219,7211,2694,9905,9440,17,12,41,109,0.9530540131246845,0.04694598687531548,0.7280161534578495,2428.6275,5.0,五星級,1
2026,3,屏東縣,凱撒大飯店,281.0,5401,62.0,4472.0,24151316,6857797,33271008,214,9737,2327,12064,10722,73,364,107,0,0.8887599469496021,0.11124005305039786,0.8071120689655172,2772.64,5.0,五星級,1
2026,3,屏東縣,墾丁怡灣渡假酒店,234.0,2351,32.41,2661.0,6256519,2020210,8720511,77,3581,1296,4877,4835,4,0,4,0,0.9913881484519171,0.00861185154808286,0.734262866516301,862.4300999999999,3.0,三星級,1
2026,3,屏東縣,墾丁福華渡假飯店,458.0,6406,45.12,2538.0,16258997,9809016,26860170,221,4905,11676,16581,15184,205,57,142,305,0.9157469392678367,0.08425306073216332,0.2958205174597431,1145.1456,5.0,五星級,1
2026,3,新北市,八里福朋喜來登酒店,241.0,2261,30.260000000000005,3584.0,8103694,13142295,21289151,144,1930,3019,4949,4399,123,17,21,192,0.8888664376641746,0.11113356233582539,0.38997777328753286,1084.5184000000002,3.0,三星級,1
2026,3,新北市,大板根渡假酒店,95.0,2217,75.28,5663.0,12555576,12709993,38062117,208,2507,4144,6651,6504,18,18,18,27,0.9778980604420388,0.022101939557961248,0.37693579912795067,4263.106400000001,4.0,四星級,1
2026,3,新北市,板橋凱撒大飯店,400.0,11443,92.28,4399.0,50341325,58080634,108753175,142,17742,4740,22482,7105,1915,4102,2062,1287,0.31603060225958546,0.6839693977404145,0.7891646650653856,4059.3972000000003,5.0,五星級,1
2026,3,新北市,瓏山林台北中和飯店,126.0,2466,63.129999999999995,2406.0,5932949,3234625,9809441,76,3691,1162,4853,2388,100,871,80,174,0.49206676282711725,0.5079332371728827,0.7605604780548114,1518.9078,3.0,三星級,1
2026,3,新北市,碧特弗大飯店,55.0,234,13.720000000000002,2619.0,612826,9960,622786,18,143,232,375,355,0,4,0,5,0.9466666666666667,0.053333333333333344,0.38133333333333336,359.32680000000005,,無星等/未評鑑,0
2026,3,新北市,福容大飯店    淡水漁人碼頭,198.0,3952,64.39,4610.0,18217710,21886621,42928503,137,2209,7940,10149,9732,5,4,26,304,0.9589122080993201,0.041087791900679904,0.21765691201103557,2968.3790000000004,4.0,四星級,1
2026,3,新北市,福容大飯店 福隆,174.0,1606,29.770000000000003,3978.0,6387867,5135521,11717482,106,962,2877,3839,3764,9,0,0,0,0.9804636624120865,0.01953633758791351,0.2505860901276374,1184.2506,3.0,三星級,1
2026,3,新北市,美麗春天大飯店,34.0,18,1.71,2250.0,40507,0,40507,4,36,0,36,36,0,0,0,0,1.0,0.0,1.0,38.475,,無星等/未評鑑,0
2026,3,新竹市,新竹國賓大飯店,257.0,5813,72.96,3574.0,20773163,33849831,61824309,281,6862,633,7495,2747,505,1045,23,707,0.3665110073382255,0.6334889926617745,0.9155436957971982,2607.5903999999996,4.0,四星級,1
2026,3,新竹市,新竹老爺大酒店,208.0,5118,79.37,3388.0,17341662,16422327,35485532,161,5418,1255,6673,3434,671,91,13,920,0.5146111194365353,0.48538888056346474,0.8119286677656227,2689.0556,4.0,四星級,1
2026,3,新竹縣,新竹喜來登大飯店,386.0,10574,88.37,3708.0,39204263,48545587,99629115,318,10270,3115,13385,6304,358,546,136,3106,0.4709749719835637,0.5290250280164364,0.7672768023907359,3276.7596000000003,4.0,四星級,1
2026,3,新竹縣,豐邑喜來登大飯店,384.0,7049,59.21999999999999,3708.0,26136175,2764071,31623256,110,6846,2076,8922,4202,238,364,91,2070,0.4709706343869088,0.5290293656130912,0.7673167451244116,2195.8776,4.0,四星級,1
2026,3,桃園市,南方莊園渡假飯店,111.0,1197,34.79,5220.0,6248345,12426957,20807482,96,1204,1435,2639,2635,0,0,4,0,0.9984842743463433,0.0015157256536566521,0.4562334217506631,1816.0379999999998,4.0,四星級,1
2026,3,桃園市,古華花園飯店,255.0,7086,89.64,2456.0,17404932,2968694,21092233,136,10338,506,10844,5864,728,220,262,510,0.5407598672076724,0.45924013279232756,0.9533382515676871,2201.5584,3.0,三星級,1
2026,3,桃園市,名人堂花園大飯店,128.0,1168,29.439999999999998,5081.0,5934556,9380155,18681151,180,2061,1053,3114,2859,12,1,43,19,0.918111753371869,0.08188824662813099,0.661849710982659,1495.8464,,無星等/未評鑑,0
2026,3,桃園市,和逸飯店桃園青埔館,218.0,5424,80.26,4277.0,23199599,0,26377454,107,9112,1950,11062,6906,415,166,307,726,0.6242994033628638,0.3757005966371362,0.8237208461399386,3432.7202,4.0,四星級,1
2026,3,桃園市,尊爵大飯店,218.0,4967,73.5,2613.0,12979267,9067841,22922110,117,3278,4640,7918,1518,738,1290,81,274,0.19171507956554684,0.8082849204344531,0.4139934326850215,1920.555,3.0,三星級,1
2026,3,桃園市,尊爵天際大飯店,250.0,6825,88.06,2592.0,17692340,3529238,21386740,82,3076,5741,8817,522,244,12,0,154,0.05920381082000681,0.9407961891799932,0.34887149824203245,2282.5152000000003,3.0,三星級,1
2026,3,桃園市,桃園喜來登酒店,189.0,4158,70.97,3171.0,13185859,13020119,28417885,158,4486,2312,6798,3935,215,80,53,1509,0.5788467196234186,0.4211532803765814,0.6598999705795823,2250.4587,4.0,四星級,1
2026,3,桃園市,桃園國際機場凱悅酒店,476.0,10489,71.08,3942.0,41344198,27250711,74766503,264,14911,916,15827,5012,1147,655,225,3689,0.31667403803626715,0.6833259619637329,0.9421242181082959,2801.9736,,無星等/未評鑑,0
2026,3,桃園市,福容大飯店   桃園,182.0,4402,78.02,2246.0,9887765,6839042,16726807,63,3407,860,4267,2178,537,333,9,217,0.5104288727443168,0.4895711272556832,0.7984532458401687,1752.3292,3.0,三星級,1
2026,3,桃園市,福容徠旅 林口,149.0,4454,96.43,2826.0,12586099,0,12593720,27,7408,630,8038,5388,651,95,50,50,0.6703159990047275,0.3296840009952725,0.9216222941030107,2725.1118,,無星等/未評鑑,0
2026,3,澎湖縣,寶華大飯店,74.0,274,11.94,1236.0,338768,0,340768,16,318,272,590,551,0,36,2,0,0.9338983050847458,0.0661016949152542,0.5389830508474577,147.5784,,無星等/未評鑑,0
2026,3,澎湖縣,澎湖福朋喜來登酒店,331.0,6417,62.53999999999999,1821.0,11688057,18784687,33251162,194,4240,9184,13424,13002,8,0,36,221,0.9685637663885578,0.03143623361144221,0.31585220500595945,1138.8533999999997,5.0,五星級,1
2026,3,花蓮縣,太魯閣晶英酒店,160.0,1730,34.88,7314.0,12652550,5021200,20113335,156,2003,2000,4003,3379,8,31,6,238,0.8441169123157631,0.15588308768423687,0.5003747189607795,2551.1232,5.0,五星級,1
2026,3,花蓮縣,瑞穗天合國際觀光酒店,198.0,2311,37.65,8414.0,19445277,3147729,23471916,192,3093,2791,5884,5495,0,0,4,34,0.9338885112168592,0.06611148878314077,0.5256628144119646,3167.8709999999996,5.0,五星級,1
2026,3,花蓮縣,美侖大飯店,299.0,3784,40.82,2515.0,9517878,5392561,15934108,179,5678,2544,8222,7594,4,102,12,115,0.9236195572853321,0.07638044271466793,0.690586232060326,1026.623,5.0,五星級,1
2026,3,花蓮縣,遠雄悅來大飯店,381.0,3550,30.06,3780.0,13419816,11149710,27875643,315,5979,2460,8439,8221,19,14,8,75,0.974167555397559,0.02583244460244105,0.7084962673302524,1136.2679999999998,5.0,五星級,1
2026,3,苗栗縣,馥藝金鬱金香酒店,191.0,3558,60.089999999999996,2409.0,8569930,5576491,14557646,86,4120,2629,6749,6116,418,2,38,68,0.9062083271595792,0.09379167284042078,0.610460809008742,1447.5681,3.0,三星級,1
2026,3,金門縣,陸島酒店,47.0,522,35.83,1400.0,731021,81840,819911,14,169,854,1023,569,0,0,57,0,0.5562072336265884,0.4437927663734116,0.1652003910068426,501.62,,無星等/未評鑑,0
2026,3,高雄市,寒軒國際大飯店,371.0,8771,76.26,2190.0,19205939,16751801,36742056,224,6046,938,6984,4024,1236,293,149,312,0.5761741122565864,0.42382588774341357,0.8656930126002291,1670.0940000000003,5.0,五星級,1
2026,3,高雄市,漢來大飯店,535.0,10920,65.84,3872.0,42283351,78751109,152393849,893,12913,4711,17624,9994,2124,863,294,1128,0.567067635043123,0.43293236495687704,0.7326940535633227,2549.3248000000003,5.0,五星級,1
2026,3,高雄市,然一酒店,147.0,2394,52.53,5863.0,14035414,11545616,29419959,217,3408,28,3436,2301,172,25,43,525,0.669674039580908,0.330325960419092,0.9918509895227008,3079.8339,,無星等/未評鑑,0
2026,3,高雄市,福容大飯店 高雄,250.0,3955,51.03,2719.0,10754761,4455662,15221019,90,4166,3455,7621,6620,415,245,95,56,0.868652407820496,0.13134759217950398,0.5466474215982154,1387.5057000000002,3.0,三星級,1
2026,3,高雄市,義大皇家酒店,656.0,8288,40.76,2759.0,22864888,17477378,42940001,408,6674,14415,21089,19162,37,972,74,44,0.9086253497083788,0.09137465029162117,0.3164683010100052,1124.5683999999999,4.0,四星級,1
2026,3,高雄市,高雄圓山大飯店,107.0,2161,65.15,2918.0,6305999,14147880,21936085,124,2401,2106,4507,3114,872,58,43,119,0.6909252274240071,0.3090747725759929,0.5327268693143998,1901.0770000000002,5.0,五星級,1
2026,3,高雄市,高雄福華大飯店,271.0,6875,81.84,2612.0,17959498,27990082,50561557,309,9072,1936,11008,4566,3616,288,995,134,0.4147892441860465,0.5852107558139534,0.8241279069767442,2137.6608,5.0,五星級,1
2026,3,高雄市,高雄萬豪酒店,700.0,13401,61.75999999999999,5192.0,69580641,96850052,187080955,723,17538,4376,21914,11801,778,647,580,3928,0.5385141918408324,0.4614858081591676,0.8003103039153053,3206.579199999999,5.0,五星級,1
2026,3,高雄市,麗尊大酒店,188.0,3473,59.589999999999996,2300.0,7987900,12735265,21336984,194,5064,1154,6218,4737,406,340,44,172,0.7618205210678675,0.23817947893213254,0.8144097780636861,1370.57,3.0,三星級,1
2026,4,南投縣,日月潭力麗溫德姆溫泉酒店,197.0,2517,42.59,7499.0,18875510,7501722,27645176,189,3811,2026,5837,5186,4,2,73,203,0.8884701045057393,0.11152989549426073,0.6529038889840671,3193.8241000000003,5.0,五星級,1
2026,4,南投縣,涵碧樓大飯店,96.0,2170,75.35,15902.0,34508413,8065405,47319482,282,3536,706,4242,3138,62,12,40,426,0.7397454031117398,0.26025459688826025,0.8335690711928335,11982.157,5.0,五星級,1
2026,4,南投縣,漢來日月行館,93.0,1686,60.42999999999999,20448.0,34474827,17482645,52615406,209,3317,236,3553,3223,28,6,55,75,0.9071207430340558,0.09287925696594423,0.933577258654658,12356.7264,,無星等/未評鑑,0
2026,4,南投縣,雲品溫泉酒店日月潭,207.0,4120,66.34,10768.0,44363822,19630672,70489522,317,8204,2235,10439,8143,94,21,156,1214,0.7800555608774787,0.21994443912252126,0.785899032474375,7143.4912,5.0,五星級,1
2026,4,台中市,全國大飯店,178.0,2754,51.57000000000001,2589.0,7131482,4354214,13622613,71,4204,647,4851,3724,384,49,30,90,0.7676767676767676,0.23232323232323238,0.8666254380540095,1335.1473,5.0,五星級,1
2026,4,台中市,台中港酒店,200.0,5084,84.73,3187.0,16204016,3028671,20536094,99,6537,1053,7590,4383,350,61,99,54,0.5774703557312253,0.4225296442687747,0.8612648221343874,2700.3451,3.0,三星級,1
2026,4,台中市,台中福華大飯店,155.0,4090,87.96,3051.0,12480208,13723344,29048916,197,7026,864,7890,5688,445,238,107,205,0.7209125475285171,0.2790874524714829,0.8904942965779468,2683.6595999999995,5.0,五星級,1
2026,4,台中市,台中金典酒店,222.0,4981,74.79,3040.0,15142700,17772054,45350070,242,5486,4120,9606,7488,727,250,124,323,0.7795128044971893,0.2204871955028107,0.5711013949614824,2273.616,5.0,五星級,1
2026,4,台中市,裕元花園酒店,149.0,3440,76.96,4103.0,14112676,29374200,47249889,262,5176,674,5850,4376,104,179,103,220,0.7480341880341881,0.2519658119658119,0.8847863247863248,3157.6687999999995,5.0,五星級,1
2026,4,台中市,通豪大飯店,226.0,2571,37.92,1892.0,4863663,2694014,8051426,62,5210,59,5269,5224,1,4,5,4,0.9914594799772253,0.008540520022774722,0.9888024293034732,717.4464,3.0,三星級,1
2026,4,台中市,長榮桂冠酒店(台中),354.0,8266,77.83,2430.0,20089034,21880107,47751464,229,4893,3373,8266,6032,754,177,94,315,0.7297362690539559,0.27026373094604406,0.5919428986208565,1891.269,5.0,五星級,1
2026,4,台中市,龍谷大飯店,189.0,1319,23.26,1767.0,2330406,1085658,3887462,33,644,2065,2709,2692,0,2,6,0,0.9937246216315984,0.006275378368401641,0.23772609819121446,411.0042000000001,,無星等/未評鑑,0
2026,4,台北市,JR東日本大飯店台北,288.0,7238,83.77,5685.0,41145094,24668232,70846935,270,12861,404,13265,3187,3691,647,1668,1513,0.2402563136072371,0.7597436863927629,0.9695439125518281,4762.3245,4.0,四星級,1
2026,4,台北市,三德大飯店,240.0,4477,62.18,2084.0,9331711,1724749,11764103,92,6484,1360,7844,1679,1815,546,1294,216,0.21404895461499235,0.7859510453850076,0.8266190719020907,1295.8311999999999,3.0,三星級,1
2026,4,台北市,亞都麗緻大飯店,219.0,4485,68.26,3778.0,16944877,13387100,33748141,200,8160,0,8160,1579,1813,1228,540,726,0.19350490196078432,0.8064950980392157,1.0,2578.8628000000003,4.0,四星級,1
2026,4,台北市,兄弟大飯店,250.0,4706,62.74999999999999,4013.0,18884669,44959232,68606716,450,4210,2789,6999,2790,1170,271,338,570,0.39862837548221175,0.6013716245177883,0.6015145020717245,2518.1575,4.0,四星級,1
2026,4,台北市,北投老爺酒店,50.0,1146,76.4,5356.0,6137832,3192582,10600843,55,2183,136,2319,1626,34,37,292,128,0.7011642949547219,0.2988357050452781,0.9413540319103062,4091.9840000000004,4.0,四星級,1
2026,4,台北市,北投麗禧溫泉酒店,66.0,1129,57.02,14918.0,16842154,6973001,29514164,138,2136,16,2152,1017,82,87,298,223,0.4725836431226766,0.5274163568773234,0.9925650557620818,8506.243600000002,4.0,四星級,1
2026,4,台北市,台北W飯店,405.0,10507,86.48,9416.0,98938389,39447260,155650727,389,15838,1214,17052,3097,705,219,1207,7052,0.18162092423176168,0.8183790757682383,0.928806005160685,8142.956800000001,5.0,五星級,1
2026,4,台北市,台北中山雅樂軒酒店,88.0,2310,87.5,4822.0,11139260,363403,12782651,40,3546,0,3546,504,535,55,472,918,0.14213197969543148,0.8578680203045685,1.0,4219.25,,無星等/未評鑑,0
2026,4,台北市,台北凱撒大飯店,478.0,13516,94.25,3269.0,44187391,16947195,63630539,160,18181,6778,24959,4143,9719,1419,2415,1691,0.1659922272526944,0.8340077727473056,0.7284346327977884,3081.0325,4.0,四星級,1
2026,4,台北市,台北君品大酒店,286.0,7066,82.35,4653.0,32875610,38602058,77716755,280,13196,630,13826,1901,2025,1044,1403,2867,0.13749457543758137,0.8625054245624186,0.9544336756834949,3831.7455,5.0,五星級,1
2026,4,台北市,台北君悅酒店,850.0,21250,83.33,6105.0,129739073,86795565,245365086,559,30936,6073,37009,8827,941,2221,755,17549,0.2385095517306601,0.7614904482693399,0.8359047799183982,5087.2964999999995,5.0,五星級,1
2026,4,台北市,台北寒舍喜來登大飯店,688.0,15366,74.45,5290.0,81281006,113394316,216668698,798,19333,3949,23282,4193,2792,979,999,7761,0.18009621166566447,0.8199037883343355,0.8303839876299287,3938.405,5.0,五星級,1
2026,4,台北市,台北寒舍艾美酒店,160.0,4249,88.52,9826.0,41749583,59344481,112379712,329,6032,41,6073,1518,253,45,652,1949,0.24995883418409354,0.7500411658159065,0.9932488061913387,8697.9752,5.0,五星級,1
2026,4,台北市,台北漢來大飯店,424.0,8005,62.93,4856.0,38874809,83441128,139246609,445,12360,2233,14593,10195,269,314,758,1014,0.6986226272870555,0.3013773727129445,0.8469814294524772,3055.8808000000004,5.0,五星級,1
2026,4,台北市,台北美福大飯店,146.0,2899,66.19,6807.0,19734109,54647092,80791864,343,4221,396,4617,2274,156,334,212,934,0.49252761533463285,0.5074723846653671,0.9142300194931774,4505.5533,6.0,卓越五星,1
2026,4,台北市,台北艾麗酒店,235.0,5805,82.34,6646.0,38578835,19937875,64614357,172,7213,928,8141,1833,203,202,902,1614,0.22515661466650289,0.7748433853334971,0.8860090897924088,5472.3164,5.0,五星級,1
2026,4,台北市,台北花園大酒店,241.0,6370,88.11,2593.0,16517236,17171570,42456882,141,11689,10,11699,862,393,5511,1618,588,0.07368151124027694,0.9263184887597231,0.9991452260876998,2284.6923,4.0,四星級,1
2026,4,台北市,台北萬豪酒店,318.0,9013,94.48,6105.0,55027215,54198869,136225320,532,10074,1720,11794,1848,348,1520,440,5200,0.1566898422926912,0.8433101577073088,0.8541631337968458,5768.004,5.0,五星級,1
2026,4,台北市,台北遠東香格里拉,420.0,9788,77.68,6801.0,66565579,45809492,127593540,472,13416,2944,16360,2063,507,459,863,6929,0.12610024449877752,0.8738997555012225,0.8200488997555012,5283.0168,5.0,五星級,1
2026,4,台北市,國王大飯店,97.0,1748,60.07,1707.0,2984357,719772,3725790,54,525,1223,1748,153,1536,6,5,9,0.08752860411899313,0.9124713958810069,0.3003432494279176,1025.3949,3.0,三星級,1
2026,4,台北市,國聯大飯店,220.0,2956,44.79,3621.0,10703819,3760539,14931493,121,3807,1570,5377,3177,799,133,231,150,0.5908499163102101,0.4091500836897899,0.7080156220941045,1621.8459,4.0,四星級,1
2026,4,台北市,圓山大飯店,473.0,9776,68.89,4746.0,46395579,60666443,119220728,529,12108,6866,18974,7673,4517,363,443,1977,0.40439548856329716,0.5956045114367028,0.6381363971750816,3269.5194,5.0,五星級,1
2026,4,台北市,天成大飯店,226.0,6692,98.7,3202.0,21426340,42686039,68774745,297,13666,220,13886,2088,3030,2056,800,1860,0.15036727639348985,0.8496327236065102,0.9841567045945556,3160.3740000000003,4.0,四星級,1
2026,4,台北市,日勝生加賀屋國際溫泉飯店,89.0,859,32.17,14199.0,12197067,299750,13697455,127,1750,203,1953,1224,49,4,275,110,0.6267281105990783,0.3732718894009217,0.8960573476702509,4567.8183,,無星等/未評鑑,0
2026,4,台北市,晶華酒店,538.0,13612,84.34,5971.0,81276337,149366762,255792960,963,19864,3816,23680,7788,4966,1371,1090,4274,0.3288851351351351,0.6711148648648648,0.8388513513513514,5035.9414,5.0,五星級,1
2026,4,台北市,歐華酒店,112.0,1581,47.05,3683.0,5822669,4564196,11399094,105,1611,1261,2872,522,526,108,170,392,0.1817548746518106,0.8182451253481894,0.560933147632312,1732.8515,4.0,四星級,1
2026,4,台北市,漢普頓酒店,127.0,3014,79.11,3416.0,10294893,5759408,17693101,63,4433,1007,5440,1966,683,814,425,279,0.3613970588235294,0.6386029411764707,0.814889705882353,2702.3976000000002,,無星等/未評鑑,0
2026,4,台北市,福容大飯店  台北一館,120.0,2725,75.69,3232.0,8805973,8104305,17752582,61,3446,464,3910,2244,100,184,128,453,0.5739130434782609,0.4260869565217391,0.8813299232736573,2446.3008,4.0,四星級,1
2026,4,台北市,福華大飯店,606.0,4996,27.48,4479.0,22379231,4842856,35722847,303,8379,460,8839,2667,1035,755,318,1950,0.30173096504129426,0.6982690349587057,0.9479579137911528,1230.8292,5.0,五星級,1
2026,4,台北市,第一大飯店,176.0,2466,46.7,1851.0,4563699,2783017,30017709,41,369,3624,3993,1003,1182,200,86,179,0.25118958176809414,0.7488104182319059,0.09241172051089407,864.4170000000001,4.0,四星級,1
2026,4,台北市,美麗信花園酒店,207.0,6148,99.0,2383.0,14650003,6239644,29838491,76,12751,407,13158,2163,2325,1307,875,1717,0.16438668490652075,0.8356133150934792,0.9690682474540203,2359.17,,無星等/未評鑑,0
2026,4,台北市,義華酒店,149.0,2918,65.28,3715.0,10839278,233237,12311782,13,3440,367,3807,967,67,127,95,1579,0.25400577882847386,0.7459942211715261,0.903598634095088,2425.152,,無星等/未評鑑,0
2026,4,台北市,老爺大酒店,202.0,5473,90.31,5169.0,28288815,23469355,58023520,227,9026,163,9189,1277,5188,124,395,1037,0.13897050821634563,0.8610294917836544,0.9822613994994015,4668.1239000000005,5.0,五星級,1
2026,4,台北市,豪景大酒店,209.0,3701,59.03,2392.0,8851488,90800,9289299,47,4512,3696,8208,966,437,1489,572,215,0.11769005847953216,0.8823099415204678,0.5497076023391813,1411.9976000000001,3.0,三星級,1
2026,4,台北市,雀客旅館台北南京,56.0,1475,87.8,2726.0,4021258,0,4021258,7,3021,0,3021,2957,18,8,9,0,0.9788149619331348,0.021185038066865225,1.0,2393.428,,無星等/未評鑑,0
2026,4,台北市,雀客藏居台北陽明山,50.0,785,52.33,2750.0,2159009,2159009,5057349,22,1270,199,1469,1202,10,0,124,23,0.8182437031994554,0.18175629680054461,0.8645336963921034,1439.075,3.0,三星級,1
2026,4,台南市,台南大員皇冠假日酒店,230.0,4405,63.84000000000001,4186.0,18438742,13829274,35425801,218,6824,2510,9334,8040,47,26,82,353,0.8613670452110563,0.13863295478894366,0.7310906363831154,2672.3424000000005,5.0,五星級,1
2026,4,台南市,台南大飯店,152.0,3344,73.33,2486.0,8312207,7567113,16764528,111,5182,555,5737,3110,1100,73,200,221,0.5420951716925222,0.4579048283074778,0.9032595433153215,1822.9838,3.0,三星級,1
2026,4,台南市,台南遠東香格里拉,331.0,7776,78.31,4182.0,32518248,19674600,58409344,430,10739,1436,12175,5930,994,557,336,1339,0.48706365503080085,0.5129363449691992,0.882053388090349,3274.9242,5.0,五星級,1
2026,4,台南市,台糖長榮酒店(台南),197.0,4201,71.08,3041.0,12773915,15825031,29856267,143,7046,1830,8876,8078,268,110,48,136,0.9100946372239748,0.08990536277602523,0.7938260477692655,2161.5428,5.0,五星級,1
2026,4,台南市,趣淘漫旅,198.0,4007,67.46,2925.0,11719775,3601167,16548975,95,4293,6445,10738,10724,8,0,0,0,0.9986962190352021,0.0013037809647978849,0.3997951201341032,1973.2049999999997,3.0,三星級,1
2026,4,台南市,遠百企業觀光旅館,30.0,140,15.560000000000002,530.0,74200,0,74200,23,140,0,140,140,0,0,0,0,1.0,0.0,1.0,82.46800000000002,,無星等/未評鑑,0
2026,4,台東縣,台東桂田喜來登酒店,290.0,5083,58.43000000000001,3695.0,18783316,15083951,34967296,175,6500,5012,11512,10886,25,10,69,333,0.9456219596942321,0.05437804030576787,0.564628214037526,2158.9885000000004,5.0,五星級,1
2026,4,台東縣,娜路彎大酒店,292.0,4636,52.92,4995.0,23155781,13307997,41477020,183,11465,190,11655,9927,4,12,28,22,0.8517374517374517,0.14826254826254825,0.9836979836979837,2643.3540000000003,5.0,五星級,1
2026,4,台東縣,樂樂日暉溫泉酒店,48.0,453,31.46,2626.0,1189628,0,1189628,9,909,0,909,909,0,0,0,0,1.0,0.0,1.0,826.1396000000001,,無星等/未評鑑,0
2026,4,台東縣,知本老爺大酒店,182.0,0,0.0,0.0,0,493414,908708,181,0,0,0,0,0,0,0,0,,,,0.0,5.0,五星級,1
2026,4,嘉義市,耐斯王子大飯店,245.0,5085,69.18,2229.0,11336810,7677681,19639172,108,4461,7268,11729,11302,66,87,16,25,0.9635945093358342,0.03640549066416576,0.38033932986614377,1542.0222,5.0,五星級,1
2026,4,嘉義市,鈺通大飯店,120.0,1628,45.22,2326.0,3786255,2439846,6245076,62,1678,1676,3354,3145,92,0,22,27,0.9376863446630889,0.06231365533691113,0.5002981514609421,1051.8172,3.0,三星級,1
2026,4,嘉義縣,名都觀光渡假大飯店,97.0,626,21.51,1935.0,1211346,782715,2007284,41,468,852,1320,1320,0,0,0,0,1.0,0.0,0.35454545454545455,416.21850000000006,3.0,三星級,1
2026,4,嘉義縣,阿里山賓館(歷史館),35.0,576,54.86,12122.0,6982443,0,6982443,11,642,276,918,700,12,1,11,66,0.7625272331154684,0.23747276688453156,0.6993464052287581,6650.1292,4.0,四星級,1
2026,4,嘉義縣,阿里山賓館(現代館),111.0,1622,48.71,13825.0,22423480,8023602,30950233,110,3135,1343,4478,3420,59,3,51,323,0.7637338097364895,0.23626619026351048,0.700089325591782,6734.1575,4.0,四星級,1
2026,4,基隆市,長榮桂冠酒店(基隆),140.0,3508,83.52,3218.0,11287021,6220854,20815461,87,3958,3369,7327,7004,29,28,5,57,0.9559164733178654,0.044083526682134555,0.5401938037395932,2687.6736,5.0,五星級,1
2026,4,宜蘭縣,凱渡廣場酒店,285.0,2832,33.12,6675.0,18904686,14839211,36655002,147,4850,2751,7601,7541,0,0,19,14,0.9921063018023945,0.007893698197605548,0.6380739376397843,2210.7599999999998,,無星等/未評鑑,0
2026,4,宜蘭縣,山泉大飯店,146.0,2951,67.37,1861.0,5490795,1458356,7391651,42,2053,3029,5082,4891,0,17,21,0,0.9624163715072805,0.037583628492719456,0.40397481306572214,1253.7557000000002,3.0,三星級,1
2026,4,宜蘭縣,幼獅大飯店,53.0,219,13.77,1442.0,315800,0,337100,8,43,162,205,205,0,0,0,0,1.0,0.0,0.2097560975609756,198.5634,3.0,三星級,1
2026,4,宜蘭縣,悅川酒店,103.0,2059,66.63,5276.0,10863449,5271344,16134793,92,2435,2431,4866,4759,4,0,45,5,0.9780106863953967,0.021989313604603322,0.5004110152075627,3515.3988,4.0,四星級,1
2026,4,宜蘭縣,礁溪老爺酒店,197.0,4331,73.28,8231.0,35646976,24069245,69967756,312,8782,2549,11331,10627,17,31,274,222,0.9378695613802842,0.06213043861971579,0.7750419203953756,6031.6768,5.0,五星級,1
2026,4,宜蘭縣,礁溪麒麟酒店,167.0,3595,71.76,3456.0,12425914,74175,12500089,54,7210,302,7512,6962,27,66,124,36,0.9267838125665602,0.07321618743343983,0.9597976570820022,2480.0256000000004,,無星等/未評鑑,0
2026,4,宜蘭縣,紅羽莊園,44.0,0,0.0,0.0,0,0,0,6,0,0,0,0,0,0,0,0,,,,0.0,,無星等/未評鑑,0
2026,4,宜蘭縣,綠舞國際觀光飯店,113.0,1113,32.83,4134.0,4601624,3201787,11784740,276,1986,1324,3310,3310,0,0,0,0,1.0,0.0,0.6,1357.1922,4.0,四星級,1
2026,4,宜蘭縣,蘭城晶英酒店,193.0,2850,49.22,11191.0,31893198,26436463,65159807,326,10154,113,10267,9019,0,0,266,403,0.8784455050160709,0.12155449498392912,0.9889938638355897,5508.2102,5.0,五星級,1
2026,4,宜蘭縣,長榮鳳凰酒店(礁溪),231.0,4669,67.37,4265.0,19913170,20919120,45302656,209,8125,3547,11672,11262,6,8,66,81,0.9648732008224812,0.03512679917751882,0.6961103495544894,2873.3305000000005,5.0,五星級,1
2026,4,屏東縣,凱撒大飯店,281.0,6745,80.01,5196.0,35044276,8463568,47136077,210,13453,2507,15960,14110,56,431,195,216,0.8840852130325815,0.11591478696741853,0.8429197994987468,4157.3196,5.0,五星級,1
2026,4,屏東縣,墾丁怡灣渡假酒店,234.0,3358,47.83,3135.0,10526815,3193038,14446321,77,5099,2949,8048,8043,0,0,1,4,0.9993787276341949,0.0006212723658051145,0.6335735586481114,1499.4705,3.0,三星級,1
2026,4,屏東縣,墾丁福華渡假飯店,458.0,7550,54.949999999999996,3179.0,24004234,8035750,32964368,219,8797,11233,20030,19264,122,111,13,118,0.9617573639540689,0.038242636045931144,0.43919121318022963,1746.8604999999998,5.0,五星級,1
2026,4,新北市,八里福朋喜來登酒店,241.0,2081,28.78,4296.0,8939306,13077020,22061762,144,3158,1935,5093,4521,49,0,55,300,0.8876889848812095,0.11231101511879049,0.6200667582957,1236.3888,3.0,三星級,1
2026,4,新北市,大板根渡假酒店,95.0,2196,77.05,6185.0,13582260,11364234,36136237,212,3287,3301,6588,6447,0,12,39,12,0.9785974499089253,0.021402550091074724,0.4989374620522162,4765.5425,4.0,四星級,1
2026,4,新北市,板橋凱撒大飯店,400.0,11265,93.88,3873.0,43630957,11128313,54930631,139,19100,2892,21992,7830,821,3109,3501,1483,0.35603855947617313,0.6439614405238269,0.8684976355038195,3635.9724,5.0,五星級,1
2026,4,新北市,瓏山林台北中和飯店,126.0,2175,57.54,2437.0,5299558,1946202,7458336,76,3773,417,4190,2716,68,273,152,199,0.6482100238663484,0.3517899761336516,0.9004773269689738,1402.2498,3.0,三星級,1
2026,4,新北市,碧特弗大飯店,55.0,219,13.269999999999998,2698.0,590924,9694,600618,18,151,176,327,300,0,2,6,8,0.9174311926605505,0.08256880733944949,0.4617737003058104,358.0245999999999,,無星等/未評鑑,0
2026,4,新北市,福容大飯店    淡水漁人碼頭,198.0,3731,62.81,4839.0,18053515,18843190,39955695,138,3148,7763,10911,10671,8,1,43,10,0.9780038493263679,0.021996150673632142,0.2885161763358079,3039.3759000000005,4.0,四星級,1
2026,4,新北市,福容大飯店 福隆,174.0,1938,37.13,5324.0,10318088,5357271,15998475,106,2953,2006,4959,4890,5,0,6,16,0.9860859044162129,0.01391409558378709,0.5954829602742489,1976.8012000000003,3.0,三星級,1
2026,4,新北市,美麗春天大飯店,34.0,17,1.67,2371.0,40304,0,40304,4,34,0,34,34,0,0,0,0,1.0,0.0,1.0,39.595699999999994,,無星等/未評鑑,0
2026,4,新竹市,新竹國賓大飯店,257.0,5432,70.45,3542.0,19240077,28427939,55594117,281,6504,1208,7712,3688,512,751,43,497,0.4782157676348548,0.5217842323651452,0.8433609958506224,2495.3390000000004,4.0,四星級,1
2026,4,新竹市,新竹老爺大酒店,208.0,4689,75.14,3340.0,15660086,12681352,29516255,155,5664,1104,6768,3870,610,143,36,431,0.5718085106382979,0.42819148936170215,0.8368794326241135,2509.676,4.0,四星級,1
2026,4,新竹縣,新竹喜來登大飯店,386.0,9807,84.69,5036.0,49391321,39783229,103261879,301,9564,2865,12429,5479,202,634,56,2972,0.4408238796363344,0.5591761203636656,0.7694907072169925,4264.988399999999,4.0,四星級,1
2026,4,新竹縣,豐邑喜來登大飯店,384.0,6538,56.75,5036.0,32927547,2659634,38939674,103,6376,1910,8286,3653,134,422,38,1981,0.4408641081342023,0.5591358918657977,0.7694907072169925,2857.93,4.0,四星級,1
2026,4,桃園市,南方莊園渡假飯店,111.0,1231,36.97,5529.0,6805929,9144830,18232314,102,2306,827,3133,3105,12,0,2,0,0.991062879029684,0.00893712097031596,0.7360357484838813,2044.0713,4.0,四星級,1
2026,4,桃園市,古華花園飯店,255.0,6811,89.03,2662.0,18132150,2839936,21960188,134,10726,572,11298,6332,438,379,468,772,0.5604531775535493,0.4395468224464507,0.9493715701894141,2369.9786000000004,3.0,三星級,1
2026,4,桃園市,名人堂花園大飯店,128.0,1288,33.54,6099.0,7855046,9627209,21283682,168,393,3292,3685,3547,12,0,15,29,0.9625508819538671,0.037449118046132934,0.10664857530529172,2045.6046,,無星等/未評鑑,0
2026,4,桃園市,和逸飯店桃園青埔館,218.0,4820,73.7,4610.0,22218964,0,25167906,109,9286,1782,11068,8199,154,181,423,609,0.7407842428623057,0.2592157571376943,0.838995301770871,3397.57,4.0,四星級,1
2026,4,桃園市,尊爵大飯店,218.0,4333,66.25,2753.0,11929996,7212747,19704455,113,3575,3333,6908,1593,629,903,121,224,0.23060220034742326,0.7693977996525767,0.517515923566879,1823.8625,3.0,三星級,1
2026,4,桃園市,尊爵天際大飯店,250.0,5896,78.61,2676.0,15775872,1752854,17631904,81,3131,6088,9219,772,213,0,0,0,0.08374010196333659,0.9162598980366634,0.33962468814405034,2103.6036,3.0,三星級,1
2026,4,桃園市,桃園喜來登酒店,189.0,2820,49.74,3069.0,8654880,9080976,19428890,160,3441,1782,5223,3529,131,83,69,822,0.6756653264407428,0.32433467355925716,0.6588167719701321,1526.5206,4.0,四星級,1
2026,4,桃園市,桃園國際機場凱悅酒店,476.0,9629,67.43,3622.0,34875682,23870820,63905164,264,13684,1535,15219,5195,921,1109,387,3227,0.34134962875353175,0.6586503712464682,0.8991392338524213,2442.3146,,無星等/未評鑑,0
2026,4,桃園市,福容大飯店   桃園,182.0,3890,71.25,2127.0,8275127,5186165,13461292,63,2906,973,3879,2182,238,244,3,81,0.5625161124001031,0.43748388759989687,0.7491621551946378,1515.4875,3.0,三星級,1
2026,4,桃園市,福容徠旅 林口,149.0,4011,89.73,2815.0,11290971,0,11307322,27,6523,601,7124,5069,122,270,209,62,0.7115384615384616,0.28846153846153844,0.9156372824256036,2525.8995,,無星等/未評鑑,0
2026,4,澎湖縣,寶華大飯店,74.0,299,13.47,2099.0,627627,420,631847,16,466,230,696,686,4,0,1,3,0.985632183908046,0.014367816091954033,0.6695402298850575,282.73530000000005,,無星等/未評鑑,0
2026,4,澎湖縣,澎湖福朋喜來登酒店,331.0,6425,64.7,2850.0,18310988,18609841,40621660,191,8070,6087,14157,13240,88,4,62,290,0.9352263897718444,0.06477361022815564,0.5700360245814792,1843.95,5.0,五星級,1
2026,4,花蓮縣,太魯閣晶英酒店,160.0,2048,42.67,7873.0,16123746,6214476,25221253,154,2828,2075,4903,4044,28,13,16,267,0.8248011421578625,0.1751988578421375,0.5767897205792372,3359.4091000000003,5.0,五星級,1
2026,4,花蓮縣,瑞穗天合國際觀光酒店,198.0,3463,58.3,9157.0,31710976,4918137,38699785,181,6281,3086,9367,9151,0,0,8,25,0.9769403224084552,0.023059677591544814,0.6705455321874666,5338.531,5.0,五星級,1
2026,4,花蓮縣,美侖大飯店,299.0,4718,52.6,2698.0,12730883,5284720,19312110,178,8242,2665,10907,10162,28,35,84,125,0.931695241587971,0.06830475841202899,0.7556615017878426,1419.1480000000001,5.0,五星級,1
2026,4,花蓮縣,遠雄悅來大飯店,381.0,4810,42.08,4293.0,20647678,14043027,39497293,298,9141,2697,11838,11591,2,0,3,60,0.9791349890184152,0.020865010981584775,0.7721743537759757,1806.4944,5.0,五星級,1
2026,4,苗栗縣,馥藝金鬱金香酒店,191.0,3587,62.6,2584.0,9268175,4407592,14081751,87,4766,1943,6709,6254,309,10,26,13,0.9321806528543747,0.06781934714562532,0.7103890296616485,1617.5839999999998,3.0,三星級,1
2026,4,金門縣,陸島酒店,47.0,751,53.26,1286.0,965698,117840,1086748,16,83,1390,1473,769,0,0,84,0,0.5220638153428377,0.47793618465716226,0.05634758995247793,684.9236,,無星等/未評鑑,0
2026,4,高雄市,寒軒國際大飯店,371.0,8277,74.37,2215.0,18331253,12782727,31725933,218,6303,773,7076,4649,938,349,199,140,0.6570096099491238,0.34299039005087617,0.8907574901074053,1647.2955000000002,5.0,五星級,1
2026,4,高雄市,漢來大飯店,535.0,11381,70.91,4022.0,45772503,67393794,136042020,895,13835,4151,17986,10428,1149,887,196,1535,0.5797842766596242,0.4202157233403758,0.7692093850772823,2852.0001999999995,5.0,五星級,1
2026,4,高雄市,然一酒店,147.0,2276,51.61,6026.0,13714833,9994936,28898761,204,3399,70,3469,2333,162,22,85,531,0.6725281060824445,0.3274718939175555,0.9798212741424042,3110.0186,,無星等/未評鑑,0
2026,4,高雄市,福容大飯店 高雄,250.0,4195,55.93,3105.0,13023661,4258379,17353896,87,5167,3860,9027,7538,204,454,242,112,0.835050404342528,0.16494959565747203,0.5723939293231417,1736.6264999999999,3.0,三星級,1
2026,4,高雄市,義大皇家酒店,656.0,9543,48.49,3047.0,29081725,17835903,49728847,407,9715,13711,23426,21575,105,183,254,41,0.920985230086229,0.07901476991377099,0.41471015111414666,1477.4903,4.0,四星級,1
2026,4,高雄市,高雄圓山大飯店,105.0,2100,66.67,3284.0,6895389,12788653,21098410,123,3170,1404,4574,4024,208,34,28,65,0.879755137735024,0.120244862264976,0.6930476606908614,2189.4428,5.0,五星級,1
2026,4,高雄市,高雄福華大飯店,271.0,6924,85.17,2803.0,19408424,19173762,43077104,308,9675,2126,11801,5241,3146,353,1217,165,0.44411490551648164,0.5558850944835183,0.8198457757817134,2387.3151000000003,5.0,五星級,1
2026,4,高雄市,高雄萬豪酒店,700.0,10971,52.239999999999995,6561.0,71983118,63431801,149559342,712,20510,2924,23434,12949,664,782,1269,3623,0.5525731842621832,0.44742681573781684,0.8752240334556627,3427.4663999999993,5.0,五星級,1
2026,4,高雄市,麗尊大酒店,188.0,3561,63.13999999999999,2434.0,8667474,9860037,19017049,194,5313,1413,6726,5171,413,264,201,134,0.7688076122509664,0.2311923877490336,0.7899197145405887,1536.8275999999998,3.0,三星級,1
2026,5,南投縣,日月潭力麗溫德姆溫泉酒店,197.0,2506,41.03,7803.0,19553424,8923566,29794116,193,3772,2316,6088,5563,15,0,47,146,0.9137647831800263,0.0862352168199737,0.6195795006570303,3201.5709,5.0,五星級,1
2026,5,南投縣,涵碧樓大飯店,96.0,2228,74.87,15752.0,35094483,8161723,47653869,271,3202,1142,4344,3468,178,32,26,152,0.7983425414364641,0.2016574585635359,0.7371086556169429,11793.5224,5.0,五星級,1
2026,5,南投縣,漢來日月行館,93.0,2095,72.67,19757.0,41391826,22457415,64588229,207,3819,586,4405,4235,30,0,0,40,0.9614074914869466,0.0385925085130534,0.8669693530079455,14357.4119,,無星等/未評鑑,0
2026,5,南投縣,雲品溫泉酒店日月潭,207.0,4119,64.19,10774.0,44378069,19511521,70511076,319,7195,3116,10311,9203,114,12,63,444,0.8925419454951024,0.10745805450489765,0.6977984676559015,6915.830599999999,5.0,五星級,1
2026,5,台中市,全國大飯店,178.0,2733,49.53,2549.0,6966883,4551908,13657253,71,4516,497,5013,4248,250,77,27,79,0.8473967684021544,0.1526032315978456,0.9008577697985238,1262.5197,5.0,五星級,1
2026,5,台中市,台中港酒店,200.0,4563,73.6,3183.0,14524180,3179296,18839233,97,5718,976,6694,3945,483,59,23,47,0.5893337317000299,0.4106662682999701,0.8541977890648342,2342.688,3.0,三星級,1
2026,5,台中市,台中福華大飯店,155.0,4186,87.12,3045.0,12748333,16081509,32713627,193,7706,484,8190,6193,259,212,51,339,0.7561660561660561,0.24383394383394386,0.9409035409035409,2652.804,5.0,五星級,1
2026,5,台中市,台中金典酒店,222.0,5386,78.26,2756.0,14846385,20614689,45056507,241,3704,5732,9436,6785,621,273,46,286,0.7190546841882154,0.2809453158117846,0.39253921153030946,2156.8456,5.0,五星級,1
2026,5,台中市,裕元花園酒店,149.0,3633,78.65,3953.0,14361346,35147703,53374142,260,5057,674,5731,4149,126,221,92,228,0.7239574245332403,0.2760425754667597,0.8823939975571453,3109.0345,5.0,五星級,1
2026,5,台中市,通豪大飯店,226.0,2733,39.01,1905.0,5205062,2561407,8216999,62,4716,97,4813,4674,13,2,19,7,0.9711198836484521,0.028880116351547858,0.9798462497402868,743.1405,3.0,三星級,1
2026,5,台中市,長榮桂冠酒店(台中),354.0,8226,74.96,2439.0,20066404,26356326,52829187,228,5125,3101,8226,6424,671,173,42,135,0.7809384877218575,0.21906151227814252,0.6230245562849501,1828.2743999999998,5.0,五星級,1
2026,5,台中市,龍谷大飯店,189.0,1401,23.91,1733.0,2428198,1250928,4216773,34,556,2374,2930,2924,0,2,0,2,0.9979522184300341,0.0020477815699658786,0.18976109215017065,414.3603,,無星等/未評鑑,0
2026,5,台北市,JR東日本大飯店台北,288.0,7174,80.35,5746.0,41222358,31352371,78289240,272,11795,990,12785,3403,4261,591,966,1039,0.26617129448572546,0.7338287055142745,0.9225655064528745,4616.911,4.0,四星級,1
2026,5,台北市,三德大飯店,287.0,5133,57.69,2053.0,10536358,2338844,13536659,93,7105,1720,8825,2205,2084,480,1446,338,0.24985835694050992,0.75014164305949,0.805099150141643,1184.3756999999998,3.0,三星級,1
2026,5,台北市,亞都麗緻大飯店,219.0,4130,60.83,3795.0,15672918,18596918,38212705,200,7022,0,7022,1548,2205,718,364,472,0.220450014240957,0.779549985759043,1.0,2308.4985,4.0,四星級,1
2026,5,台北市,兄弟大飯店,250.0,4396,56.720000000000006,3911.0,17192594,52949198,75670497,450,3391,2488,5879,2863,1104,214,258,465,0.4869875829222657,0.5130124170777344,0.5767987753019221,2218.3192,4.0,四星級,1
2026,5,台北市,北投老爺酒店,50.0,1026,66.19,5435.0,5576365,3885955,10623625,58,2142,63,2205,1649,68,28,142,129,0.7478458049886622,0.25215419501133784,0.9714285714285714,3597.4264999999996,4.0,四星級,1
2026,5,台北市,北投麗禧溫泉酒店,66.0,1095,53.52,13714.0,15016820,7808730,28371516,135,2264,1,2265,1173,135,64,261,319,0.5178807947019868,0.4821192052980132,0.9995584988962473,7339.732800000001,4.0,四星級,1
2026,5,台北市,台北W飯店,405.0,10518,83.78,9702.0,102041324,49603413,169725662,386,14770,989,15759,2674,1547,359,1350,4969,0.16968081731074305,0.830319182689257,0.9372422108001777,8128.3356,5.0,五星級,1
2026,5,台北市,台北中山雅樂軒酒店,88.0,2273,83.32,4913.0,11168182,418056,12792364,37,3423,0,3423,544,654,54,371,747,0.158924919661116,0.841075080338884,1.0,4093.5116,,無星等/未評鑑,0
2026,5,台北市,台北凱撒大飯店,478.0,13507,91.15,3394.0,45845227,19254732,67675002,158,18326,6681,25007,4433,11210,1230,1660,1472,0.17727036429799656,0.8227296357020034,0.7328348062542488,3093.6310000000003,4.0,四星級,1
2026,5,台北市,台北君品大酒店,286.0,6818,76.9,4604.0,31388618,43741997,81704220,272,11770,1030,12800,1893,2906,1073,804,2016,0.147890625,0.852109375,0.91953125,3540.4760000000006,5.0,五星級,1
2026,5,台北市,台北君悅酒店,850.0,20989,79.65,6374.0,133775086,117751275,281680972,556,19881,13130,33011,9094,1817,2906,740,10697,0.2754839295992245,0.7245160704007755,0.6022537941898155,5076.8910000000005,5.0,五星級,1
2026,5,台北市,台北寒舍喜來登大飯店,688.0,15277,71.63,5393.0,82396139,122828640,228399835,789,19155,3983,23138,4389,4539,1006,789,6450,0.18968795920131384,0.8103120407986861,0.8278589333563834,3863.0058999999997,5.0,五星級,1
2026,5,台北市,台北寒舍艾美酒店,160.0,4305,86.79,10318.0,44421016,65675912,122048479,327,5270,490,5760,1463,245,113,594,1635,0.25399305555555557,0.7460069444444444,0.9149305555555556,8954.9922,5.0,五星級,1
2026,5,台北市,台北漢來大飯店,424.0,8016,60.99,5171.0,41450114,91463221,150341445,480,12660,1742,14402,10723,241,284,404,1094,0.7445493681433134,0.2554506318566866,0.8790445771420636,3153.7929000000004,5.0,五星級,1
2026,5,台北市,台北美福大飯店,146.0,2913,64.36,6915.0,20142475,66005461,93448882,337,4391,482,4873,2268,344,390,189,955,0.46542171147137285,0.5345782885286272,0.9010876256925918,4450.494000000001,6.0,卓越五星,1
2026,5,台北市,台北艾麗酒店,235.0,5894,80.91,6705.0,39519544,18444122,63978146,160,6428,1327,7755,1376,294,517,838,1407,0.17743391360412636,0.8225660863958737,0.8288845905867183,5425.0154999999995,5.0,五星級,1
2026,5,台北市,台北花園大酒店,241.0,6634,88.8,2416.0,16027510,22690664,48082241,144,11630,14,11644,1128,571,4894,1302,506,0.09687392648574374,0.9031260735142562,0.9987976640329783,2145.408,4.0,四星級,1
2026,5,台北市,台北萬豪酒店,318.0,9039,91.69,6302.0,56964516,75669974,169913515,528,9647,1976,11623,1795,441,753,391,5517,0.15443517164243312,0.8455648283575669,0.829992256732341,5778.3038,5.0,五星級,1
2026,5,台北市,台北遠東香格里拉,420.0,9250,71.04,7086.0,65543004,62480599,145211643,473,13534,1504,15038,1988,1263,440,661,5697,0.13219843064237266,0.8678015693576273,0.8999867003590903,5033.894400000001,5.0,五星級,1
2026,5,台北市,國王大飯店,97.0,1976,65.71,1713.0,3385150,780569,4188658,54,593,1383,1976,122,1812,10,2,4,0.06174089068825911,0.938259109311741,0.3001012145748988,1125.6123,3.0,三星級,1
2026,5,台北市,國聯大飯店,220.0,3356,49.21,3306.0,11094509,4765690,16551639,120,3808,1795,5603,3647,222,98,227,108,0.6509013028734606,0.3490986971265394,0.6796359093342852,1626.8826000000001,4.0,四星級,1
2026,5,台北市,圓山大飯店,408.0,10561,83.5,4746.0,50125892,72892343,136919587,531,13346,7373,20719,8853,5403,406,295,1840,0.42728896182248177,0.5727110381775182,0.6441430570973503,3962.91,5.0,五星級,1
2026,5,台北市,天成大飯店,226.0,6691,95.5,3015.0,20173827,29195455,52612914,293,13430,252,13682,2623,4258,1593,436,1549,0.1917117380499927,0.8082882619500074,0.9815816401110948,2879.325,4.0,四星級,1
2026,5,台北市,日勝生加賀屋國際溫泉飯店,89.0,771,27.940000000000005,9877.0,7614901,4542806,14998941,126,1568,132,1700,1301,44,13,140,65,0.7652941176470588,0.2347058823529412,0.9223529411764706,2759.6338000000005,,無星等/未評鑑,0
2026,5,台北市,晶華酒店,538.0,14306,85.78,6129.0,87680941,189908605,306192749,945,20810,3670,24480,8613,5074,1617,990,3168,0.3518382352941177,0.6481617647058824,0.8500816993464052,5257.4562,5.0,五星級,1
2026,5,台北市,歐華酒店,112.0,1356,39.06,3729.0,5056304,5843425,12058355,104,1598,721,2319,475,681,50,141,169,0.20482966796032773,0.7951703320396722,0.6890901250539025,1456.5474000000002,4.0,四星級,1
2026,5,台北市,漢普頓酒店,127.0,2973,75.51,3234.0,9615164,7282758,18598672,68,4414,1100,5514,2144,987,729,315,254,0.3888284367065651,0.6111715632934349,0.8005077983315197,2441.9934000000003,,無星等/未評鑑,0
2026,5,台北市,福容大飯店  台北一館,120.0,2748,73.87,3105.0,8531551,11275187,21001172,76,3215,612,3827,2254,163,109,160,327,0.5889730859681213,0.41102691403187874,0.8400836164097204,2293.6635,4.0,四星級,1
2026,5,台北市,福華大飯店,606.0,111,0.59,2022.0,224467,240772,7266137,298,111,0,111,64,0,0,6,39,0.5765765765765766,0.42342342342342343,1.0,11.9298,5.0,五星級,1
2026,5,台北市,第一大飯店,176.0,2105,38.58,1891.0,3980533,3085005,29874895,41,226,3190,3416,1062,669,85,132,116,0.31088992974238877,0.6891100702576112,0.0661592505854801,729.5477999999999,4.0,四星級,1
2026,5,台北市,美麗信花園酒店,207.0,6265,97.63,2331.0,14601456,8047724,31713024,75,12447,600,13047,2136,3532,1166,801,1371,0.16371579673488157,0.8362842032651184,0.9540124166475051,2275.7553,,無星等/未評鑑,0
2026,5,台北市,義華酒店,149.0,2967,64.23,3969.0,11776915,192285,13282904,18,3285,539,3824,865,151,264,106,1418,0.2262029288702929,0.7737970711297071,0.8590481171548117,2549.2887,,無星等/未評鑑,0
2026,5,台北市,老爺大酒店,202.0,5469,87.34,5418.0,29631242,29001941,65311086,227,8892,202,9094,1585,5644,132,220,499,0.1742907411480097,0.8257092588519903,0.977787552232241,4732.0812,5.0,五星級,1
2026,5,台北市,豪景大酒店,209.0,3670,56.64,2261.0,8296183,48405,8563415,46,5991,2246,8237,1700,864,996,794,254,0.20638582008012626,0.7936141799198737,0.7273279106470802,1280.6304,3.0,三星級,1
2026,5,台北市,雀客旅館台北南京,56.0,1508,86.87,2558.0,3856824,0,3856824,7,3043,0,3043,2988,10,5,11,5,0.9819257311863293,0.01807426881367069,1.0,2222.1346000000003,,無星等/未評鑑,0
2026,5,台北市,雀客藏居台北陽明山,50.0,745,48.06,3508.0,2613408,1183547,3912046,22,1433,206,1639,1588,6,2,0,6,0.9688834655277608,0.031116534472239166,0.8743136058572301,1685.9448000000002,3.0,三星級,1
2026,5,台南市,台南大員皇冠假日酒店,230.0,4502,63.13999999999999,4029.0,18139744,18326962,40534116,215,6320,2554,8874,7793,26,82,100,268,0.8781834572909624,0.12181654270903763,0.71219292314627,2543.9105999999997,5.0,五星級,1
2026,5,台南市,台南大飯店,152.0,3843,81.56,2415.0,9280687,10322067,20530415,111,6003,487,6490,3244,1845,99,225,126,0.49984591679506934,0.5001540832049307,0.9249614791987674,1969.674,3.0,三星級,1
2026,5,台南市,台南遠東香格里拉,331.0,7879,76.79,4125.0,32500700,20221850,59250098,367,10763,1672,12435,6053,1406,646,233,998,0.4867712102935263,0.5132287897064737,0.8655408122235625,3167.5875,5.0,五星級,1
2026,5,台南市,台糖長榮酒店(台南),197.0,4715,77.21,2710.0,12777164,22583289,36935603,149,7115,2455,9570,9050,93,67,64,79,0.9456635318704284,0.0543364681295716,0.7434691745036572,2092.3909999999996,5.0,五星級,1
2026,5,台南市,趣淘漫旅,198.0,4240,69.08,2896.0,12276963,3457203,16894999,98,4011,6964,10975,10953,2,0,6,0,0.997995444191344,0.0020045558086559945,0.36546697038724374,2000.5567999999998,3.0,三星級,1
2026,5,台南市,遠百企業觀光旅館,30.0,140,15.049999999999999,530.0,74200,0,74200,23,140,0,140,140,0,0,0,0,1.0,0.0,1.0,79.76499999999999,,無星等/未評鑑,0
2026,5,台東縣,台東桂田喜來登酒店,290.0,4762,52.96999999999999,3230.0,15380516,18210537,34788757,172,4887,4983,9870,9189,38,20,30,373,0.9310030395136778,0.0689969604863222,0.4951367781155015,1710.9309999999998,5.0,五星級,1
2026,5,台東縣,娜路彎大酒店,292.0,4789,52.910000000000004,4984.0,23870712,15419744,40932326,184,12025,523,12548,10907,6,8,17,34,0.8692221868026777,0.1307778131973223,0.9583200510041441,2637.0344,5.0,五星級,1
2026,5,台東縣,樂樂日暉溫泉酒店,48.0,614,41.26,2554.0,1568225,0,1568225,9,1232,0,1232,1232,0,0,0,0,1.0,0.0,1.0,1053.7803999999999,,無星等/未評鑑,0
2026,5,台東縣,知本老爺大酒店,182.0,0,0.0,0.0,0,479831,823902,180,0,0,0,0,0,0,0,0,,,,0.0,5.0,五星級,1
2026,5,嘉義市,耐斯王子大飯店,245.0,4878,64.23,2130.0,10388123,10462280,22095276,108,3749,7612,11361,11088,110,6,10,18,0.9759704251386322,0.02402957486136781,0.32998855734530413,1368.099,5.0,五星級,1
2026,5,嘉義市,鈺通大飯店,120.0,1617,43.47,2285.0,3695100,4752385,8486008,62,1923,1036,2959,2883,13,0,14,24,0.9743156471781007,0.025684352821899292,0.649881716796215,993.2895,3.0,三星級,1
2026,5,嘉義縣,名都觀光渡假大飯店,97.0,600,19.95,1932.0,1158947,1133299,2318961,39,169,1180,1349,1349,0,0,0,0,1.0,0.0,0.12527798369162343,385.434,3.0,三星級,1
2026,5,嘉義縣,阿里山賓館(歷史館),35.0,468,43.13,10839.0,5072762,0,5072762,11,555,238,793,641,16,3,11,45,0.8083228247162674,0.19167717528373263,0.699873896595208,4674.8607,4.0,四星級,1
2026,5,嘉義縣,阿里山賓館(現代館),111.0,1453,42.23,12585.0,18286042,6944593,25814889,107,2705,1159,3864,3130,78,12,52,220,0.8100414078674948,0.1899585921325052,0.7000517598343685,5314.6455,4.0,四星級,1
2026,5,基隆市,長榮桂冠酒店(基隆),140.0,3722,85.76,3155.0,11741534,8222679,23519566,88,3725,3621,7346,7107,33,33,1,29,0.9674652872311462,0.03253471276885378,0.5070786822760686,2705.728,5.0,五星級,1
2026,5,宜蘭縣,凱渡廣場酒店,285.0,3775,42.73,6496.0,24521285,18372548,46918798,152,6149,3775,9924,9883,0,0,8,14,0.9958686013704151,0.004131398629584893,0.6196090286174929,2775.7407999999996,,無星等/未評鑑,0
2026,5,宜蘭縣,山泉大飯店,146.0,2222,49.09,2078.0,4616533,1059613,5974890,42,1442,2776,4218,4188,0,0,4,0,0.9928876244665719,0.007112375533428139,0.34186818397344715,1020.0902000000001,3.0,三星級,1
2026,5,宜蘭縣,幼獅大飯店,53.0,180,10.96,1630.0,293390,0,305090,8,63,117,180,180,0,0,0,0,1.0,0.0,0.35,178.64800000000002,3.0,三星級,1
2026,5,宜蘭縣,悅川酒店,103.0,2361,73.94,4043.0,9546497,9324205,18870702,100,2657,2664,5321,5288,0,0,12,10,0.9937981582409322,0.006201841759067794,0.49934222890434127,2989.3941999999997,4.0,四星級,1
2026,5,宜蘭縣,礁溪老爺酒店,197.0,4389,71.87,8434.0,37018991,25712032,74137138,310,10156,1435,11591,11261,30,16,92,75,0.9715296350616858,0.02847036493831423,0.8761970494349064,6061.515800000001,5.0,五星級,1
2026,5,宜蘭縣,礁溪麒麟酒店,167.0,3502,67.65,3428.0,12005754,103697,12109451,55,6613,757,7370,6846,46,68,150,28,0.9289009497964722,0.0710990502035278,0.8972862957937585,2319.042,,無星等/未評鑑,0
2026,5,宜蘭縣,紅羽莊園,44.0,27,1.9799999999999998,6932.0,187160,0,187160,5,68,0,68,68,0,0,0,0,1.0,0.0,1.0,137.25359999999998,,無星等/未評鑑,0
2026,5,宜蘭縣,綠舞國際觀光飯店,104.0,1311,40.66,4354.0,5708646,5004415,15355217,272,2143,1428,3571,3567,0,0,0,0,0.9988798655838701,0.0011201344161299032,0.600112013441613,1770.3364,4.0,四星級,1
2026,5,宜蘭縣,蘭城晶英酒店,193.0,3216,53.75,10140.0,32608909,33586525,73939935,325,11478,51,11529,11232,5,12,17,60,0.9742388758782201,0.025761124121779888,0.995576372625553,5450.25,5.0,五星級,1
2026,5,宜蘭縣,長榮鳳凰酒店(礁溪),231.0,4138,57.79,4801.0,19868552,19434374,44926622,220,8154,2489,10643,10427,12,14,17,16,0.9797049704030818,0.0202950295969182,0.7661373672836607,2774.4979,5.0,五星級,1
2026,5,屏東縣,凱撒大飯店,281.0,6980,80.13,5335.0,37237654,9237732,50174299,211,14700,2011,16711,15362,186,596,107,98,0.9192747292202741,0.08072527077972591,0.8796601041230327,4274.9355,5.0,五星級,1
2026,5,屏東縣,墾丁怡灣渡假酒店,234.0,3432,47.31,3108.0,10668319,3035390,14516646,83,6296,2250,8546,8540,6,0,0,0,0.9992979171542242,0.0007020828457757755,0.7367189328340744,1470.3948,3.0,三星級,1
2026,5,屏東縣,墾丁福華渡假飯店,458.0,7634,53.77000000000001,3174.0,24232663,8969304,34567180,220,10393,8588,18981,18172,132,171,12,156,0.9573784310626416,0.042621568937358356,0.5475475475475475,1706.6598000000004,5.0,五星級,1
2026,5,新北市,八里福朋喜來登酒店,241.0,2098,28.08,4886.0,10251544,17658266,27985848,140,3491,1798,5289,4786,74,10,53,207,0.9048969559463036,0.0951030440536964,0.6600491586311212,1371.9888,3.0,三星級,1
2026,5,新北市,大板根渡假酒店,95.0,2202,74.77,6144.0,13529578,13360517,39034869,211,2860,3746,6606,6453,3,57,3,21,0.9768392370572208,0.023160762942779245,0.43293975174084165,4593.8688,4.0,四星級,1
2026,5,新北市,板橋凱撒大飯店,400.0,11945,96.33,3738.0,44652892,14050663,58867840,140,20153,2862,23015,9142,1725,3164,2585,848,0.3972192048663915,0.6027807951336085,0.8756463176189442,3600.8154,5.0,五星級,1
2026,5,新北市,瓏山林台北中和飯店,126.0,2134,54.63,2502.0,5340255,2064288,7791578,76,3389,913,4302,3141,83,267,84,169,0.7301255230125523,0.2698744769874477,0.7877731287773129,1366.8426000000002,3.0,三星級,1
2026,5,新北市,碧特弗大飯店,55.0,309,18.12,2562.0,791792,22380,814172,18,121,400,521,500,2,4,0,6,0.9596928982725528,0.040307101727447225,0.23224568138195778,464.23440000000005,,無星等/未評鑑,0
2026,5,新北市,福容大飯店    淡水漁人碼頭,198.0,3421,55.730000000000004,4960.0,16968039,22787835,44460428,137,4848,2683,7531,7284,26,15,19,88,0.967202230779445,0.032797769220554995,0.6437392112601248,2764.2080000000005,4.0,四星級,1
2026,5,新北市,福容大飯店 福隆,174.0,2238,41.49,5291.0,11841011,6768065,19290908,110,3022,2924,5946,5862,6,0,0,0,0.9858728557013118,0.014127144298688221,0.5082408341742348,2195.2359,3.0,三星級,1
2026,5,新北市,美麗春天大飯店,34.0,22,2.09,2387.0,52515,0,52515,4,44,0,44,44,0,0,0,0,1.0,0.0,1.0,49.8883,,無星等/未評鑑,0
2026,5,新竹市,新竹國賓大飯店,257.0,5383,67.57,3412.0,18368689,29100025,55338001,274,6842,983,7825,4331,438,916,50,558,0.553482428115016,0.446517571884984,0.8743769968051118,2305.4883999999997,4.0,四星級,1
2026,5,新竹市,新竹老爺大酒店,208.0,4822,74.78,3335.0,16082784,14150258,31521175,148,6026,1079,7105,4176,732,139,21,546,0.5877551020408164,0.4122448979591836,0.8481351161154117,2493.913,4.0,四星級,1
2026,5,新竹縣,新竹喜來登大飯店,386.0,10444,87.28,4322.0,45142060,42861722,99929557,303,11099,1078,12177,4125,253,815,35,3419,0.33875338753387535,0.6612466124661247,0.9114724480578139,3772.2416000000003,4.0,四星級,1
2026,5,新竹縣,豐邑喜來登大飯店,384.0,6962,58.48,4323.0,30094706,5165001,38357433,103,7399,719,8118,2750,168,543,23,2280,0.33875338753387535,0.6612466124661247,0.9114313870411431,2528.0903999999996,4.0,四星級,1
2026,5,桃園市,南方莊園渡假飯店,111.0,1014,29.469999999999995,5539.0,5616646,7265749,15312926,103,2147,611,2758,2754,4,0,0,0,0.9985496736765772,0.0014503263234227903,0.7784626540971719,1632.3432999999998,4.0,四星級,1
2026,5,桃園市,古華花園飯店,255.0,6533,82.64,2658.0,17363954,2950952,21060488,133,6211,322,6533,3615,388,102,214,274,0.5533445583958365,0.4466554416041635,0.950711771008725,2196.5712,3.0,三星級,1
2026,5,桃園市,名人堂花園大飯店,128.0,1576,39.72,5604.0,8831426,11732132,23955275,151,3068,1174,4242,4051,2,4,6,53,0.954974068835455,0.04502593116454501,0.7232437529467233,2225.9088,,無星等/未評鑑,0
2026,5,桃園市,和逸飯店桃園青埔館,218.0,5232,77.42,4479.0,23434406,0,26956275,108,10002,1092,11094,8011,252,100,283,976,0.7221020371371912,0.27789796286280877,0.9015684153596538,3467.6418,4.0,四星級,1
2026,5,桃園市,尊爵大飯店,218.0,4065,60.150000000000006,2780.0,11299187,11910858,23977220,114,3542,2675,6217,1867,578,400,32,232,0.3003056136400193,0.6996943863599807,0.569728164709667,1672.1700000000003,3.0,三星級,1
2026,5,桃園市,尊爵天際大飯店,250.0,5723,73.85,2592.0,14832404,2784472,17776375,82,3531,4816,8347,1054,221,1,0,231,0.12627291242362526,0.8737270875763747,0.42302623697136693,1914.1919999999998,3.0,三星級,1
2026,5,桃園市,桃園喜來登酒店,189.0,2983,50.91,2758.0,8227332,13809476,23913048,155,3303,2594,5897,4251,246,56,33,770,0.7208750211972189,0.2791249788027811,0.5601153128709513,1404.0978,4.0,四星級,1
2026,5,桃園市,桃園國際機場凱悅酒店,476.0,9350,63.35999999999999,3504.0,32762942,24588221,62266330,264,13129,944,14073,3910,1523,623,223,2671,0.2778369928231365,0.7221630071768634,0.9329211966176366,2220.1344,,無星等/未評鑑,0
2026,5,桃園市,福容大飯店   桃園,182.0,3724,66.0,2197.0,8182110,6133435,14315545,63,2851,873,3724,2320,245,303,3,121,0.6229860365198711,0.37701396348012894,0.7655746509129968,1450.02,3.0,三星級,1
2026,5,桃園市,福容徠旅 林口,149.0,3908,84.61,2748.0,10737347,0,10745512,25,6476,1154,7630,5574,159,0,176,60,0.7305373525557012,0.2694626474442988,0.8487549148099607,2325.0828,,無星等/未評鑑,0
2026,5,澎湖縣,寶華大飯店,74.0,735,32.04,2259.0,1660168,16170,1683288,16,745,1005,1750,1730,5,2,0,0,0.9885714285714285,0.011428571428571455,0.4257142857142857,723.7836,,無星等/未評鑑,0
2026,5,澎湖縣,澎湖福朋喜來登酒店,331.0,7201,70.18,3685.0,26536265,22589145,53697278,190,8243,8620,16863,16424,38,2,15,175,0.9739666725968096,0.02603332740319042,0.48882168060250253,2586.1330000000003,5.0,五星級,1
2026,5,花蓮縣,太魯閣晶英酒店,160.0,1922,38.75,8222.0,15801790,5802400,24508073,159,2559,1895,4454,3819,16,7,12,214,0.8574315222272115,0.14256847777278847,0.5745397395599461,3186.025,5.0,五星級,1
2026,5,花蓮縣,瑞穗天合國際觀光酒店,198.0,3396,55.33,9015.0,30616433,4880500,36816344,190,5032,3875,8907,8641,0,0,4,12,0.9701358482092736,0.029864151790726434,0.5649489165824633,4987.9995,5.0,五星級,1
2026,5,花蓮縣,美侖大飯店,299.0,5371,57.95,2628.0,14114878,8737315,24958584,175,8448,3847,12295,11395,90,80,20,113,0.9267995119967466,0.0732004880032534,0.6871085807238715,1522.9260000000002,5.0,五星級,1
2026,5,花蓮縣,遠雄悅來大飯店,381.0,5485,46.44,3884.0,21303202,17014027,43223426,304,8231,4511,12742,12544,6,0,50,28,0.9844608381729713,0.015539161827028747,0.6459739444357244,1803.7296,5.0,五星級,1
2026,5,苗栗縣,馥藝金鬱金香酒店,191.0,3938,66.51,2609.0,10273922,4623181,15584480,87,5595,1450,7045,6641,210,12,46,6,0.9426543647977289,0.057345635202271095,0.794180269694819,1735.2459000000003,3.0,三星級,1
2026,5,金門縣,陸島酒店,47.0,1060,72.75,1460.0,1547169,168400,1745574,20,183,1922,2105,1327,0,0,0,0,0.6304038004750594,0.3695961995249406,0.08693586698337293,1062.15,,無星等/未評鑑,0
2026,5,高雄市,寒軒國際大飯店,311.0,8358,86.69,2172.0,18152422,14559089,33483177,218,5784,2574,8358,6195,923,213,54,125,0.7412060301507538,0.2587939698492462,0.6920315865039484,1882.9068,5.0,五星級,1
2026,5,高雄市,漢來大飯店,535.0,9840,59.32999999999999,4016.0,39513363,74332360,140594087,888,11867,5036,16903,11845,1464,711,166,969,0.7007631781340591,0.2992368218659409,0.7020647222386559,2382.6928,5.0,五星級,1
2026,5,高雄市,然一酒店,147.0,2717,59.62,5331.0,14483464,12783138,30986883,201,3492,336,3828,2404,221,55,81,742,0.6280041797283177,0.3719958202716823,0.9122257053291536,3178.3421999999996,,無星等/未評鑑,0
2026,5,高雄市,福容大飯店 高雄,250.0,4606,59.43000000000001,2674.0,12315341,5545692,17876005,84,4819,4093,8912,7685,303,280,75,38,0.8623204667863554,0.13767953321364457,0.5407315978456014,1589.1582,3.0,三星級,1
2026,5,高雄市,義大皇家酒店,656.0,8457,41.59,2950.0,24947606,19219746,46846495,399,8944,10913,19857,19179,79,71,112,18,0.9658558694666868,0.03414413053331322,0.4504205066223498,1226.9050000000002,4.0,四星級,1
2026,5,高雄市,高雄圓山大飯店,105.0,1532,47.07,3091.0,4736094,11163390,17302052,123,2622,769,3391,2936,53,70,42,41,0.8658212916543793,0.13417870834562073,0.7732232379828959,1454.9337,5.0,五星級,1
2026,5,高雄市,高雄福華大飯店,271.0,6541,77.86,2746.0,17960736,25032255,47229650,308,8937,2081,11018,5091,2239,293,1323,256,0.46206208023234707,0.5379379197676529,0.8111272463241967,2138.0356,5.0,五星級,1
2026,5,高雄市,高雄萬豪酒店,700.0,12836,59.150000000000006,5183.0,66528366,75885100,157116533,701,18209,3292,21501,11862,1064,1170,620,3141,0.5516952699874424,0.44830473001255755,0.8468908422864053,3065.7445000000002,5.0,五星級,1
2026,5,高雄市,麗尊大酒店,188.0,3009,51.629999999999995,2238.0,6734142,11965236,19483651,194,4317,1416,5733,4559,295,80,192,90,0.7952206523635095,0.20477934763649053,0.7530088958660387,1155.4794,3.0,三星級,1
2026,6,南投縣,日月潭力麗溫德姆溫泉酒店,197.0,2421,40.96,7432.0,17993855,7781091,27216589,191,3939,1986,5925,5406,4,5,24,208,0.9124050632911392,0.08759493670886076,0.6648101265822784,3044.1472000000003,5.0,五星級,1
2026,6,南投縣,涵碧樓大飯店,96.0,2177,75.59,15801.0,34397717,8492040,47211436,264,3112,1075,4187,3502,53,8,11,299,0.8363983759254836,0.1636016240745164,0.7432529257224744,11943.975900000001,5.0,五星級,1
2026,6,南投縣,漢來日月行館,93.0,1933,69.28,20109.0,38870627,20255053,59804142,211,3705,417,4122,3917,16,0,14,61,0.9502668607472101,0.04973313925278988,0.8988355167394468,13931.5152,,無星等/未評鑑,0
2026,6,南投縣,雲品溫泉酒店日月潭,207.0,4210,67.79,10910.0,45932947,18442404,70892615,310,7706,2787,10493,9189,31,3,67,879,0.8757266749261412,0.1242733250738588,0.7343943581435243,7395.889,5.0,五星級,1
2026,6,台中市,全國大飯店,178.0,2789,52.23,2522.0,7035019,5587613,14925426,70,4622,364,4986,4116,354,47,30,86,0.825511432009627,0.17448856799037304,0.9269955876454071,1317.2406,5.0,五星級,1
2026,6,台中市,台中港酒店,200.0,4568,76.13,3073.0,14039047,3340926,18885358,96,6163,793,6956,4297,624,71,17,91,0.6177400805060379,0.3822599194939621,0.8859976998274871,2339.4748999999997,3.0,三星級,1
2026,6,台中市,台中福華大飯店,155.0,4090,87.96,2935.0,12002818,14607703,29464808,191,7020,594,7614,5667,296,266,74,155,0.7442868400315209,0.2557131599684791,0.9219858156028369,2581.6259999999997,5.0,五星級,1
2026,6,台中市,台中金典酒店,222.0,5312,79.76,2841.0,15093337,19533368,46912516,237,4146,5044,9190,6845,907,167,32,335,0.7448313384113167,0.25516866158868334,0.4511425462459195,2265.9816,5.0,五星級,1
2026,6,台中市,裕元花園酒店,149.0,3572,79.91,4002.0,14294852,32877358,51930168,234,5257,696,5953,4474,155,159,62,198,0.7515538384008064,0.24844616159919364,0.8830841592474382,3197.9982,5.0,五星級,1
2026,6,台中市,通豪大飯店,226.0,3178,46.87,1580.0,5020733,1987216,7458242,61,4586,460,5046,4921,5,6,44,3,0.9752279032897344,0.02477209671026559,0.9088386841062227,740.5459999999999,3.0,三星級,1
2026,6,台中市,長榮桂冠酒店(台中),354.0,7900,74.39,2426.0,19167645,29157436,54008637,232,4799,3101,7900,6489,440,95,55,186,0.8213924050632911,0.17860759493670886,0.6074683544303797,1804.7014000000001,5.0,五星級,1
2026,6,台中市,龍谷大飯店,189.0,966,17.04,1839.0,1776354,1084149,3362841,34,366,1632,1998,1993,0,2,0,0,0.9974974974974975,0.0025025025025025016,0.1831831831831832,313.3656,,無星等/未評鑑,0
2026,6,台北市,JR東日本大飯店台北,288.0,7304,84.54,6107.0,44607662,32873004,82932353,260,11725,999,12724,3252,3691,392,739,1749,0.255580006287331,0.744419993712669,0.921486953788117,5162.857800000001,4.0,四星級,1
2026,6,台北市,三德大飯店,287.0,4138,48.06,2048.0,8476490,1873236,10886557,84,5189,1174,6363,1552,2131,174,949,126,0.2439101052962439,0.7560898947037561,0.8154958352978154,984.2688,3.0,三星級,1
2026,6,台北市,亞都麗緻大飯店,219.0,4339,66.04,4178.0,18127833,15314707,37273020,203,6428,0,6428,1468,1785,139,168,1065,0.2283758556316117,0.7716241443683883,1.0,2759.1512000000007,4.0,四星級,1
2026,6,台北市,兄弟大飯店,250.0,4730,63.07000000000001,3991.0,18877596,46837789,70763802,450,4030,2096,6126,2371,1157,228,113,574,0.3870388507998694,0.6129611492001306,0.6578517793013385,2517.1237,4.0,四星級,1
2026,6,台北市,北投老爺酒店,50.0,1021,68.07,5023.0,5128434,3743178,9969792,56,1797,209,2006,1638,24,2,103,38,0.8165503489531406,0.1834496510468594,0.8958125623130608,3419.1560999999997,4.0,四星級,1
2026,6,台北市,北投麗禧溫泉酒店,66.0,906,45.76,13709.0,12420772,6816724,22982320,143,1761,16,1777,976,37,36,222,158,0.5492402926280248,0.45075970737197524,0.9909960607765897,6273.238399999999,4.0,四星級,1
2026,6,台北市,台北W飯店,405.0,10456,86.06,10420.0,108950010,61510216,190217553,381,14189,1402,15591,2613,821,216,1062,6569,0.1675966903983067,0.8324033096016933,0.9100763260855622,8967.452000000001,5.0,五星級,1
2026,6,台北市,台北中山雅樂軒酒店,88.0,2098,79.47,5236.0,10984310,450231,12657793,39,3060,0,3060,441,440,19,293,887,0.14411764705882352,0.8558823529411765,1.0,4161.0491999999995,,無星等/未評鑑,0
2026,6,台北市,台北凱撒大飯店,478.0,12313,85.86,3606.0,44401315,20724467,67832762,152,15176,6382,21558,3906,8073,730,1701,1581,0.18118563874199833,0.8188143612580017,0.7039614064384451,3096.1115999999997,4.0,四星級,1
2026,6,台北市,台北君品大酒店,286.0,6138,71.54,4799.0,29454344,38725448,74407815,268,10285,875,11160,2247,2049,643,663,1761,0.2013440860215054,0.7986559139784946,0.921594982078853,3433.2046,5.0,五星級,1
2026,6,台北市,台北君悅酒店,850.0,20298,79.6,7246.0,147080029,110083400,287858857,555,21016,11160,32176,8872,759,966,530,14916,0.2757334659373446,0.7242665340626554,0.6531576330183988,5767.816,5.0,五星級,1
2026,6,台北市,台北寒舍喜來登大飯店,688.0,15818,76.64,6335.0,100208437,134092359,258621019,796,17624,5908,23532,4312,2897,607,797,8635,0.1832398436172021,0.8167601563827979,0.7489376168621452,4855.144,5.0,五星級,1
2026,6,台北市,台北寒舍艾美酒店,160.0,4262,88.79,10983.0,46809782,70327621,128939024,317,5317,647,5964,1267,178,87,461,2301,0.21244131455399062,0.7875586854460094,0.8915157612340711,9751.8057,5.0,五星級,1
2026,6,台北市,台北漢來大飯店,424.0,8155,64.11,6840.0,55776612,95971975,199657611,435,11431,2458,13889,9118,316,308,185,1875,0.6564907480740154,0.3435092519259846,0.8230254157966737,4385.124,5.0,五星級,1
2026,6,台北市,台北美福大飯店,146.0,2899,66.19,7716.0,22368289,71756770,101673312,334,4134,718,4852,2016,273,512,168,1050,0.4154987633965375,0.5845012366034625,0.8520197856553998,5107.2204,6.0,卓越五星,1
2026,6,台北市,台北艾麗酒店,235.0,5816,82.5,7123.0,41429723,21495508,69423195,160,5841,1863,7704,1256,368,402,839,1805,0.16303219106957426,0.8369678089304258,0.758177570093458,5876.475,5.0,五星級,1
2026,6,台北市,台北花園大酒店,241.0,5958,82.41,2444.0,14562138,20166432,43042952,149,12844,569,13413,2602,833,2550,1831,1078,0.1939909043465295,0.8060090956534705,0.9575784686498173,2014.1003999999998,4.0,四星級,1
2026,6,台北市,台北萬豪酒店,318.0,8412,88.18,6924.0,58248006,77002292,174484439,532,8161,2420,10581,1532,273,935,277,4897,0.1447878272375012,0.8552121727624988,0.7712881580190908,6105.583200000001,5.0,五星級,1
2026,6,台北市,台北遠東香格里拉,420.0,8628,68.48,7389.0,63754414,55264374,134993406,472,10750,3210,13960,2186,294,210,786,5783,0.15659025787965616,0.8434097421203438,0.7700573065902578,5059.9872000000005,5.0,五星級,1
2026,6,台北市,國王大飯店,97.0,1633,56.11999999999999,1999.0,3264557,586603,3863833,54,490,1143,1633,93,1464,20,3,11,0.05695039804041641,0.9430496019595835,0.3000612369871402,1121.8387999999998,3.0,三星級,1
2026,6,台北市,國聯大飯店,220.0,3533,53.53,4047.0,14297664,5079304,20487148,120,4095,1654,5749,3347,280,131,286,386,0.5821882066446339,0.4178117933553661,0.71229779092016,2166.3591,4.0,四星級,1
2026,6,台北市,圓山大飯店,408.0,9819,80.22,4759.0,46724043,78771138,140812041,529,13476,5170,18646,8571,3349,412,383,1980,0.45966963423790624,0.5403303657620937,0.7227287353856054,3817.6697999999997,5.0,五星級,1
2026,6,台北市,天成大飯店,226.0,6702,98.85,2924.0,19595751,33546814,56718831,291,11396,570,11966,3091,2766,626,573,1521,0.25831522647501254,0.7416847735249874,0.9523650342637473,2890.374,4.0,四星級,1
2026,6,台北市,日勝生加賀屋國際溫泉飯店,89.0,733,27.449999999999996,11961.0,8767078,4241902,13783384,120,1334,254,1588,1299,71,2,113,28,0.8180100755667506,0.18198992443324935,0.8400503778337531,3283.2944999999995,,無星等/未評鑑,0
2026,6,台北市,晶華酒店,538.0,13461,83.4,6775.0,91192070,183315691,302449291,926,19093,4138,23231,7967,4675,998,1047,3531,0.342946924368301,0.657053075631699,0.8218759416297189,5650.35,5.0,五星級,1
2026,6,台北市,歐華酒店,112.0,1541,45.86,3897.0,6005475,5252036,12391254,106,1739,552,2291,410,685,23,71,210,0.1789611523352248,0.8210388476647752,0.7590571802706242,1787.1642,4.0,四星級,1
2026,6,台北市,漢普頓酒店,127.0,2957,77.61,3586.0,10602637,6027210,18304694,66,4931,311,5242,2347,377,186,459,237,0.4477298740938573,0.5522701259061427,0.9406714994276993,2783.0946000000004,,無星等/未評鑑,0
2026,6,台北市,福容大飯店  台北一館,120.0,2666,74.06,3252.0,8670374,13217675,23247125,76,3471,186,3657,2454,213,177,36,223,0.6710418375717802,0.32895816242821985,0.9491386382280558,2408.4312,4.0,四星級,1
2026,6,台北市,福華大飯店,606.0,103,0.57,2265.0,233326,729271,1310504,285,103,0,103,64,0,0,8,30,0.6213592233009708,0.3786407766990292,1.0,12.910499999999999,5.0,五星級,1
2026,6,台北市,第一大飯店,176.0,1555,29.45,1870.0,2907177,2856775,28400160,41,170,2284,2454,970,554,17,78,32,0.3952730236348818,0.6047269763651182,0.06927465362673187,550.715,4.0,四星級,1
2026,6,台北市,美麗信花園酒店,207.0,6005,96.7,2462.0,14783927,6282004,29903137,74,11644,604,12248,2827,2341,899,871,1564,0.23081319399085565,0.7691868060091444,0.9506858262573481,2380.754,,無星等/未評鑑,0
2026,6,台北市,義華酒店,149.0,2583,57.79,4378.0,11308895,217349,12797585,18,3028,339,3367,841,124,177,129,1133,0.24977724977724977,0.7502227502227502,0.8993168993168993,2530.0461999999998,,無星等/未評鑑,0
2026,6,台北市,老爺大酒店,202.0,5154,85.05,5368.0,27668950,27982966,61909267,228,7563,272,7835,1400,4329,96,274,696,0.17868538608806636,0.8213146139119336,0.9652839821314614,4565.4839999999995,5.0,五星級,1
2026,6,台北市,豪景大酒店,209.0,3451,55.04,2289.0,7900199,60540,8075376,46,4822,2653,7475,1632,1182,640,595,319,0.21832775919732442,0.7816722408026756,0.6450836120401338,1259.8656,3.0,三星級,1
2026,6,台北市,雀客旅館台北南京,56.0,1412,84.05,2660.0,3756063,0,3756063,7,2847,0,2847,2718,12,10,16,4,0.9546891464699684,0.045310853530031614,1.0,2235.73,,無星等/未評鑑,0
2026,6,台北市,雀客藏居台北陽明山,50.0,660,44.0,3340.0,2204434,913111,3241316,23,1524,122,1646,1583,6,8,16,6,0.9617253948967193,0.038274605103280734,0.9258809234507898,1469.6,3.0,三星級,1
2026,6,台南市,台南大員皇冠假日酒店,230.0,4486,65.01,3985.0,17875639,16824991,38634088,212,7461,1935,9396,8225,20,32,85,493,0.8753724989357173,0.12462750106428266,0.7940613026819924,2590.6485000000002,5.0,五星級,1
2026,6,台南市,台南大飯店,152.0,3284,72.02,2311.0,7588675,7635987,16061664,113,4820,880,5700,3231,1099,115,358,131,0.5668421052631579,0.4331578947368421,0.8456140350877193,1664.3822,3.0,三星級,1
2026,6,台南市,台南遠東香格里拉,331.0,6984,70.33,4128.0,28828968,19311598,54070416,358,10167,1052,11219,6080,879,295,298,1231,0.5419377841162314,0.4580622158837686,0.9062305018272573,2903.2224,5.0,五星級,1
2026,6,台南市,台糖長榮酒店(台南),197.0,4549,76.97,2723.0,12384999,19365766,33088045,151,7087,1883,8970,8360,250,37,67,62,0.9319955406911928,0.06800445930880716,0.7900780379041249,2095.8931,5.0,五星級,1
2026,6,台南市,趣淘漫旅,198.0,3206,53.97,3179.0,10190633,2531801,14147811,97,5760,3259,9019,9017,0,0,0,0,0.9997782459252689,0.00022175407473112863,0.6386517352256348,1715.7063,3.0,三星級,1
2026,6,台南市,遠百企業觀光旅館,30.0,140,15.560000000000002,530.0,74200,0,74200,23,140,0,140,140,0,0,0,0,1.0,0.0,1.0,82.46800000000002,,無星等/未評鑑,0
2026,6,台東縣,台東桂田喜來登酒店,290.0,4197,48.24,3271.0,13729386,13353126,27957466,170,5468,3399,8867,8147,34,13,53,439,0.918800045111086,0.08119995488891396,0.616668546295252,1577.9304000000002,5.0,五星級,1
2026,6,台東縣,娜路彎大酒店,292.0,4306,49.16,4902.0,21110051,12389391,36701099,185,12273,87,12360,10846,2,0,10,9,0.8775080906148868,0.12249190938511323,0.9929611650485437,2409.8232,5.0,五星級,1
2026,6,台東縣,樂樂日暉溫泉酒店,48.0,443,30.760000000000005,2551.0,1129966,0,1129966,9,889,0,889,889,0,0,0,0,1.0,0.0,1.0,784.6876000000001,,無星等/未評鑑,0
2026,6,台東縣,知本老爺大酒店,182.0,0,0.0,0.0,0,339613,665733,177,0,0,0,0,0,0,0,0,,,,0.0,5.0,五星級,1
2026,6,嘉義市,耐斯王子大飯店,245.0,4004,54.48,2216.0,8873613,9570449,19533374,105,3517,4921,8438,8212,58,11,2,39,0.9732164019909931,0.02678359800900687,0.41680493007821756,1207.2767999999999,5.0,五星級,1
2026,6,嘉義市,鈺通大飯店,120.0,958,26.61,2204.0,2111218,3731442,5856827,63,963,933,1896,1836,29,0,8,6,0.9683544303797469,0.03164556962025311,0.5079113924050633,586.4844,3.0,三星級,1
2026,6,嘉義縣,名都觀光渡假大飯店,97.0,384,13.200000000000001,2130.0,817950,646102,1496310,39,163,716,879,879,0,0,0,0,1.0,0.0,0.18543799772468714,281.16,3.0,三星級,1
2026,6,嘉義縣,阿里山賓館(歷史館),35.0,480,45.71,10524.0,5051610,0,5051610,11,604,259,863,732,6,0,8,66,0.8482039397450754,0.15179606025492465,0.6998841251448435,4810.5204,4.0,四星級,1
2026,6,嘉義縣,阿里山賓館(現代館),111.0,1524,45.77,12509.0,19063019,7429902,26956100,106,2952,1265,4217,3572,30,0,41,323,0.8470476642162675,0.15295233578373246,0.7000237135404316,5725.3693,4.0,四星級,1
2026,6,基隆市,長榮桂冠酒店(基隆),140.0,3529,84.02,3318.0,11710931,6987916,22134612,87,4121,2965,7086,6777,78,9,10,43,0.9563928873835732,0.0436071126164268,0.5815692915608242,2787.7835999999998,5.0,五星級,1
2026,6,宜蘭縣,凱渡廣場酒店,285.0,4465,52.22,6530.0,29156196,20041754,54124568,152,8828,3259,12087,12024,0,0,4,10,0.9947877885331348,0.005212211466865235,0.7303714734839083,3409.966,,無星等/未評鑑,0
2026,6,宜蘭縣,山泉大飯店,146.0,1948,44.47,2205.0,4294579,1294195,5882919,43,1950,1961,3911,3760,0,84,0,0,0.9613909486064945,0.038609051393505456,0.49859371004858094,980.5634999999999,3.0,三星級,1
2026,6,宜蘭縣,幼獅大飯店,53.0,181,11.38,1562.0,282730,0,295030,8,63,146,209,209,0,0,0,0,1.0,0.0,0.3014354066985646,177.75560000000002,3.0,三星級,1
2026,6,宜蘭縣,悅川酒店,103.0,2434,78.77,4146.0,10092095,9069224,19161319,95,2447,3063,5510,5488,0,0,7,0,0.9960072595281306,0.0039927404718693715,0.4441016333938294,3265.8042,4.0,四星級,1
2026,6,宜蘭縣,礁溪老爺酒店,197.0,4209,71.22,8433.0,35492403,24876100,69989745,323,9327,1789,11116,10789,28,3,73,115,0.9705829435048579,0.029417056495142146,0.8390608132421734,6005.9826,5.0,五星級,1
2026,6,宜蘭縣,礁溪麒麟酒店,167.0,3311,66.09,3327.0,11014843,124995,11139838,59,6142,880,7022,6650,28,32,90,26,0.9470236399886073,0.05297636001139272,0.8746795784676731,2198.8143,,無星等/未評鑑,0
2026,6,宜蘭縣,紅羽莊園,44.0,132,10.0,7421.0,979557,0,979557,6,413,0,413,413,0,0,0,0,1.0,0.0,1.0,742.1,,無星等/未評鑑,0
2026,6,宜蘭縣,綠舞國際觀光飯店,104.0,1196,38.33,4055.0,4850047,3919905,12819075,292,1903,1268,3171,3171,0,0,0,0,1.0,0.0,0.6001261431725008,1554.2815,4.0,四星級,1
2026,6,宜蘭縣,蘭城晶英酒店,193.0,3412,58.93000000000001,11075.0,37787109,30666365,76389774,312,11915,383,12298,11558,0,8,84,280,0.9398276142462189,0.060172385753781144,0.9688567246706782,6526.497500000001,5.0,五星級,1
2026,6,宜蘭縣,長榮鳳凰酒店(礁溪),231.0,3562,51.4,5249.0,18698400,16024919,43223920,223,7271,1999,9270,8996,11,4,47,91,0.9704422869471413,0.029557713052858703,0.7843581445523193,2697.986,5.0,五星級,1
2026,6,屏東縣,凱撒大飯店,281.0,6706,79.55,5788.0,38817205,8618706,51401716,213,14836,1437,16273,15381,33,212,49,373,0.9451852762244208,0.054814723775579166,0.9116942174153506,4604.353999999999,5.0,五星級,1
2026,6,屏東縣,墾丁怡灣渡假酒店,234.0,3607,51.38,3164.0,11412029,3179480,15568990,79,7075,1487,8562,8562,0,0,0,0,1.0,0.0,0.8263256248540061,1625.6632,3.0,三星級,1
2026,6,屏東縣,墾丁福華渡假飯店,458.0,7331,53.36,3238.0,23739568,7830998,32641856,217,12477,6375,18852,17968,115,106,64,159,0.9531084235094419,0.046891576490558085,0.6618395926161681,1727.7967999999998,5.0,五星級,1
2026,6,新北市,八里福朋喜來登酒店,241.0,2375,32.85,4750.0,11281744,13900445,25224253,137,3262,2362,5624,4977,43,21,62,366,0.8849573257467994,0.11504267425320058,0.5800142247510669,1560.375,3.0,三星級,1
2026,6,新北市,大板根渡假酒店,95.0,2066,72.49,5748.0,11875368,10730224,33291581,210,2932,3266,6198,6117,3,6,24,18,0.9869312681510165,0.013068731848983495,0.47305582445950306,4166.7252,4.0,四星級,1
2026,6,新北市,板橋凱撒大飯店,400.0,11160,93.0,4031.0,44985870,15105889,60407600,142,17682,3280,20962,9131,1240,1516,2454,1024,0.4355977483064593,0.5644022516935407,0.8435263810705086,3748.83,5.0,五星級,1
2026,6,新北市,瓏山林台北中和飯店,126.0,2373,62.78,2624.0,6226889,1988343,9351864,81,3555,1162,4717,2285,134,230,716,252,0.4844180623277507,0.5155819376722492,0.7536569853720585,1647.3472,3.0,三星級,1
2026,6,新北市,碧特弗大飯店,55.0,259,15.7,2548.0,659888,34194,694082,18,167,266,433,367,2,2,8,2,0.8475750577367206,0.1524249422632794,0.3856812933025404,400.036,,無星等/未評鑑,0
2026,6,新北市,福容大飯店    淡水漁人碼頭,198.0,4541,76.45,4841.0,21985056,27617352,54459498,134,4389,7295,11684,11198,7,0,12,317,0.9584046559397467,0.041595344060253336,0.37564190345772,3700.9445,4.0,四星級,1
2026,6,新北市,福容大飯店 福隆,174.0,2908,55.71,5287.0,15374625,8514712,25346117,116,4910,1663,6573,6446,0,0,0,38,0.9806785333941883,0.019321466605811688,0.7469952837364978,2945.3877,3.0,三星級,1
2026,6,新北市,美麗春天大飯店,34.0,18,1.76,2347.0,42241,0,42241,4,36,0,36,36,0,0,0,0,1.0,0.0,1.0,41.3072,,無星等/未評鑑,0
2026,6,新竹市,新竹國賓大飯店,257.0,5979,77.55,3332.0,19919929,29960356,57660773,266,6185,1538,7723,3217,727,1494,85,535,0.4165479735853943,0.5834520264146057,0.8008545901851613,2583.966,4.0,四星級,1
2026,6,新竹市,新竹老爺大酒店,208.0,4933,79.05,3381.0,16678676,14921405,32910819,155,6095,890,6985,3754,856,210,15,617,0.5374373657838225,0.4625626342161775,0.8725841088045813,2672.6805,4.0,四星級,1
2026,6,新竹縣,新竹喜來登大飯店,386.0,10826,93.49,4330.0,46871347,46795928,104079550,293,10173,3986,14159,5761,608,949,149,3785,0.40687901687972317,0.5931209831202768,0.7184829437107141,4048.1169999999997,4.0,四星級,1
2026,6,新竹縣,豐邑喜來登大飯店,384.0,7217,62.64999999999999,4330.0,31247564,3114744,37598058,94,6782,2658,9440,3841,405,633,100,2523,0.40688559322033896,0.593114406779661,0.7184322033898305,2712.7449999999994,4.0,四星級,1
2026,6,桃園市,南方莊園渡假飯店,111.0,1195,35.89,4912.0,5869693,8547411,17093189,96,2001,1083,3084,3078,0,0,4,0,0.9980544747081712,0.0019455252918287869,0.6488326848249028,1762.9168,4.0,四星級,1
2026,6,桃園市,古華花園飯店,255.0,6387,83.49,2660.0,16989924,3321542,21998042,120,11014,257,11271,6578,633,232,357,664,0.5836216839677048,0.41637831603229525,0.9771981190666312,2220.834,3.0,三星級,1
2026,6,桃園市,名人堂花園大飯店,128.0,1513,39.4,5993.0,9067543,9684583,21018370,175,3772,610,4382,4241,19,0,15,12,0.9678229119123688,0.0321770880876312,0.8607941579187586,2361.2419999999997,,無星等/未評鑑,0
2026,6,桃園市,和逸飯店桃園青埔館,218.0,5214,79.72,4740.0,24715519,0,28180520,109,9523,2184,11707,8712,189,238,167,758,0.744170154608354,0.255829845391646,0.8134449474673272,3778.728,4.0,四星級,1
2026,6,桃園市,尊爵大飯店,218.0,3982,60.89,2744.0,10925609,10735589,22388639,104,3787,1992,5779,1972,552,212,90,188,0.3412355078733345,0.6587644921266655,0.6553036857587818,1670.8216,3.0,三星級,1
2026,6,桃園市,尊爵天際大飯店,250.0,5312,70.83,2630.0,13971419,2765803,16900162,79,3247,4490,7737,808,295,2,0,0,0.10443324285898928,0.8955667571410107,0.4196717073801215,1862.829,3.0,三星級,1
2026,6,桃園市,桃園喜來登酒店,189.0,2376,41.9,3327.0,7904978,10211861,19720457,148,3378,615,3993,2125,164,49,108,828,0.5321813173052843,0.4678186826947157,0.8459804658151766,1394.013,4.0,四星級,1
2026,6,桃園市,桃園國際機場凱悅酒店,476.0,8339,58.4,4110.0,34274735,24634586,64377786,271,12048,586,12634,4256,831,632,212,2768,0.3368687668196929,0.6631312331803071,0.9536172233655216,2400.24,,無星等/未評鑑,0
2026,6,桃園市,福容大飯店   桃園,182.0,4141,75.84,2119.0,8775575,5475455,14263388,66,4293,1276,5569,3951,262,267,13,113,0.7094630992996948,0.29053690070030525,0.7708744837493267,1607.0496000000003,3.0,三星級,1
2026,6,桃園市,福容徠旅 林口,149.0,3807,85.17,2656.0,10111750,0,10111750,25,6749,373,7122,3976,151,28,135,190,0.558270148834597,0.441729851165403,0.9476270710474586,2262.1152,,無星等/未評鑑,0
2026,6,澎湖縣,寶華大飯店,74.0,634,28.559999999999995,2594.0,1644800,14210,1665560,16,810,675,1485,1477,2,0,2,0,0.9946127946127946,0.005387205387205385,0.5454545454545454,740.8463999999999,,無星等/未評鑑,0
2026,6,澎湖縣,澎湖福朋喜來登酒店,331.0,7199,72.5,3683.0,26511381,21551555,52793560,191,9836,7511,17347,16897,16,9,16,154,0.974058915086182,0.02594108491381797,0.5670144693606963,2670.175,5.0,五星級,1
2026,6,花蓮縣,太魯閣晶英酒店,160.0,2213,46.1,8335.0,18446337,6866286,28868240,158,3220,2200,5420,5105,0,6,11,150,0.9418819188191881,0.058118081180811854,0.5940959409594095,3842.435,5.0,五星級,1
2026,6,花蓮縣,瑞穗天合國際觀光酒店,198.0,4125,69.44,8846.0,36490123,5767762,43662802,190,7320,3804,11124,10939,8,0,6,28,0.9833692916217188,0.016630708378281178,0.6580366774541532,6142.6624,5.0,五星級,1
2026,6,花蓮縣,美侖大飯店,299.0,5382,60.0,2742.0,14759011,8568430,25957621,176,8992,3529,12521,12173,8,42,18,69,0.9722066927561697,0.027793307243830334,0.7181535021164444,1645.2,5.0,五星級,1
2026,6,花蓮縣,遠雄悅來大飯店,381.0,6289,55.02,3887.0,24443770,19257679,49651498,297,11133,4069,15202,14973,2,14,6,83,0.984936192606236,0.015063807393764006,0.7323378502828575,2138.6274000000003,5.0,五星級,1
2026,6,苗栗縣,馥藝金鬱金香酒店,191.0,3476,60.65999999999999,2585.0,8984453,4393491,13712260,85,4768,1638,6406,5954,125,42,31,49,0.9294411489228848,0.07055885107711524,0.7443022166718701,1568.0609999999997,3.0,三星級,1
2026,6,金門縣,陸島酒店,47.0,1087,77.09,1356.0,1473841,171920,1676121,23,117,2032,2149,942,0,0,42,0,0.4383434155421126,0.5616565844578874,0.05444392740809679,1045.3404,,無星等/未評鑑,0
2026,6,高雄市,寒軒國際大飯店,311.0,7940,85.1,2172.0,17244454,14927046,32778787,216,6181,2528,8709,6038,850,232,110,362,0.6933057756344012,0.3066942243655988,0.7097255712481341,1848.3719999999998,5.0,五星級,1
2026,6,高雄市,漢來大飯店,535.0,10056,62.64999999999999,3970.0,39925771,65378853,135549180,859,12872,3755,16627,11130,1063,584,237,1195,0.6693931557105912,0.3306068442894088,0.7741625067661033,2487.205,5.0,五星級,1
2026,6,高雄市,然一酒店,147.0,2692,61.03999999999999,4927.0,13264615,10243577,29907079,203,3538,81,3619,2413,116,34,59,645,0.6667587731417519,0.3332412268582481,0.9776181265542968,3007.4407999999994,,無星等/未評鑑,0
2026,6,高雄市,福容大飯店 高雄,250.0,3476,46.35,2740.0,9522980,4489855,14014992,72,4573,2059,6632,5538,252,252,241,111,0.8350422195416164,0.1649577804583836,0.6895355850422196,1269.99,3.0,三星級,1
2026,6,高雄市,義大皇家酒店,656.0,9022,45.84,2988.0,26962132,18213242,48007536,388,10959,8840,19799,17567,74,13,81,1424,0.8872670336885702,0.11273296631142982,0.5535128036769534,1369.6992,4.0,四星級,1
2026,6,高雄市,高雄圓山大飯店,105.0,1340,42.54,3155.0,4227350,6853960,12002377,120,2787,334,3121,2690,75,57,37,74,0.861903236142262,0.13809676385773795,0.8929830182633771,1342.1370000000002,5.0,五星級,1
2026,6,高雄市,高雄福華大飯店,271.0,6293,77.4,2674.0,16828785,20400764,40872753,305,8355,1421,9776,4268,2546,215,1154,109,0.43657937806873975,0.5634206219312603,0.8546440261865794,2069.676,5.0,五星級,1
2026,6,高雄市,高雄萬豪酒店,700.0,11916,56.74,5115.0,60950175,69987947,144647196,665,17911,2246,20157,11430,599,550,597,3465,0.5670486679565412,0.4329513320434588,0.888574688693754,2902.251,5.0,五星級,1
2026,6,高雄市,麗尊大酒店,188.0,2862,50.74000000000001,2235.0,6396570,10189885,17228095,194,4516,756,5272,4193,391,51,83,53,0.7953338391502276,0.2046661608497724,0.8566009104704098,1134.0390000000002,3.0,三星級,1
